{"type": "FeatureCollection", "features": [{"type": "Feature", "geometry": {"coordinates": [[[25.319, 71.111], [25.976, 71.081], [25.533, 70.95], [25.873, 70.902], [24.901, 70.117], [25.283, 70.171], [26.655, 70.951], [26.541, 70.4], [27.304, 70.861], [27.167, 71.007], [28.581, 71.015], [27.853, 70.801], [28.244, 70.706], [27.915, 70.548], [28.148, 70.369], [28.055, 70.128], [28.217, 70.351], [28.79, 70.89], [29.363, 70.74], [30.069, 70.708], [31.001, 70.341], [29.93, 70.116], [28.504, 70.229], [29.383, 70.044], [29.528, 69.948], [30.045, 69.941], [29.494, 69.834], [29.411, 69.69], [30.27, 69.9], [31.007, 69.837], [30.795, 69.655], [30.049, 69.615], [28.787, 69.101], [28.981, 69.395], [29.156, 69.685], [27.688, 70.151], [27.119, 69.997], [26.473, 69.985], [25.677, 69.022], [24.904, 68.682], [23.955, 68.88], [22.56, 68.791], [21.212, 69.42], [21.017, 69.158], [20.563, 69.153], [20.286, 69.125], [19.947, 68.414], [18.601, 68.577], [17.615, 69.154], [17.613, 69.157], [17.983, 69.211], [18.205, 69.545], [18.732, 69.338], [18.016, 69.685], [18.652, 69.721], [19.43, 69.264], [19.019, 69.632], [19.581, 69.92], [19.187, 69.89], [18.72, 69.998], [19.129, 70.13], [19.815, 70.032], [19.671, 69.653], [19.643, 69.494], [19.757, 69.636], [20.297, 70.038], [19.964, 69.404], [20.079, 69.382], [20.595, 69.648], [20.464, 69.734], [20.739, 69.91], [21.06, 69.914], [21.343, 70.084], [21.991, 69.838], [21.867, 70.038], [22.026, 70.178], [21.524, 70.133], [21.195, 70.307], [22.299, 70.326], [22.282, 70.129], [22.661, 70.061], [22.434, 70.251], [22.462, 70.466], [23.316, 69.983], [23.511, 70.423], [23.08, 70.332], [22.825, 70.485], [23.79, 70.77], [23.776, 70.511], [24.23, 70.508], [24.242, 70.717], [24.664, 70.684], [24.315, 70.821], [24.559, 70.87], [24.572, 70.997], [25.369, 70.887], [25.319, 71.111]]], "type": "Polygon"}, "properties": {"name": "Finnmark"}}, {"type": "Feature", "geometry": {"coordinates": [[[58.78, 70.519], [60.321, 69.968], [60.314, 69.704], [60.71, 69.905], [63.672, 69.666], [64.765, 69.277], [64.77, 69.265], [63.845, 68.47], [63.49, 67.646], [61.462, 67.932], [57.743, 66.881], [55.747, 66.854], [54.557, 66.181], [53.711, 65.729], [53.196, 64.684], [52.569, 64.36], [52.538, 63.482], [50.595, 63.091], [49.531, 63.272], [48.891, 63.742], [47.93, 64.364], [47.219, 65.44], [47.173, 66.053], [46.604, 66.854], [47.593, 66.987], [47.833, 67.645], [50.147, 68.222], [52.095, 68.613], [52.229, 68.383], [52.634, 68.517], [52.383, 68.727], [54.059, 69.079], [53.752, 68.463], [53.011, 68.315], [54.763, 68.249], [55.14, 68.566], [57.091, 68.612], [58.89, 69.08], [59.234, 68.825], [58.932, 68.716], [58.915, 68.463], [59.816, 68.396], [59.72, 68.756], [60.466, 68.793], [60.731, 69.168], [60.009, 69.742], [58.77, 70.017], [58.78, 70.519]]], "type": "Polygon"}, "properties": {"name": "Nenets"}}, {"type": "Feature", "geometry": {"coordinates": [[[73.722, 70.354], [88.194, 70.368], [87.244, 68.065], [86.431, 68.185], [83.757, 67.667], [80.785, 68.411], [79.8, 68.622], [77.494, 68.963], [75.82, 69.272], [74.659, 69.164], [73.654, 69.152], [73.526, 69.66], [73.722, 70.354]]], "type": "Polygon"}, "properties": {"name": "Norilsk"}}, {"type": "Feature", "geometry": {"coordinates": [[[67.001, 70.339], [72.298, 70.351], [72.333, 69.189], [73.414, 68.611], [72.938, 68.243], [72.979, 67.907], [72.463, 67.627], [71.256, 66.861], [71.392, 66.684], [70.476, 66.5], [69.449, 66.836], [69.921, 66.628], [69.765, 66.406], [69.691, 66.434], [69.547, 66.537], [69.19, 66.802], [68.907, 66.573], [67.947, 65.958], [66.134, 66.084], [65.144, 66.361], [64.124, 66.575], [63.44, 66.891], [63.49, 67.646], [63.845, 68.47], [64.77, 69.265], [64.792, 69.276], [65.791, 69.121], [66.873, 68.85], [68.156, 68.248], [69.034, 68.995], [68.248, 69.138], [67.958, 69.59], [66.622, 69.788], [67.265, 70.121], [67.001, 70.339]]], "type": "Polygon"}, "properties": {"name": "Obdorsk"}}, {"type": "Feature", "geometry": {"coordinates": [[[88.194, 70.368], [107.884, 70.363], [107.797, 68.263], [107.987, 66.157], [107.197, 65.728], [105.917, 65.855], [102.532, 66.18], [101.94, 66.143], [100.107, 65.391], [99.337, 65.788], [98.007, 65.598], [97.173, 65.901], [95.885, 66.146], [93.791, 66.096], [92.516, 66.226], [90.943, 66.247], [89.028, 67.49], [87.244, 68.065], [88.194, 70.368]]], "type": "Polygon"}, "properties": {"name": "Western Siberia"}}, {"type": "Feature", "geometry": {"coordinates": [[[107.884, 70.363], [124.922, 70.373], [125.601, 69.842], [125.808, 69.034], [126.807, 67.081], [127.188, 65.47], [123.904, 64.647], [120.915, 64.606], [119.209, 65.213], [117.699, 65.413], [116.694, 65.92], [115.796, 66.024], [112.958, 66.277], [111, 66.322], [109.256, 65.969], [107.987, 66.157], [107.797, 68.263], [107.884, 70.363]]], "type": "Polygon"}, "properties": {"name": "Eastern Siberia"}}, {"type": "Feature", "geometry": {"coordinates": [[[124.922, 70.373], [141.494, 70.375], [141.042, 68.544], [138.337, 68.065], [136.533, 67.727], [135.205, 67.444], [133.797, 66.526], [134.035, 65.812], [131.991, 65.524], [131.073, 65.509], [130.445, 65.835], [129.247, 65.819], [127.188, 65.47], [126.807, 67.081], [125.808, 69.034], [125.601, 69.842], [124.922, 70.373]]], "type": "Polygon"}, "properties": {"name": "Koryak"}}, {"type": "Feature", "geometry": {"coordinates": [[[141.494, 70.375], [146.495, 70.369], [147.85, 69.739], [149.475, 69.461], [150.058, 68.923], [150.891, 68.509], [151.455, 67.409], [151.846, 66.333], [152.646, 65.78], [151.532, 65.3], [150.28, 65.283], [148.522, 65.606], [146.621, 66.253], [146.029, 66.826], [145.229, 67.068], [143.266, 67.989], [141.822, 68.179], [141.042, 68.544], [141.494, 70.375]]], "type": "Polygon"}, "properties": {"name": "Yarmanka"}}, {"type": "Feature", "geometry": {"coordinates": [[[146.495, 70.369], [157.25, 70.366], [157.658, 69.329], [158.102, 69.272], [157.755, 68.318], [157.946, 67.742], [156.34, 66.901], [156.313, 66.295], [155.908, 65.538], [155.813, 66.655], [154.93, 66.021], [154.405, 65.409], [153.846, 65.969], [152.646, 65.78], [151.846, 66.333], [151.455, 67.409], [150.891, 68.509], [150.058, 68.923], [149.475, 69.461], [147.85, 69.739], [146.495, 70.369]]], "type": "Polygon"}, "properties": {"name": "Podzhiversk"}}, {"type": "Feature", "geometry": {"coordinates": [[[157.25, 70.366], [163.455, 70.363], [163.242, 69.33], [163.771, 69.275], [163.521, 67.578], [162.876, 66.331], [162.097, 65.132], [160.961, 64.242], [159.498, 64.153], [158.099, 63.875], [156.046, 63.696], [155.847, 64.237], [155.421, 64.707], [154.405, 65.409], [154.93, 66.021], [155.813, 66.655], [155.908, 65.538], [156.313, 66.295], [156.34, 66.901], [157.946, 67.742], [157.755, 68.318], [158.102, 69.272], [157.658, 69.329], [157.25, 70.366]]], "type": "Polygon"}, "properties": {"name": "Nizhe-Kolymsk"}}, {"type": "Feature", "geometry": {"coordinates": [[[163.455, 70.363], [171.523, 70.357], [170.563, 69.328], [172.419, 69.282], [171.493, 68.172], [170.805, 67.408], [170.531, 66.253], [169.657, 65.398], [166.011, 63.77], [165.274, 64.02], [162.751, 64.158], [160.961, 64.242], [162.097, 65.132], [162.876, 66.331], [163.521, 67.578], [163.771, 69.275], [163.242, 69.33], [163.455, 70.363]]], "type": "Polygon"}, "properties": {"name": "Anadyrsk"}}, {"type": "Feature", "geometry": {"coordinates": [[[171.523, 70.357], [178.998, 70.354], [177.313, 69.659], [176.636, 69.88], [177.226, 69.63], [178.902, 69.396], [180, 69.167], [180, 64.986], [178.212, 64.486], [178.974, 63.444], [179.756, 62.716], [179.16, 62.297], [176.933, 62.518], [173.881, 61.638], [172.042, 60.88], [171.039, 60.553], [170.477, 59.963], [170.168, 59.944], [168.602, 60.584], [169.01, 62.266], [168.678, 62.833], [167.727, 63.299], [167.694, 63.536], [166.011, 63.77], [169.657, 65.398], [170.531, 66.253], [170.805, 67.408], [171.493, 68.172], [172.419, 69.282], [170.563, 69.328], [171.523, 70.357]]], "type": "Polygon"}, "properties": {"name": "Kagyrgyn"}}, {"type": "Feature", "geometry": {"coordinates": [[[27.119, 69.997], [27.688, 70.151], [29.156, 69.685], [28.981, 69.395], [28.787, 69.101], [28.525, 69.02], [28.66, 68.289], [29.919, 67.777], [29.65, 67.431], [29.005, 66.92], [30.111, 65.633], [29.771, 65.573], [29.606, 64.895], [29.031, 64.705], [27.454, 64.719], [27.37, 65.328], [27.037, 65.378], [26.095, 66.089], [24.631, 66.775], [24.52, 66.816], [23.926, 66.85], [23.512, 67.215], [23.707, 67.349], [23.21, 68.259], [21.927, 68.617], [20.563, 69.153], [21.017, 69.158], [21.212, 69.42], [22.56, 68.791], [23.955, 68.88], [24.904, 68.682], [25.677, 69.022], [26.473, 69.985], [27.119, 69.997]]], "type": "Polygon"}, "properties": {"name": "Lappi"}}, {"type": "Feature", "geometry": {"coordinates": [[[31.947, 70.013], [33.077, 69.8], [32.942, 69.642], [32.061, 69.72], [33.005, 69.483], [33.494, 69.525], [33.169, 69.137], [33.592, 69.374], [34.086, 69.47], [35.629, 69.285], [39.816, 68.083], [40.89, 67.733], [41.075, 66.828], [38.463, 66.022], [37.274, 66.158], [35.255, 66.433], [32.408, 67.197], [31.62, 67.65], [30.548, 67.619], [29.919, 67.777], [28.66, 68.289], [28.525, 69.02], [28.787, 69.101], [30.049, 69.615], [30.795, 69.655], [31.007, 69.837], [31.552, 69.77], [31.947, 70.013]]], "type": "Polygon"}, "properties": {"name": "Kola"}}, {"type": "Feature", "geometry": {"coordinates": [[[48.392, 69.462], [49.244, 69.556], [50.212, 69.141], [49.48, 68.924], [48.379, 68.838], [48.392, 69.462]]], "type": "Polygon"}, "properties": {"name": "Archangelsk"}}, {"type": "Feature", "geometry": {"coordinates": [[[43.208, 68.744], [44.089, 68.616], [45.574, 68.592], [46.652, 67.897], [45.562, 67.813], [44.829, 67.419], [45.829, 66.865], [46.604, 66.854], [47.173, 66.053], [47.219, 65.44], [47.93, 64.364], [48.891, 63.742], [49.531, 63.272], [50.595, 63.091], [50.225, 62.439], [48.554, 62.162], [47.527, 61.524], [46.241, 62.083], [43.422, 63.159], [43.024, 62.781], [41.855, 63.111], [41.78, 63.589], [41.327, 63.787], [41.725, 64.268], [39.473, 64.586], [40.359, 64.585], [39.96, 65.112], [39.743, 65.482], [41.157, 66.008], [42.105, 66.492], [43.313, 66.322], [43.386, 66.062], [43.698, 66.141], [43.925, 66.012], [44.335, 66.915], [43.712, 67.281], [44.071, 68.364], [43.208, 68.744]]], "type": "Polygon"}, "properties": {"name": "Archangelsk"}}, {"type": "Feature", "geometry": {"coordinates": [[[15.561, 69.142], [16.16, 69.386], [15.712, 69.071], [15.837, 68.738], [15.928, 68.651], [15.955, 68.736], [16.246, 68.956], [16.139, 68.548], [16.75, 68.708], [17.769, 68.93], [17.615, 69.154], [18.601, 68.577], [18.034, 68.614], [18.031, 68.053], [16.871, 67.998], [16.204, 67.463], [16.273, 67.087], [15.621, 66.637], [15.274, 66.206], [14.589, 66.067], [14.538, 65.594], [14.362, 65.206], [12.612, 64.938], [11.916, 65.016], [12.088, 65.071], [12.509, 65.054], [12.814, 65.21], [12.069, 65.236], [12.683, 65.867], [13.27, 65.779], [12.656, 65.999], [13.11, 66.14], [13.12, 66.444], [13.699, 66.584], [13.157, 66.602], [13.816, 66.785], [13.659, 66.896], [14.482, 67.141], [15.484, 67.125], [15.67, 67.306], [15.187, 67.266], [15.034, 67.358], [14.369, 67.248], [14.871, 67.567], [15.497, 67.454], [15.195, 67.63], [15.539, 67.841], [14.839, 67.736], [15.752, 68.017], [15.248, 68.134], [15.79, 68.118], [15.978, 68.237], [16.141, 68.039], [16.625, 68.109], [16.055, 68.396], [17.646, 68.57], [16.034, 68.507], [14.185, 68.264], [13.494, 68.108], [13.566, 68.337], [14.198, 68.343], [15.409, 68.734], [15.024, 68.674], [14.322, 68.757], [14.43, 68.849], [14.901, 68.86], [15.069, 69.045], [15.492, 68.831], [15.561, 69.142]]], "type": "Polygon"}, "properties": {"name": "Hålogaland"}}, {"type": "Feature", "geometry": {"coordinates": [[[20.286, 69.125], [20.563, 69.153], [21.927, 68.617], [23.21, 68.259], [23.707, 67.349], [23.512, 67.215], [22.279, 67.059], [21.179, 66.561], [19.98, 66.521], [19.152, 66.001], [18.124, 65.493], [17.697, 64.972], [16.86, 64.467], [15.245, 65.349], [14.538, 65.594], [14.589, 66.067], [15.274, 66.206], [15.621, 66.637], [16.273, 67.087], [16.204, 67.463], [16.871, 67.998], [18.031, 68.053], [18.034, 68.614], [18.601, 68.577], [19.947, 68.414], [20.286, 69.125]]], "type": "Polygon"}, "properties": {"name": "Lappland"}}, {"type": "Feature", "geometry": {"coordinates": [[[74.564, 68.833], [76.419, 69.044], [76.489, 68.851], [77.034, 68.55], [76.967, 67.787], [78.429, 67.579], [77.308, 67.823], [77.975, 68.345], [77.494, 68.963], [79.8, 68.622], [80.785, 68.411], [83.757, 67.667], [84.472, 65.729], [84.541, 64.934], [82.638, 65.111], [80.665, 65.278], [77.687, 65.433], [75.476, 66.321], [73.669, 66.951], [73.907, 67.405], [74.656, 67.823], [74.282, 68.469], [74.564, 68.833]]], "type": "Polygon"}, "properties": {"name": "Mangazea"}}, {"type": "Feature", "geometry": {"coordinates": [[[138.337, 68.065], [141.042, 68.544], [141.822, 68.179], [143.266, 67.989], [145.229, 67.068], [146.029, 66.826], [146.621, 66.253], [145.747, 65.824], [145.229, 65.395], [144.013, 65.194], [143.196, 64.832], [142.062, 64.658], [140.973, 64.268], [139.864, 64.818], [138.795, 65.382], [135.843, 65.778], [134.035, 65.812], [133.797, 66.526], [135.205, 67.444], [136.533, 67.727], [138.337, 68.065]]], "type": "Polygon"}, "properties": {"name": "Verkhoyansk"}}, {"type": "Feature", "geometry": {"coordinates": [[[-54.106, 68.133], [-48.1, 68.13], [-48.179, 67.196], [-49.291, 65.957], [-48.814, 65.096], [-48.945, 64.506], [-50.499, 64.213], [-52.309, 64.223], [-51.588, 64.215], [-50.301, 64.466], [-50.567, 64.85], [-51.872, 64.722], [-52.573, 64.229], [-52.707, 64.771], [-51.907, 65.033], [-52.782, 64.908], [-52.853, 65.307], [-53.293, 65.289], [-52.244, 65.737], [-51.025, 65.686], [-51.585, 65.866], [-53.126, 65.498], [-53.469, 65.674], [-53.881, 65.57], [-53.561, 65.905], [-52.379, 66.095], [-53.984, 66.048], [-52.38, 66.621], [-51.71, 66.864], [-51.293, 66.97], [-50.545, 66.996], [-51.228, 67.045], [-52.843, 66.583], [-54.147, 66.68], [-53.314, 66.706], [-53.831, 66.936], [-54.512, 66.938], [-54.69, 67.174], [-52.809, 67.323], [-52.961, 67.379], [-54.725, 67.244], [-53.634, 67.647], [-52.157, 67.642], [-50.485, 67.449], [-51.056, 67.69], [-51.557, 67.668], [-50.981, 67.906], [-51.607, 67.77], [-52.562, 67.94], [-54.106, 68.133]]], "type": "Polygon"}, "properties": {"name": "West Greenland"}}, {"type": "Feature", "geometry": {"coordinates": [[[-48.1, 68.13], [-32.521, 68.131], [-30.563, 68.099], [-30.722, 67.898], [-31.793, 67.615], [-32.615, 67.005], [-33.241, 66.684], [-33.674, 66.32], [-34.299, 66.32], [-34.62, 66.432], [-35.224, 65.925], [-35.704, 65.843], [-35.857, 65.949], [-36.315, 65.827], [-36.933, 66.023], [-36.429, 66.337], [-37.152, 66.409], [-37.197, 66.022], [-37.599, 65.95], [-37.335, 65.829], [-37.365, 65.682], [-37.973, 65.708], [-38.166, 65.606], [-38.527, 65.716], [-38.719, 65.586], [-39.009, 65.717], [-39.206, 65.573], [-39.641, 65.602], [-39.194, 65.455], [-39.72, 65.032], [-39.998, 65.112], [-40.45, 65.105], [-40.074, 64.693], [-40.347, 64.981], [-39.587, 64.444], [-41.076, 64.306], [-40.07, 64.16], [-40.004, 63.676], [-41.158, 63.86], [-40.16, 63.548], [-41.529, 63.511], [-41.166, 63.271], [-41.182, 63.213], [-41.707, 63.171], [-41.691, 63], [-41.622, 63.006], [-40.966, 62.965], [-41.652, 62.794], [-41.992, 62.637], [-42.036, 62.825], [-42.492, 62.62], [-41.84, 62.448], [-42.549, 62.42], [-41.828, 62.19], [-42.13, 61.926], [-41.806, 61.655], [-42.532, 61.737], [-42.483, 61.457], [-41.972, 61.541], [-42.713, 61.176], [-42.298, 61.091], [-42.985, 60.971], [-42.36, 60.691], [-43.142, 60.77], [-42.494, 60.534], [-42.715, 60.316], [-43.846, 60.336], [-43.447, 60.287], [-42.82, 60.156], [-42.895, 59.766], [-43.273, 59.613], [-43.883, 60.11], [-43.883, 60.126], [-43.91, 60.109], [-43.982, 59.613], [-44.861, 59.806], [-44.35, 60.338], [-44.82, 60.071], [-44.558, 60.541], [-45.08, 60.232], [-45.236, 60.407], [-45.682, 60.287], [-45.073, 61.027], [-45.935, 61.089], [-47.314, 62.118], [-48.141, 63.317], [-48.945, 64.506], [-48.814, 65.096], [-49.291, 65.957], [-48.179, 67.196], [-48.1, 68.13]]], "type": "Polygon"}, "properties": {"name": "Greenland"}}, {"type": "Feature", "geometry": {"coordinates": [[[83.757, 67.667], [86.431, 68.185], [87.244, 68.065], [89.028, 67.49], [90.943, 66.247], [90.852, 65.42], [91.051, 64.663], [91.109, 63.835], [88.983, 64.24], [87.276, 64.601], [86.044, 64.618], [84.541, 64.934], [84.472, 65.729], [83.757, 67.667]]], "type": "Polygon"}, "properties": {"name": "Baykha"}}, {"type": "Feature", "geometry": {"coordinates": [[[57.743, 66.881], [61.462, 67.932], [63.49, 67.646], [63.44, 66.891], [62.191, 66.119], [60.928, 64.938], [58.759, 63.873], [56.787, 63.669], [55.125, 63.648], [53.832, 63.37], [52.538, 63.482], [52.569, 64.36], [53.196, 64.684], [53.711, 65.729], [54.557, 66.181], [55.747, 66.854], [57.743, 66.881]]], "type": "Polygon"}, "properties": {"name": "Komi"}}, {"type": "Feature", "geometry": {"coordinates": [[[29.919, 67.777], [30.548, 67.619], [31.62, 67.65], [32.408, 67.197], [32.094, 67.208], [32.909, 66.668], [32.898, 66.517], [33.544, 66.417], [33.33, 66.307], [34.721, 65.846], [34.63, 65.453], [34.299, 65.33], [34.843, 64.596], [35.301, 64.288], [34.76, 63.719], [32.821, 63.122], [32.668, 63.056], [32.303, 62.9], [31.584, 62.996], [30.066, 63.729], [30.445, 64.238], [30.059, 64.453], [30.032, 64.718], [29.606, 64.895], [29.771, 65.573], [30.111, 65.633], [29.005, 66.92], [29.65, 67.431], [29.919, 67.777]]], "type": "Polygon"}, "properties": {"name": "Karelia"}}, {"type": "Feature", "geometry": {"coordinates": [[[22.279, 67.059], [23.512, 67.215], [23.926, 66.85], [24.52, 66.816], [24.631, 66.775], [24.05, 66.832], [23.646, 66.298], [24.17, 65.737], [23.008, 65.693], [22.697, 65.814], [22.241, 65.762], [22.272, 65.524], [21.936, 65.571], [21.954, 65.373], [21.295, 65.321], [21.472, 65.101], [21.171, 64.84], [21.448, 64.461], [20.726, 63.955], [19.888, 63.651], [18.574, 63.183], [17.539, 63.859], [17.004, 63.715], [16.86, 64.467], [17.697, 64.972], [18.124, 65.493], [19.152, 66.001], [19.98, 66.521], [21.179, 66.561], [22.279, 67.059]]], "type": "Polygon"}, "properties": {"name": "Västerbotten"}}, {"type": "Feature", "geometry": {"coordinates": [[[72.72, 66.683], [73.669, 66.951], [75.476, 66.321], [77.687, 65.433], [80.665, 65.278], [82.638, 65.111], [82.954, 64.022], [82.724, 63.103], [83.206, 62.593], [83.353, 61.874], [83.05, 61.681], [81.819, 61.952], [80.686, 62.151], [78.932, 62.843], [77.607, 62.885], [76.575, 63.021], [75.472, 63.821], [74.468, 64.982], [73.449, 65.491], [72.72, 66.683]]], "type": "Polygon"}, "properties": {"name": "Koda"}}, {"type": "Feature", "geometry": {"coordinates": [[[62.191, 66.119], [63.44, 66.891], [64.124, 66.575], [65.144, 66.361], [66.134, 66.084], [67.947, 65.958], [68.907, 66.573], [69.578, 66.463], [69.547, 66.537], [69.691, 66.434], [69.765, 66.406], [70.473, 66.352], [70.075, 66.185], [68.83, 64.416], [69.032, 63.389], [67.414, 62.843], [66.399, 62.335], [65.397, 62.287], [64.961, 62.642], [63.466, 64.308], [60.928, 64.938], [62.191, 66.119]]], "type": "Polygon"}, "properties": {"name": "Berezov"}}, {"type": "Feature", "geometry": {"coordinates": [[[23.646, 66.298], [24.05, 66.832], [24.631, 66.775], [26.095, 66.089], [27.037, 65.378], [27.352, 65.308], [27.123, 64.563], [26.788, 64.306], [26.27, 63.983], [25.152, 63.881], [24.86, 63.639], [23.634, 62.847], [22.435, 62.64], [21.187, 62.462], [21.625, 63.26], [22.276, 63.308], [22.259, 63.537], [24.47, 64.726], [25.241, 64.902], [25.18, 65.48], [24.17, 65.737], [23.646, 66.298]]], "type": "Polygon"}, "properties": {"name": "Österbotten"}}, {"type": "Feature", "geometry": {"coordinates": [[[72.03, 66.247], [72.72, 66.683], [73.449, 65.491], [74.468, 64.982], [75.472, 63.821], [76.575, 63.021], [75.693, 61.609], [74.666, 60.965], [74.601, 60.288], [74.058, 60.242], [72.851, 60.521], [71.417, 61.034], [70.975, 62.13], [70.46, 62.638], [69.481, 63.031], [69.032, 63.389], [68.83, 64.416], [70.075, 66.185], [70.473, 66.352], [71.44, 66.288], [72.03, 66.247]]], "type": "Polygon"}, "properties": {"name": "Surgut"}}, {"type": "Feature", "geometry": {"coordinates": [[[-16.435, 66.663], [-15.46, 66.303], [-15.028, 66.385], [-14.966, 66.163], [-14.543, 66.136], [-14.753, 65.861], [-14.377, 65.874], [-14.476, 65.668], [-13.642, 65.671], [-13.51, 65.016], [-13.953, 65.132], [-13.998, 64.711], [-14.4, 64.782], [-14.869, 64.275], [-15.31, 64.287], [-17.79, 63.621], [-18.728, 63.27], [-18.73, 63.799], [-19.276, 64.234], [-18.491, 64.725], [-19.483, 65.812], [-19.349, 66.177], [-18.627, 66.278], [-18.03, 65.847], [-18.278, 66.29], [-17.908, 66.279], [-17.457, 66.072], [-17.139, 66.322], [-16.647, 66.206], [-16.435, 66.663]]], "type": "Polygon"}, "properties": {"name": "Akureyri"}}, {"type": "Feature", "geometry": {"coordinates": [[[-22.814, 66.341], [-22.208, 66.433], [-21.258, 65.85], [-21.796, 65.852], [-21.312, 65.688], [-21.074, 65.355], [-20.724, 65.743], [-20.378, 65.546], [-20.101, 66.246], [-19.483, 65.812], [-18.491, 64.725], [-19.276, 64.234], [-18.73, 63.799], [-18.728, 63.27], [-20.015, 63.468], [-21.123, 63.849], [-22.651, 63.79], [-22.661, 63.988], [-21.683, 64.255], [-21.982, 64.308], [-21.735, 64.616], [-22.215, 64.484], [-22.239, 64.834], [-23.772, 64.796], [-23.78, 64.936], [-21.711, 65.099], [-21.628, 65.227], [-22.534, 65.21], [-21.733, 65.564], [-22.927, 65.653], [-24.332, 65.586], [-24.305, 65.708], [-23.669, 65.616], [-24, 65.862], [-23.309, 65.716], [-23.739, 65.957], [-23.473, 65.967], [-23.722, 66.15], [-23.279, 66.099], [-23.236, 66.287], [-22.536, 66.096], [-22.65, 65.899], [-22.229, 65.919], [-22.814, 66.341]]], "type": "Polygon"}, "properties": {"name": "Reykjavik"}}, {"type": "Feature", "geometry": {"coordinates": [[[109.256, 65.969], [111, 66.322], [112.958, 66.277], [115.796, 66.024], [116.694, 65.92], [117.699, 65.413], [119.209, 65.213], [120.915, 64.606], [119.195, 63.862], [117.531, 63.666], [116.171, 62.933], [115.086, 62.799], [114.514, 62.212], [111.658, 62.642], [108.912, 63.169], [109.286, 64.241], [109.658, 65.056], [109.256, 65.969]]], "type": "Polygon"}, "properties": {"name": "Seganka"}}, {"type": "Feature", "geometry": {"coordinates": [[[90.943, 66.247], [92.516, 66.226], [93.791, 66.096], [95.885, 66.146], [97.173, 65.901], [98.007, 65.598], [98.26, 65.303], [99.541, 65.012], [100.902, 64.566], [101.812, 63.903], [102.502, 63.964], [102.738, 63.386], [103.552, 62.861], [100.742, 61.932], [98.603, 62.678], [94.737, 63.1], [93.239, 63.284], [92.594, 62.895], [91.109, 63.835], [91.051, 64.663], [90.852, 65.42], [90.943, 66.247]]], "type": "Polygon"}, "properties": {"name": "Uchamin"}}, {"type": "Feature", "geometry": {"coordinates": [[[146.621, 66.253], [148.522, 65.606], [150.28, 65.283], [151.532, 65.3], [150.909, 64.532], [149.797, 63.773], [147.779, 62.944], [146.295, 62.387], [145.087, 61.979], [144.141, 61.734], [144.054, 61.724], [142.201, 62.539], [140.973, 64.268], [142.062, 64.658], [143.196, 64.832], [144.013, 65.194], [145.229, 65.395], [145.747, 65.824], [146.621, 66.253]]], "type": "Polygon"}, "properties": {"name": "Suntar Khayat"}}, {"type": "Feature", "geometry": {"coordinates": [[[101.94, 66.143], [102.532, 66.18], [105.917, 65.855], [107.197, 65.728], [107.987, 66.157], [109.256, 65.969], [109.658, 65.056], [109.286, 64.241], [108.912, 63.169], [108.064, 63.003], [107.187, 63.126], [105.878, 62.895], [105.073, 63.046], [103.552, 62.861], [102.738, 63.386], [102.502, 63.964], [101.812, 63.903], [100.902, 64.566], [99.541, 65.012], [98.26, 65.303], [98.007, 65.598], [99.337, 65.788], [100.107, 65.391], [101.94, 66.143]]], "type": "Polygon"}, "properties": {"name": "Chuna"}}, {"type": "Feature", "geometry": {"coordinates": [[[152.646, 65.78], [153.846, 65.969], [154.405, 65.409], [155.421, 64.707], [155.847, 64.237], [156.046, 63.696], [158.099, 63.875], [158.575, 63.057], [159.497, 62.244], [159.375, 61.839], [157.342, 61.512], [155.992, 60.654], [155.604, 60.677], [154.429, 59.716], [152.589, 60.152], [152.587, 61.069], [151.201, 62.851], [149.797, 63.773], [150.909, 64.532], [151.532, 65.3], [152.646, 65.78]]], "type": "Polygon"}, "properties": {"name": "Gizhiga"}}, {"type": "Feature", "geometry": {"coordinates": [[[129.247, 65.819], [130.445, 65.835], [131.073, 65.509], [131.991, 65.524], [132.472, 64.848], [133.295, 64.355], [133.862, 63.679], [134.972, 63.367], [135.974, 62.666], [136.694, 62.214], [135.349, 61.925], [134.168, 61.71], [133.129, 61.493], [132.157, 61.535], [130.217, 61.323], [128.98, 62.307], [126.251, 63.373], [125.073, 64.036], [123.904, 64.647], [127.188, 65.47], [129.247, 65.819]]], "type": "Polygon"}, "properties": {"name": "Kharya"}}, {"type": "Feature", "geometry": {"coordinates": [[[131.991, 65.524], [134.035, 65.812], [135.843, 65.778], [138.795, 65.382], [139.864, 64.818], [140.973, 64.268], [142.201, 62.539], [139.971, 62.766], [138.664, 62.18], [136.694, 62.214], [135.974, 62.666], [134.972, 63.367], [133.862, 63.679], [133.295, 64.355], [132.472, 64.848], [131.991, 65.524]]], "type": "Polygon"}, "properties": {"name": "Kamnuskoye"}}, {"type": "Feature", "geometry": {"coordinates": [[[14.362, 65.206], [14.538, 65.594], [15.245, 65.349], [16.86, 64.467], [17.004, 63.715], [16.086, 63.295], [15.972, 62.618], [15.717, 62.557], [14.837, 62.638], [14.105, 63.199], [13.391, 63.2], [12.159, 62.812], [11.942, 63.334], [12.973, 64.083], [14.057, 64.119], [13.759, 64.625], [14.362, 65.206]]], "type": "Polygon"}, "properties": {"name": "Jämtland"}}, {"type": "Feature", "geometry": {"coordinates": [[[27.037, 65.378], [27.37, 65.328], [27.454, 64.719], [29.031, 64.705], [29.606, 64.895], [30.032, 64.718], [30.059, 64.453], [30.445, 64.238], [30.066, 63.729], [31.584, 62.996], [30.221, 62.056], [30.114, 62.173], [29.902, 62.113], [29.308, 61.855], [28.989, 61.999], [27.83, 61.798], [27.695, 61.68], [27.208, 61.625], [26.998, 61.605], [26.925, 62.582], [25.996, 63.169], [25.918, 62.854], [26.27, 63.983], [26.788, 64.306], [27.217, 64.126], [27.925, 64.367], [27.358, 64.393], [27.123, 64.563], [27.352, 65.308], [27.037, 65.378]]], "type": "Polygon"}, "properties": {"name": "Savolax"}}, {"type": "Feature", "geometry": {"coordinates": [[[29.372, 61.861], [29.899, 61.993], [30.057, 61.894], [29.374, 61.471], [28.783, 61.184], [28.689, 61.293], [28.298, 61.785], [29.318, 61.638], [29.372, 61.861]]], "type": "Polygon"}, "properties": {"name": "Savolax"}}, {"type": "Feature", "geometry": {"coordinates": [[[12.612, 64.938], [14.362, 65.206], [13.759, 64.625], [14.057, 64.119], [12.973, 64.083], [11.942, 63.334], [11.263, 62.95], [11.161, 63.225], [10.333, 63.2], [9.346, 62.48], [8.748, 63.14], [8.716, 63.385], [8.665, 63.479], [8.291, 63.524], [8.553, 63.617], [8.453, 63.733], [8.566, 63.786], [9.094, 63.65], [8.841, 63.502], [9.32, 63.366], [9.232, 63.559], [9.612, 63.611], [10.31, 63.476], [10.691, 63.447], [11.325, 63.808], [11.439, 64.126], [10.893, 63.963], [10.591, 63.89], [10.974, 63.881], [9.838, 63.549], [9.965, 63.773], [9.543, 63.759], [10.085, 64.051], [11.068, 64.581], [11.5, 64.528], [11.547, 64.888], [11.916, 65.016], [12.612, 64.938]]], "type": "Polygon"}, "properties": {"name": "Trøndelag"}}, {"type": "Feature", "geometry": {"coordinates": [[[36.972, 65.191], [38.154, 64.773], [38.134, 64.764], [38.172, 64.763], [39.473, 64.586], [41.725, 64.268], [41.327, 63.787], [41.78, 63.589], [41.855, 63.111], [43.024, 62.781], [41.972, 61.841], [40.44, 62.728], [38.302, 62.667], [36.857, 62.949], [35.962, 62.959], [34.76, 63.719], [35.301, 64.288], [35.613, 64.423], [36.707, 63.956], [37.747, 63.93], [37.861, 64.391], [37.184, 64.411], [36.416, 64.84], [36.972, 65.191]]], "type": "Polygon"}, "properties": {"name": "Kholmogory"}}, {"type": "Feature", "geometry": {"coordinates": [[[82.638, 65.111], [84.541, 64.934], [86.044, 64.618], [87.276, 64.601], [88.983, 64.24], [91.109, 63.835], [92.594, 62.895], [91.795, 62.525], [91.201, 61.95], [90.593, 61.51], [90.707, 61.099], [90.991, 60.459], [89.687, 60.511], [87.677, 61.359], [86.732, 60.928], [86.87, 61.756], [85.428, 61.704], [84.874, 61.962], [83.353, 61.874], [83.206, 62.593], [82.724, 63.103], [82.954, 64.022], [82.638, 65.111]]], "type": "Polygon"}, "properties": {"name": "Narym"}}, {"type": "Feature", "geometry": {"coordinates": [[[58.759, 63.873], [60.928, 64.938], [63.466, 64.308], [64.961, 62.642], [63.84, 62.208], [62.335, 61.997], [61.917, 61.459], [61.086, 61.171], [60.04, 60.412], [58.341, 60], [58.385, 60.831], [58.22, 62.982], [58.759, 63.873]]], "type": "Polygon"}, "properties": {"name": "North Urals"}}, {"type": "Feature", "geometry": {"coordinates": [[[120.915, 64.606], [123.904, 64.647], [125.073, 64.036], [126.251, 63.373], [128.98, 62.307], [130.217, 61.323], [126.512, 61.128], [125.368, 60.895], [122.767, 60.595], [121.991, 60.923], [119.856, 61.385], [118.76, 62.003], [116.741, 61.773], [116.03, 61.857], [114.514, 62.212], [115.086, 62.799], [116.171, 62.933], [117.531, 63.666], [119.195, 63.862], [120.915, 64.606]]], "type": "Polygon"}, "properties": {"name": "Yakutsk"}}, {"type": "Feature", "geometry": {"coordinates": [[[-50.499, 64.213], [-48.945, 64.506], [-48.141, 63.317], [-47.314, 62.118], [-49.24, 61.613], [-49.442, 61.58], [-49.398, 62.147], [-49.608, 61.722], [-49.995, 61.928], [-49.785, 62.128], [-50.737, 62.463], [-50.42, 62.781], [-50.768, 62.738], [-50.286, 63.029], [-51.144, 62.985], [-50.736, 63.206], [-51.629, 63.187], [-50.702, 63.406], [-51.652, 63.37], [-52.095, 63.753], [-50.499, 64.213]]], "type": "Polygon"}, "properties": {"name": "Vestbygden"}}, {"type": "Feature", "geometry": {"coordinates": [[[160.961, 64.242], [162.751, 64.158], [165.274, 64.02], [166.011, 63.77], [167.694, 63.536], [167.727, 63.299], [168.678, 62.833], [169.01, 62.266], [168.602, 60.584], [166.077, 59.813], [166.267, 60.405], [165.24, 59.769], [164.351, 59.998], [163.77, 59.742], [162.405, 58.525], [161.317, 58.391], [161.053, 58.782], [159.687, 58.853], [161.647, 60.164], [163.555, 61.087], [164.154, 62.595], [163.046, 62.037], [163.404, 61.95], [163.479, 61.543], [162.548, 61.447], [160.534, 60.634], [160.003, 60.722], [159.375, 61.839], [159.497, 62.244], [158.575, 63.057], [158.099, 63.875], [159.498, 64.153], [160.961, 64.242]]], "type": "Polygon"}, "properties": {"name": "Penchisky"}}, {"type": "Feature", "geometry": {"coordinates": [[[25.152, 63.881], [26.27, 63.983], [25.918, 62.854], [25.883, 62.615], [26.404, 62.833], [26.545, 62.535], [26.925, 62.582], [26.998, 61.605], [25.763, 61.386], [25.608, 61.403], [25.973, 62.262], [25.309, 61.683], [25.207, 61.339], [24.451, 61.197], [23.706, 61.498], [24.41, 62.157], [23.746, 62.354], [23.634, 62.847], [24.86, 63.639], [25.152, 63.881]]], "type": "Polygon"}, "properties": {"name": "Tavastland"}}, {"type": "Feature", "geometry": {"coordinates": [[[17.004, 63.715], [17.539, 63.859], [18.574, 63.183], [18.437, 63.13], [17.85, 62.57], [17.404, 62.552], [17.276, 61.802], [17.292, 60.692], [16.569, 60.791], [16.109, 61.556], [15.717, 62.557], [15.972, 62.618], [16.086, 63.295], [17.004, 63.715]]], "type": "Polygon"}, "properties": {"name": "Hälsingland"}}, {"type": "Feature", "geometry": {"coordinates": [[[56.787, 63.669], [58.759, 63.873], [58.22, 62.982], [58.385, 60.831], [55.938, 60.343], [55.753, 60.478], [54.965, 60.295], [53.881, 60.341], [53.102, 60.068], [52.15, 60.383], [50.592, 60.164], [49.469, 60.326], [48.604, 60.257], [47.836, 60.472], [47.527, 61.524], [48.554, 62.162], [50.225, 62.439], [50.595, 63.091], [52.538, 63.482], [53.832, 63.37], [55.125, 63.648], [56.787, 63.669]]], "type": "Polygon"}, "properties": {"name": "Ust-Sysolsk"}}, {"type": "Feature", "geometry": {"coordinates": [[[147.779, 62.944], [149.797, 63.773], [151.201, 62.851], [152.587, 61.069], [152.589, 60.152], [154.429, 59.716], [154.288, 59.394], [155.372, 59.419], [155.407, 59.26], [154.147, 59.106], [153.564, 59.219], [152.775, 58.917], [152.353, 59.005], [151.018, 59.045], [152.249, 59.137], [150.788, 59.467], [149.128, 59.643], [148.785, 59.36], [148.296, 59.456], [146.467, 59.525], [146.196, 59.182], [145.922, 59.203], [145.884, 59.45], [145.243, 59.434], [145.418, 60.851], [144.054, 61.724], [144.141, 61.734], [145.087, 61.979], [146.295, 62.387], [147.779, 62.944]]], "type": "Polygon"}, "properties": {"name": "Tauisk"}}, {"type": "Feature", "geometry": {"coordinates": [[[32.821, 63.122], [34.76, 63.719], [35.962, 62.959], [35.671, 62.576], [34.436, 62.806], [35.417, 62.437], [35.149, 61.888], [34.634, 62.352], [34.463, 62.528], [34.568, 62.319], [34.353, 62.029], [34.537, 61.689], [35.34, 61.4], [35.564, 61.006], [36.215, 61.192], [36.312, 60.736], [35.162, 60.313], [34.826, 60.288], [34.496, 60.593], [33.841, 60.499], [33.334, 60.09], [32.871, 60.64], [31.826, 61.268], [32.116, 61.872], [32.567, 62.21], [32.303, 62.9], [32.668, 63.056], [33.714, 62.894], [33.506, 63.041], [32.821, 63.122]]], "type": "Polygon"}, "properties": {"name": "Olonets"}}, {"type": "Feature", "geometry": {"coordinates": [[[-167.838, 63.427], [-158.695, 63.456], [-140.822, 63.439], [-140.842, 61.464], [-143.156, 62.003], [-147.266, 61.684], [-148.942, 62.237], [-151.917, 61.534], [-152.638, 61.204], [-153.596, 60.783], [-154.192, 60.253], [-155.788, 59.419], [-156.683, 59.057], [-158.085, 58.652], [-158.386, 59.051], [-157.967, 59.062], [-158.313, 59.145], [-158.607, 58.428], [-159.837, 59.145], [-159.566, 58.645], [-160.384, 58.95], [-161.09, 58.938], [-161.09, 58.581], [-161.349, 58.656], [-161.745, 58.531], [-162.274, 59.465], [-164, 59.053], [-165.45, 59.717], [-164.447, 60.035], [-164.422, 59.806], [-164.067, 60.011], [-163.777, 59.881], [-163.531, 59.97], [-163.778, 60.098], [-163.657, 60.29], [-164.24, 60.107], [-165.213, 60.127], [-165.357, 60.316], [-165.624, 60.186], [-166.119, 60.61], [-166.419, 60.714], [-165.179, 61.993], [-164.468, 61.826], [-163.986, 62.322], [-162.869, 62.318], [-163.317, 62.794], [-162.55, 63.096], [-162.936, 63.328], [-164.376, 62.717], [-166.043, 62.857], [-167.518, 62.948], [-167.838, 63.427]]], "type": "Polygon"}, "properties": {"name": "Alaska"}}, {"type": "Feature", "geometry": {"coordinates": [[[-140.822, 63.439], [-134.538, 63.438], [-134.401, 62.848], [-133.993, 62.205], [-133.612, 61.516], [-131.715, 60.59], [-130.695, 59.478], [-129.641, 58.656], [-131.467, 58.051], [-132.5, 57.643], [-134.39, 59.185], [-135.286, 59.883], [-136.845, 59.155], [-136.971, 59.103], [-137.156, 59.022], [-139.024, 60.366], [-140.874, 60.345], [-140.842, 61.464], [-140.822, 63.439]]], "type": "Polygon"}, "properties": {"name": "Yukon"}}, {"type": "Feature", "geometry": {"coordinates": [[[-134.538, 63.438], [-111.84, 63.452], [-102.437, 63.438], [-102.06, 62.209], [-101.812, 61.538], [-102.129, 60.582], [-102.35, 60.213], [-101.723, 59.956], [-101.99, 58.525], [-102.852, 57.681], [-102.477, 57.056], [-103.308, 56.972], [-102.793, 57.214], [-103.502, 57.094], [-105.765, 57.516], [-105.821, 57.834], [-106.988, 57.526], [-108.502, 57.969], [-110.141, 58.786], [-109.802, 59.145], [-107.9, 59.321], [-106.92, 59.659], [-108.22, 59.625], [-109.139, 59.811], [-110.347, 59.2], [-113.936, 59.029], [-115.643, 58.792], [-117.644, 58.437], [-119.953, 57.978], [-122.403, 58.277], [-124.487, 57.739], [-129.641, 58.656], [-130.695, 59.478], [-131.715, 60.59], [-133.612, 61.516], [-133.993, 62.205], [-134.401, 62.848], [-134.538, 63.438]]], "type": "Polygon"}, "properties": {"name": "Northwest Territories"}}, {"type": "Feature", "geometry": {"coordinates": [[[-102.437, 63.438], [-91.24, 63.429], [-90.624, 63.041], [-92.415, 62.816], [-91.922, 62.614], [-92.662, 62.531], [-92.571, 62.286], [-93.493, 61.948], [-93.871, 61.54], [-94.52, 60.668], [-94.761, 60.105], [-98.196, 58.675], [-101.431, 58.278], [-101.99, 58.525], [-101.723, 59.956], [-101.61, 59.886], [-101.599, 60.47], [-101.445, 60.667], [-102.129, 60.582], [-101.812, 61.538], [-102.06, 62.209], [-102.437, 63.438]]], "type": "Polygon"}, "properties": {"name": "Nunavut"}}, {"type": "Feature", "geometry": {"coordinates": [[[-71.777, 63.356], [-68.925, 63.427], [-67.977, 63.1], [-66.368, 62.407], [-66.033, 61.926], [-67.454, 62.176], [-69.542, 62.808], [-71.138, 63.011], [-71.777, 63.356]]], "type": "Polygon"}, "properties": {"name": "Baffin Island"}}, {"type": "Feature", "geometry": {"coordinates": [[[-67.464, 63.422], [-64.333, 63.426], [-64.552, 63.291], [-65.068, 63.25], [-64.705, 62.868], [-65.204, 62.929], [-64.957, 62.573], [-66.673, 63.059], [-66.721, 63.192], [-67.464, 63.422]]], "type": "Polygon"}, "properties": {"name": "Baffin Island"}}, {"type": "Feature", "geometry": {"coordinates": [[[67.414, 62.843], [69.032, 63.389], [69.481, 63.031], [70.46, 62.638], [70.975, 62.13], [71.417, 61.034], [72.851, 60.521], [71.568, 60.201], [70.642, 59.383], [70.349, 58.684], [69.539, 58.645], [69.268, 58.172], [68.047, 58.622], [66.959, 58.67], [65.428, 58.929], [64.985, 58.788], [65.277, 59.738], [65.397, 62.287], [66.399, 62.335], [67.414, 62.843]]], "type": "Polygon"}, "properties": {"name": "Sibir"}}, {"type": "Feature", "geometry": {"coordinates": [[[8.28, 63.308], [8.748, 63.14], [9.346, 62.48], [9.242, 61.661], [8.615, 61.311], [6.744, 61.296], [6.38, 61.194], [6.366, 61.202], [5.921, 61.203], [5.807, 61.182], [4.977, 61.269], [5.577, 61.531], [4.973, 61.765], [5.456, 61.921], [6.102, 61.886], [5.236, 62.013], [5.618, 62.35], [5.797, 62.356], [6.572, 62.525], [6.795, 62.447], [6.833, 62.507], [6.575, 62.696], [7.759, 62.781], [7.057, 62.826], [6.967, 62.983], [7.568, 63.143], [8.515, 62.751], [8.28, 63.308]]], "type": "Polygon"}, "properties": {"name": "Sogn"}}, {"type": "Feature", "geometry": {"coordinates": [[[11.263, 62.95], [11.942, 63.334], [12.159, 62.812], [12.917, 61.435], [12.255, 61.025], [12.571, 60.385], [11.297, 60.552], [11.164, 61.254], [9.242, 61.661], [9.346, 62.48], [10.333, 63.2], [11.161, 63.225], [11.263, 62.95]]], "type": "Polygon"}, "properties": {"name": "Eidsiva"}}, {"type": "Feature", "geometry": {"coordinates": [[[93.239, 63.284], [94.737, 63.1], [98.603, 62.678], [100.742, 61.932], [100.226, 61.147], [100.164, 60.381], [99.584, 59.814], [99.679, 59.246], [98.009, 59.445], [96.779, 59.902], [95.735, 60.16], [94.57, 60.549], [93.476, 60.684], [91.836, 59.812], [90.991, 60.459], [90.707, 61.099], [90.593, 61.51], [91.201, 61.95], [91.795, 62.525], [92.594, 62.895], [93.239, 63.284]]], "type": "Polygon"}, "properties": {"name": "Yeniseysk"}}, {"type": "Feature", "geometry": {"coordinates": [[[13.391, 63.2], [14.105, 63.199], [14.837, 62.638], [15.717, 62.557], [16.109, 61.556], [14.332, 60.72], [13.226, 61.61], [12.917, 61.435], [12.159, 62.812], [13.391, 63.2]]], "type": "Polygon"}, "properties": {"name": "Dalaskogen"}}, {"type": "Feature", "geometry": {"coordinates": [[[43.422, 63.159], [46.241, 62.083], [47.527, 61.524], [47.836, 60.472], [47.278, 59.826], [45.502, 59.541], [44.539, 59.799], [42.18, 59.429], [41.492, 60.198], [40.811, 60.633], [40.684, 61.302], [41.972, 61.841], [43.024, 62.781], [43.422, 63.159]]], "type": "Polygon"}, "properties": {"name": "Ustyug"}}, {"type": "Feature", "geometry": {"coordinates": [[[108.064, 63.003], [108.912, 63.169], [111.658, 62.642], [114.514, 62.212], [116.03, 61.857], [116.007, 60.999], [115.928, 59.951], [115.221, 58.145], [113.54, 58.512], [112.409, 58.953], [111.253, 58.373], [109.671, 58.588], [109.411, 58.148], [108.294, 57.762], [107.526, 58.063], [107.742, 58.999], [107.608, 60.166], [108.323, 61.404], [107.877, 62.258], [108.064, 63.003]]], "type": "Polygon"}, "properties": {"name": "Ilimsk"}}, {"type": "Feature", "geometry": {"coordinates": [[[105.878, 62.895], [107.187, 63.126], [108.064, 63.003], [107.877, 62.258], [108.323, 61.404], [107.608, 60.166], [107.742, 58.999], [104.996, 59.19], [103.826, 59.073], [101.952, 58.232], [100.704, 59.381], [99.679, 59.246], [99.584, 59.814], [100.164, 60.381], [100.226, 61.147], [100.742, 61.932], [103.552, 62.861], [105.073, 63.046], [105.878, 62.895]]], "type": "Polygon"}, "properties": {"name": "Bratsk"}}, {"type": "Feature", "geometry": {"coordinates": [[[76.575, 63.021], [77.607, 62.885], [78.932, 62.843], [80.686, 62.151], [81.819, 61.952], [83.05, 61.681], [82.729, 61.014], [80.696, 60.278], [80.488, 59.753], [79.612, 59.05], [78.177, 58.579], [76.794, 58.917], [76.282, 59.606], [75.199, 59.902], [74.601, 60.288], [74.666, 60.965], [75.693, 61.609], [76.575, 63.021]]], "type": "Polygon"}, "properties": {"name": "Agan"}}, {"type": "Feature", "geometry": {"coordinates": [[[-83.366, 62.865], [-81.917, 62.982], [-81.887, 62.777], [-82.916, 62.244], [-83.607, 62.231], [-83.834, 62.446], [-83.366, 62.865]]], "type": "Polygon"}, "properties": {"name": "Nunavik"}}, {"type": "Feature", "geometry": {"coordinates": [[[-78.096, 62.338], [-76.808, 62.49], [-74.587, 62.25], [-73.655, 62.448], [-72.67, 62.103], [-72.539, 61.975], [-71.65, 61.652], [-71.774, 61.475], [-71.546, 61.238], [-71.939, 60.657], [-71.564, 59.518], [-71.805, 58.865], [-73.733, 58.359], [-74.588, 56.783], [-74.944, 56.611], [-74.906, 56.421], [-76.561, 55.097], [-77.261, 55.51], [-78.483, 58.703], [-77.785, 59.387], [-77.301, 59.861], [-77.737, 60.66], [-77.559, 60.868], [-78.101, 60.879], [-77.546, 61.649], [-78.096, 62.338]]], "type": "Polygon"}, "properties": {"name": "Nunavik"}}, {"type": "Feature", "geometry": {"coordinates": [[[-80.292, 61.9], [-79.43, 62.37], [-79.708, 61.647], [-80.292, 61.9]]], "type": "Polygon"}, "properties": {"name": "Nunavik"}}, {"type": "Feature", "geometry": {"coordinates": [[[31.584, 62.996], [32.303, 62.9], [32.567, 62.21], [32.116, 61.872], [31.826, 61.268], [30.732, 61.684], [29.904, 61.134], [30.477, 60.649], [30.141, 60.608], [29.374, 61.471], [30.057, 61.894], [30.221, 62.056], [31.584, 62.996]]], "type": "Polygon"}, "properties": {"name": "Kexholm"}}, {"type": "Feature", "geometry": {"coordinates": [[[35.962, 62.959], [36.857, 62.949], [38.302, 62.667], [40.44, 62.728], [41.972, 61.841], [40.684, 61.302], [38.121, 60.242], [36.312, 60.736], [36.215, 61.192], [36.322, 61.455], [35.572, 62.06], [35.671, 62.576], [35.962, 62.959]]], "type": "Polygon"}, "properties": {"name": "Kargopol"}}, {"type": "Feature", "geometry": {"coordinates": [[[22.435, 62.64], [23.634, 62.847], [23.746, 62.354], [23.893, 62.073], [23.432, 61.471], [24.293, 61.121], [23.44, 60.539], [22.863, 60.196], [22.482, 60.016], [22.452, 60.441], [21.378, 60.685], [21.446, 61.845], [21.187, 62.462], [22.435, 62.64]]], "type": "Polygon"}, "properties": {"name": "Finland"}}, {"type": "Feature", "geometry": {"coordinates": [[[139.971, 62.766], [142.201, 62.539], [144.054, 61.724], [145.418, 60.851], [145.243, 59.434], [142.558, 59.256], [141.773, 58.788], [140.768, 58.284], [140.259, 57.731], [139.385, 57.269], [137.41, 58.815], [136.419, 59.831], [136.045, 61.133], [135.349, 61.925], [136.694, 62.214], [138.664, 62.18], [139.971, 62.766]]], "type": "Polygon"}, "properties": {"name": "Okhotsk"}}, {"type": "Feature", "geometry": {"coordinates": [[[-166.783, 53.922], [-166.078, 53.935], [-165.879, 53.722], [-167.007, 53.325], [-166.783, 53.922]]], "type": "Polygon"}, "properties": {"name": "Okhotsk"}}, {"type": "Feature", "geometry": {"coordinates": [[[63.84, 62.208], [64.961, 62.642], [65.397, 62.287], [65.277, 59.738], [64.985, 58.788], [63.922, 57.26], [63.445, 57.692], [62.457, 58.059], [61.611, 58.881], [60.727, 59.371], [60.04, 60.412], [61.086, 61.171], [61.917, 61.459], [62.335, 61.997], [63.84, 62.208]]], "type": "Polygon"}, "properties": {"name": "Ostyaki"}}, {"type": "Feature", "geometry": {"coordinates": [[[-7.447, 62.138], [-6.847, 62.481], [-6.542, 62.004], [-7.447, 62.138]]], "type": "Polygon"}, "properties": {"name": "Färöarnax"}}, {"type": "Feature", "geometry": {"coordinates": [[[-151.917, 61.534], [-148.942, 62.237], [-147.266, 61.684], [-147.616, 61.204], [-148.172, 61.11], [-148.164, 60.955], [-148.588, 60.762], [-147.918, 60.791], [-148.49, 60.506], [-147.781, 60.578], [-148.197, 60.132], [-147.826, 60.17], [-147.833, 60.115], [-149.333, 60.093], [-149.814, 59.727], [-150.559, 59.47], [-151.608, 59.239], [-151.753, 59.41], [-150.85, 59.858], [-151.687, 59.803], [-151.072, 60.783], [-150.312, 61.026], [-148.838, 60.926], [-149.824, 61.231], [-149.028, 61.566], [-149.958, 61.302], [-151.478, 60.984], [-152.291, 60.341], [-152.745, 60.325], [-152.408, 60.088], [-152.967, 59.934], [-154.192, 60.253], [-153.596, 60.783], [-152.638, 61.204], [-151.917, 61.534]]], "type": "Polygon"}, "properties": {"name": "Kenai"}}, {"type": "Feature", "geometry": {"coordinates": [[[-49.24, 61.613], [-47.314, 62.118], [-45.935, 61.089], [-46.492, 60.628], [-46.367, 60.879], [-46.974, 60.639], [-47.501, 60.798], [-48.196, 60.5], [-48.169, 60.761], [-48.241, 60.891], [-48.279, 60.778], [-48.266, 61.176], [-48.767, 61.038], [-49.335, 61.282], [-48.454, 61.468], [-49.642, 61.445], [-49.103, 61.482], [-49.24, 61.613]]], "type": "Polygon"}, "properties": {"name": "Eiriksfjord"}}, {"type": "Feature", "geometry": {"coordinates": [[[116.741, 61.773], [118.76, 62.003], [119.856, 61.385], [121.991, 60.923], [122.767, 60.595], [122.739, 60.349], [123.686, 60.095], [123.195, 59.204], [122.959, 58.176], [120.91, 58.032], [120.708, 57.889], [120.228, 57.576], [119.18, 57.663], [118.614, 57.386], [116.637, 56.83], [116.284, 56.45], [115.441, 56.509], [114.888, 56.914], [114.504, 56.994], [115.221, 58.145], [115.928, 59.951], [116.007, 60.999], [116.03, 61.857], [116.741, 61.773]]], "type": "Polygon"}, "properties": {"name": "Nukhtui"}}, {"type": "Feature", "geometry": {"coordinates": [[[13.508, 45.369], [14.404, 45.439], [14.238, 45.228], [13.907, 44.789], [13.508, 45.369]]], "type": "Polygon"}, "properties": {"name": "Istria"}}, {"type": "Feature", "geometry": {"coordinates": [[[-147.266, 61.684], [-143.156, 62.003], [-140.842, 61.464], [-140.874, 60.345], [-141.288, 60.146], [-141.489, 60.045], [-143.726, 60.096], [-144.025, 60.239], [-144.628, 60.421], [-144.59, 60.773], [-145.006, 60.432], [-145.513, 60.527], [-145.507, 60.714], [-146.258, 60.805], [-146.062, 60.919], [-146.549, 60.941], [-146.244, 61.167], [-147.823, 60.864], [-147.616, 61.204], [-147.266, 61.684]]], "type": "Polygon"}, "properties": {"name": "Eyak"}}, {"type": "Feature", "geometry": {"coordinates": [[[83.353, 61.874], [84.874, 61.962], [85.428, 61.704], [86.87, 61.756], [86.732, 60.928], [85.497, 60], [85.134, 59.1], [83.877, 58.16], [82.353, 58.543], [81.555, 58.282], [80.488, 59.753], [80.696, 60.278], [82.729, 61.014], [83.05, 61.681], [83.353, 61.874]]], "type": "Polygon"}, "properties": {"name": "Pegaya Orda"}}, {"type": "Feature", "geometry": {"coordinates": [[[134.168, 61.71], [135.349, 61.925], [136.045, 61.133], [136.419, 59.831], [135.071, 59.684], [133.911, 59.283], [132.785, 58.986], [131.993, 58.297], [129.62, 58.491], [129.13, 59.278], [127.969, 59.901], [126.927, 60.366], [125.368, 60.895], [126.512, 61.128], [130.217, 61.323], [132.157, 61.535], [133.129, 61.493], [134.168, 61.71]]], "type": "Polygon"}, "properties": {"name": "Butalsk"}}, {"type": "Feature", "geometry": {"coordinates": [[[9.242, 61.661], [11.164, 61.254], [11.297, 60.552], [12.571, 60.385], [11.729, 59.32], [11.817, 59.106], [11.199, 59.05], [11.173, 59.016], [11.095, 59.136], [10.672, 60.053], [10.326, 59.806], [9.922, 58.941], [9.783, 59.187], [9.107, 60.321], [8.615, 61.311], [9.242, 61.661]]], "type": "Polygon"}, "properties": {"name": "Akershus"}}, {"type": "Feature", "geometry": {"coordinates": [[[25.207, 61.339], [25.309, 61.683], [25.337, 61.088], [26.261, 61.315], [25.763, 61.386], [26.998, 61.605], [27.208, 61.625], [28.289, 61.27], [27.72, 61.237], [28.029, 61.053], [28.689, 61.293], [28.783, 61.184], [27.829, 60.62], [23.245, 59.975], [22.863, 60.196], [23.44, 60.539], [24.293, 61.121], [24.451, 61.197], [25.207, 61.339]]], "type": "Polygon"}, "properties": {"name": "Nyland"}}, {"type": "Feature", "geometry": {"coordinates": [[[12.917, 61.435], [13.226, 61.61], [14.332, 60.72], [15.046, 59.837], [13.9, 59.167], [13.948, 59.312], [12.975, 59.372], [13.081, 58.965], [12.616, 59.109], [12.266, 58.414], [12.038, 58.339], [11.817, 59.106], [11.729, 59.32], [12.571, 60.385], [12.255, 61.025], [12.917, 61.435]]], "type": "Polygon"}, "properties": {"name": "Värmland"}}, {"type": "Feature", "geometry": {"coordinates": [[[14.332, 60.72], [16.109, 61.556], [16.569, 60.791], [16.784, 59.491], [15.365, 59.864], [15.046, 59.837], [14.332, 60.72]]], "type": "Polygon"}, "properties": {"name": "Bergslagen"}}, {"type": "Feature", "geometry": {"coordinates": [[[28.783, 61.184], [29.374, 61.471], [30.141, 60.608], [29.805, 60.221], [28.526, 60.5], [28.741, 60.816], [28.005, 60.629], [27.829, 60.62], [28.783, 61.184]]], "type": "Polygon"}, "properties": {"name": "Viborg"}}, {"type": "Feature", "geometry": {"coordinates": [[[6.744, 61.296], [8.615, 61.311], [9.107, 60.321], [7.7, 59.803], [6.933, 59.353], [6.204, 59.323], [5.948, 59.517], [5.15, 59.19], [5.226, 59.624], [6.026, 59.801], [6.017, 59.866], [5.769, 59.868], [6.428, 60.527], [5.526, 59.999], [5.478, 60.248], [4.945, 60.339], [5.346, 60.604], [5.056, 60.605], [5.048, 61.064], [5.807, 61.182], [5.921, 61.203], [6.366, 61.202], [6.38, 61.194], [6.547, 61.134], [6.744, 61.296]]], "type": "Polygon"}, "properties": {"name": "Bergenshus"}}, {"type": "Feature", "geometry": {"coordinates": [[[86.732, 60.928], [87.677, 61.359], [89.687, 60.511], [90.991, 60.459], [91.836, 59.812], [90.566, 58.413], [90.401, 56.536], [90.491, 56.275], [88.263, 56.308], [86.571, 56.678], [85.33, 56.437], [83.925, 57.241], [83.877, 58.16], [85.134, 59.1], [85.497, 60], [86.732, 60.928]]], "type": "Polygon"}, "properties": {"name": "Tomsk"}}, {"type": "Feature", "geometry": {"coordinates": [[[38.121, 60.242], [40.684, 61.302], [40.811, 60.633], [41.492, 60.198], [42.18, 59.429], [41.422, 59.25], [39.768, 58.996], [38.361, 59.33], [38.121, 60.242]]], "type": "Polygon"}, "properties": {"name": "Ustyug"}}, {"type": "Feature", "geometry": {"coordinates": [[[-71.939, 60.657], [-71.546, 61.238], [-70.106, 61.103], [-70.051, 60.885], [-69.59, 61.082], [-69.381, 60.97], [-69.662, 60.234], [-69.573, 59.766], [-69.703, 59.396], [-69.247, 59.388], [-69.361, 59.242], [-69.173, 59.083], [-69.522, 59.085], [-69.484, 58.915], [-68.473, 58.896], [-68.169, 58.48], [-68.053, 58.628], [-67.665, 58.235], [-66.632, 58.57], [-66.423, 58.869], [-66.118, 58.747], [-65.311, 59.591], [-65.501, 59.777], [-64.784, 60.327], [-64.374, 59.093], [-64.854, 59.048], [-63.552, 58.855], [-63.911, 58.705], [-64.346, 58.161], [-63.792, 57.462], [-63.996, 56.381], [-63.289, 55.51], [-63.433, 55.095], [-62.96, 55.061], [-63.616, 54.89], [-64.183, 55.368], [-64.221, 55.091], [-64.967, 54.77], [-64.897, 55.081], [-65.335, 55.066], [-65.246, 54.599], [-66.234, 55.754], [-66.35, 55.878], [-67.308, 55.715], [-66.907, 56.232], [-67.165, 56.528], [-67.964, 56.199], [-67.807, 56.831], [-69.179, 57.818], [-71.045, 58.449], [-71.805, 58.865], [-71.564, 59.518], [-71.939, 60.657]]], "type": "Polygon"}, "properties": {"name": "Ungava"}}, {"type": "Feature", "geometry": {"coordinates": [[[-1.623, 60.534], [-0.683, 60.917], [-1.19, 59.966], [-1.415, 59.933], [-1.283, 60.163], [-1.684, 60.37], [-1.346, 60.48], [-1.623, 60.534]]], "type": "Polygon"}, "properties": {"name": "Shetlands"}}, {"type": "Feature", "geometry": {"coordinates": [[[122.767, 60.595], [125.368, 60.895], [126.927, 60.366], [127.969, 59.901], [129.13, 59.278], [129.62, 58.491], [126.795, 58.931], [126.209, 58.729], [126.423, 57.852], [125.078, 58.027], [123.854, 57.834], [122.959, 58.176], [123.195, 59.204], [123.686, 60.095], [122.739, 60.349], [122.767, 60.595]]], "type": "Polygon"}, "properties": {"name": "Uchurskoye"}}, {"type": "Feature", "geometry": {"coordinates": [[[16.569, 60.791], [17.292, 60.692], [17.913, 60.603], [18.936, 59.84], [18.073, 59.401], [18.512, 59.404], [17.951, 59.012], [17.623, 59.09], [17.208, 58.763], [16.839, 59.463], [17.012, 59.608], [16.82, 59.523], [16.784, 59.491], [16.569, 60.791]]], "type": "Polygon"}, "properties": {"name": "Stockholm"}}, {"type": "Feature", "geometry": {"coordinates": [[[55.938, 60.343], [58.385, 60.831], [58.341, 60], [58.502, 58.942], [57.93, 57.934], [56.292, 58.493], [56.049, 58.592], [56.052, 59.016], [56.573, 59.663], [55.938, 60.343]]], "type": "Polygon"}, "properties": {"name": "Solikamsk"}}, {"type": "Feature", "geometry": {"coordinates": [[[36.312, 60.736], [38.121, 60.242], [38.361, 59.33], [39.768, 58.996], [39.992, 58.125], [38.416, 58.472], [36.889, 58.001], [36.073, 58.13], [35.142, 58.868], [35.619, 59.589], [35.162, 60.313], [36.312, 60.736]]], "type": "Polygon"}, "properties": {"name": "Vologda"}}, {"type": "Feature", "geometry": {"coordinates": [[[30.477, 60.649], [31.128, 60.008], [30.378, 59.579], [28.938, 59.896], [29.161, 60.086], [30.046, 59.956], [29.805, 60.221], [30.141, 60.608], [30.477, 60.649]]], "type": "Polygon"}, "properties": {"name": "Neva"}}, {"type": "Feature", "geometry": {"coordinates": [[[91.836, 59.812], [93.476, 60.684], [94.57, 60.549], [95.735, 60.16], [96.779, 59.902], [98.009, 59.445], [97.18, 58.995], [97.542, 58.375], [95.202, 58.293], [95.217, 57.757], [94.291, 57.1], [93.079, 56.759], [91.225, 56.759], [90.401, 56.536], [90.566, 58.413], [91.836, 59.812]]], "type": "Polygon"}, "properties": {"name": "Chulym"}}, {"type": "Feature", "geometry": {"coordinates": [[[32.434, 60.179], [32.871, 60.64], [33.334, 60.09], [32.147, 59.422], [30.237, 59.416], [30.378, 59.579], [31.128, 60.008], [31.683, 60.245], [32.434, 60.179]]], "type": "Polygon"}, "properties": {"name": "Ladoga"}}, {"type": "Feature", "geometry": {"coordinates": [[[33.841, 60.499], [34.496, 60.593], [34.826, 60.288], [35.162, 60.313], [35.619, 59.589], [35.142, 58.868], [33.32, 58.485], [32.147, 59.422], [33.334, 60.09], [33.841, 60.499]]], "type": "Polygon"}, "properties": {"name": "Tikhvin"}}, {"type": "Feature", "geometry": {"coordinates": [[[-64.784, 60.327], [-64.77, 60.596], [-64.451, 60.309], [-64.124, 59.658], [-63.589, 59.371], [-63.654, 59.088], [-63.263, 59.14], [-62.821, 58.735], [-63.629, 58.399], [-62.624, 58.562], [-62.738, 58.294], [-63.303, 58.116], [-62.524, 58.197], [-61.743, 57.88], [-62.5, 57.451], [-61.589, 57.434], [-61.983, 57.314], [-61.392, 57.13], [-61.976, 56.715], [-62.632, 56.864], [-61.817, 56.562], [-61.852, 56.338], [-61.499, 56.126], [-61.159, 55.839], [-60.785, 55.84], [-60.359, 55.492], [-60.564, 55.146], [-59.855, 55.25], [-59.752, 55.044], [-59.921, 54.813], [-62.711, 54.618], [-62.96, 55.061], [-63.433, 55.095], [-63.289, 55.51], [-63.996, 56.381], [-63.792, 57.462], [-64.346, 58.161], [-63.911, 58.705], [-63.552, 58.855], [-64.854, 59.048], [-64.374, 59.093], [-64.784, 60.327]]], "type": "Polygon"}, "properties": {"name": "Sikumiut"}}, {"type": "Feature", "geometry": {"coordinates": [[[55.753, 60.478], [55.938, 60.343], [56.573, 59.663], [56.052, 59.016], [56.049, 58.592], [56.292, 58.493], [56.169, 58.091], [55.414, 57.966], [55.211, 57.79], [55.329, 57.385], [54.213, 56.945], [54.145, 57.31], [53.31, 59.019], [53.102, 60.068], [53.881, 60.341], [54.965, 60.295], [55.753, 60.478]]], "type": "Polygon"}, "properties": {"name": "Kudymkar"}}, {"type": "Feature", "geometry": {"coordinates": [[[72.851, 60.521], [74.058, 60.242], [74.601, 60.288], [75.199, 59.902], [76.282, 59.606], [76.794, 58.917], [78.177, 58.579], [77.803, 57.476], [76.643, 57.184], [75.807, 56.687], [74.56, 57.219], [72.644, 58.079], [71.235, 58.388], [70.349, 58.684], [70.642, 59.383], [71.568, 60.201], [72.851, 60.521]]], "type": "Polygon"}, "properties": {"name": "Yugan"}}, {"type": "Feature", "geometry": {"coordinates": [[[47.278, 59.826], [47.836, 60.472], [48.604, 60.257], [49.469, 60.326], [50.592, 60.164], [52.15, 60.383], [53.102, 60.068], [53.31, 59.019], [50.909, 58.561], [50.449, 57.13], [48.788, 57.064], [47.352, 57.243], [47.173, 56.943], [45.668, 56.525], [45.166, 57.234], [45.013, 58.055], [45.461, 58.79], [45.502, 59.541], [47.278, 59.826]]], "type": "Polygon"}, "properties": {"name": "Viatka"}}, {"type": "Feature", "geometry": {"coordinates": [[[-140.874, 60.345], [-139.024, 60.366], [-137.156, 59.022], [-137.363, 58.755], [-139.446, 59.549], [-139.443, 59.959], [-141.107, 59.891], [-141.288, 60.146], [-140.874, 60.345]]], "type": "Polygon"}, "properties": {"name": "Yakutat"}}, {"type": "Feature", "geometry": {"coordinates": [[[58.341, 60], [60.04, 60.412], [60.727, 59.371], [61.611, 58.881], [62.457, 58.059], [63.445, 57.692], [63.922, 57.26], [63.918, 57.255], [61.948, 55.809], [58.341, 55.417], [58.272, 55.366], [58.321, 55.194], [58.16, 55.379], [57.339, 55.748], [57.254, 56.541], [57.702, 57.188], [57.93, 57.934], [58.502, 58.942], [58.341, 60]]], "type": "Polygon"}, "properties": {"name": "Middle Urals"}}, {"type": "Feature", "geometry": {"coordinates": [[[7.7, 59.803], [9.107, 60.321], [9.783, 59.187], [8.354, 58.231], [7.144, 58.012], [5.761, 58.528], [5.546, 59.027], [6.034, 58.907], [6.456, 59.061], [6.482, 59.069], [6.476, 59.069], [5.967, 59.045], [6.204, 59.323], [6.933, 59.353], [7.7, 59.803]]], "type": "Polygon"}, "properties": {"name": "Agder"}}, {"type": "Feature", "geometry": {"coordinates": [[[-155.788, 59.419], [-154.192, 60.253], [-152.967, 59.934], [-152.909, 59.736], [-153.283, 59.762], [-154.101, 59.116], [-153.053, 58.966], [-154.204, 58.369], [-154.022, 58.213], [-154.742, 58.057], [-155.614, 57.623], [-156.278, 57.388], [-156.127, 57.218], [-157.326, 56.863], [-157.361, 56.659], [-158.455, 56.286], [-158.013, 56.253], [-159.343, 55.745], [-159.92, 55.723], [-161.231, 55.35], [-161.011, 55.633], [-162.209, 55.026], [-160.61, 55.768], [-160.274, 55.81], [-158.464, 56.795], [-157.319, 57.567], [-157.395, 58.056], [-157.311, 58.427], [-156.683, 59.057], [-155.788, 59.419]]], "type": "Polygon"}, "properties": {"name": "Kodiak"}}, {"type": "Feature", "geometry": {"coordinates": [[[-153.763, 57.806], [-153.198, 57.671], [-153.091, 57.943], [-152.223, 57.921], [-152.335, 57.721], [-152.088, 57.511], [-152.535, 57.32], [-152.836, 57.369], [-153.375, 57.118], [-153.694, 56.813], [-153.651, 57.056], [-154.134, 56.961], [-154.545, 57.412], [-153.894, 57.692], [-153.671, 57.48], [-153.462, 57.752], [-153.763, 57.806]]], "type": "Polygon"}, "properties": {"name": "Kodiak"}}, {"type": "Feature", "geometry": {"coordinates": [[[-98.196, 58.675], [-94.761, 60.105], [-94.435, 58.839], [-93.129, 58.801], [-92.498, 57.034], [-93.071, 56.816], [-94.568, 56.808], [-96.291, 56.025], [-98.47, 56.902], [-100.602, 57.138], [-101.99, 57.426], [-101.431, 58.278], [-98.196, 58.675]]], "type": "Polygon"}, "properties": {"name": "Chipewyan"}}, {"type": "Feature", "geometry": {"coordinates": [[[-136.845, 59.155], [-135.286, 59.883], [-134.39, 59.185], [-132.5, 57.643], [-132.445, 57.525], [-132.957, 57.574], [-133.656, 57.939], [-133.561, 58.081], [-134.178, 58.099], [-133.724, 57.4], [-134.435, 57.044], [-134.381, 57.537], [-134.755, 58.253], [-135.119, 58.309], [-135.304, 58.5], [-135.672, 58.441], [-135.853, 58.963], [-136.089, 58.818], [-136.845, 59.155]]], "type": "Polygon"}, "properties": {"name": "Sitka"}}, {"type": "Feature", "geometry": {"coordinates": [[[-137.156, 59.022], [-136.971, 59.103], [-136.505, 58.939], [-136.258, 58.708], [-135.962, 58.673], [-135.936, 58.366], [-136.36, 58.43], [-136.429, 58.283], [-137.352, 58.603], [-137.363, 58.755], [-137.156, 59.022]]], "type": "Polygon"}, "properties": {"name": "Sitka"}}, {"type": "Feature", "geometry": {"coordinates": [[[15.046, 59.837], [15.365, 59.864], [16.784, 59.491], [16.552, 59.337], [15.601, 59.378], [15.91, 59.06], [15.137, 58.587], [14.847, 58.647], [14.427, 58.647], [13.826, 58.875], [13.9, 59.167], [15.046, 59.837]]], "type": "Polygon"}, "properties": {"name": "Närke"}}, {"type": "Feature", "geometry": {"coordinates": [[[28.034, 59.744], [28.938, 59.896], [30.378, 59.579], [30.237, 59.416], [29.578, 58.89], [27.842, 58.503], [27.703, 59.045], [27.972, 59.455], [28.034, 59.744]]], "type": "Polygon"}, "properties": {"name": "Ingermanland"}}, {"type": "Feature", "geometry": {"coordinates": [[[42.18, 59.429], [44.539, 59.799], [45.502, 59.541], [45.461, 58.79], [45.013, 58.055], [45.166, 57.234], [43.803, 57.54], [42.789, 57.254], [42.504, 57.918], [41.854, 58.579], [41.422, 59.25], [42.18, 59.429]]], "type": "Polygon"}, "properties": {"name": "Galich"}}, {"type": "Feature", "geometry": {"coordinates": [[[135.071, 59.684], [136.419, 59.831], [137.41, 58.815], [139.385, 57.269], [138.111, 56.457], [135.108, 54.811], [135.767, 54.564], [134.727, 53.916], [132.425, 53.661], [132.032, 53.64], [131.587, 54.317], [131.607, 54.891], [132.18, 55.664], [132.672, 56.375], [132.283, 57.47], [131.993, 58.297], [132.785, 58.986], [133.911, 59.283], [135.071, 59.684]]], "type": "Polygon"}, "properties": {"name": "Jugjur"}}, {"type": "Feature", "geometry": {"coordinates": [[[79.612, 59.05], [80.488, 59.753], [81.555, 58.282], [82.353, 58.543], [83.877, 58.16], [83.925, 57.241], [82.988, 56.421], [82.083, 55.792], [80.831, 55.905], [78.216, 55.881], [76.238, 56.079], [75.807, 56.687], [76.643, 57.184], [77.803, 57.476], [78.177, 58.579], [79.612, 59.05]]], "type": "Polygon"}, "properties": {"name": "Vah"}}, {"type": "Feature", "geometry": {"coordinates": [[[23.446, 59.239], [26.308, 59.598], [26.026, 58.659], [24.94, 58.779], [24.372, 58.489], [24.127, 58.307], [23.713, 58.403], [23.463, 58.868], [23.634, 59.025], [23.446, 59.239]]], "type": "Polygon"}, "properties": {"name": "Estland"}}, {"type": "Feature", "geometry": {"coordinates": [[[26.308, 59.598], [27.972, 59.455], [27.703, 59.045], [26.869, 58.881], [26.511, 58.684], [26.026, 58.659], [26.308, 59.598]]], "type": "Polygon"}, "properties": {"name": "Narva"}}, {"type": "Feature", "geometry": {"coordinates": [[[16.784, 59.491], [16.82, 59.523], [16.839, 59.463], [17.208, 58.763], [16.764, 58.646], [16.435, 57.772], [14.842, 58.045], [14.394, 58.104], [14.847, 58.647], [15.137, 58.587], [15.91, 59.06], [16.552, 59.337], [16.784, 59.491]]], "type": "Polygon"}, "properties": {"name": "Östergötland"}}, {"type": "Feature", "geometry": {"coordinates": [[[97.18, 58.995], [98.009, 59.445], [99.679, 59.246], [100.704, 59.381], [101.952, 58.232], [102.266, 57.145], [101.428, 56.801], [101.77, 55.995], [101.095, 54.998], [101.459, 54.931], [101.662, 54.83], [99.28, 54.453], [98.407, 54.859], [97.063, 55.383], [96.839, 57.406], [97.542, 58.375], [97.18, 58.995]]], "type": "Polygon"}, "properties": {"name": "Kachinsk"}}, {"type": "Feature", "geometry": {"coordinates": [[[-113.936, 59.029], [-110.347, 59.2], [-111.117, 58.879], [-110.71, 58.649], [-110.141, 58.786], [-108.502, 57.969], [-109.991, 57.145], [-110.741, 56.611], [-110.268, 55.111], [-110.447, 54.583], [-111.901, 55.447], [-112.454, 56.038], [-112.973, 56.84], [-113.518, 57.529], [-113.936, 59.029]]], "type": "Polygon"}, "properties": {"name": "Athabasca"}}, {"type": "Feature", "geometry": {"coordinates": [[[29.578, 58.89], [30.237, 59.416], [32.147, 59.422], [33.32, 58.485], [33.336, 58.172], [31.874, 57.648], [29.865, 57.855], [29.578, 58.89]]], "type": "Polygon"}, "properties": {"name": "Novgorod"}}, {"type": "Feature", "geometry": {"coordinates": [[[39.768, 58.996], [41.422, 59.25], [41.854, 58.579], [42.504, 57.918], [42.789, 57.254], [42.689, 57.114], [41.189, 56.902], [39.886, 56.909], [39.992, 58.125], [39.768, 58.996]]], "type": "Polygon"}, "properties": {"name": "Kostroma"}}, {"type": "Feature", "geometry": {"coordinates": [[[103.826, 59.073], [104.996, 59.19], [107.742, 58.999], [107.526, 58.063], [106.908, 56.929], [106.983, 56.527], [104.403, 55.649], [104.128, 54.928], [101.662, 54.83], [101.459, 54.931], [101.095, 54.998], [101.77, 55.995], [101.428, 56.801], [102.266, 57.145], [101.952, 58.232], [103.826, 59.073]]], "type": "Polygon"}, "properties": {"name": "Ust-Kut"}}, {"type": "Feature", "geometry": {"coordinates": [[[11.199, 59.05], [11.817, 59.106], [12.038, 58.339], [12.19, 57.782], [11.851, 57.587], [11.765, 58.066], [11.518, 58.108], [11.173, 59.016], [11.199, 59.05]]], "type": "Polygon"}, "properties": {"name": "Bohuslän"}}, {"type": "Feature", "geometry": {"coordinates": [[[-115.643, 58.792], [-113.936, 59.029], [-113.518, 57.529], [-112.973, 56.84], [-112.454, 56.038], [-111.901, 55.447], [-113.296, 54.478], [-114.254, 54.252], [-114.445, 55.191], [-114.875, 55.549], [-115.228, 56.064], [-116.206, 56.632], [-116.953, 57.234], [-117.644, 58.437], [-115.643, 58.792]]], "type": "Polygon"}, "properties": {"name": "Nihithawak"}}, {"type": "Feature", "geometry": {"coordinates": [[[22.109, 58.892], [22.67, 59.089], [22.927, 58.891], [22.506, 58.743], [22.109, 58.892]]], "type": "Polygon"}, "properties": {"name": "Ösel"}}, {"type": "Feature", "geometry": {"coordinates": [[[50.909, 58.561], [53.31, 59.019], [54.145, 57.31], [53.756, 56.684], [54.072, 56.046], [51.907, 55.739], [51.364, 55.567], [50.449, 57.13], [50.909, 58.561]]], "type": "Polygon"}, "properties": {"name": "Udmurtia"}}, {"type": "Feature", "geometry": {"coordinates": [[[64.985, 58.788], [65.428, 58.929], [66.959, 58.67], [68.047, 58.622], [69.268, 58.172], [69.508, 57.686], [69.235, 56.527], [68.929, 55.442], [66.911, 54.795], [66.668, 54.767], [66.495, 55.487], [65.435, 56.229], [63.918, 57.255], [63.922, 57.26], [64.985, 58.788]]], "type": "Polygon"}, "properties": {"name": "Tyumen"}}, {"type": "Feature", "geometry": {"coordinates": [[[111.253, 58.373], [112.409, 58.953], [113.54, 58.512], [115.221, 58.145], [114.504, 56.994], [114.743, 55.642], [114.963, 54.704], [114.264, 54.472], [113.67, 54.806], [111.552, 54.534], [111.198, 55.141], [109.513, 55.194], [109.558, 55.578], [109.3, 55.712], [109.142, 55.794], [107.97, 55.789], [106.983, 56.527], [106.908, 56.929], [107.526, 58.063], [108.294, 57.762], [109.411, 58.148], [109.671, 58.588], [111.253, 58.373]]], "type": "Polygon"}, "properties": {"name": "Verkne-Angarsky"}}, {"type": "Feature", "geometry": {"coordinates": [[[126.209, 58.729], [126.795, 58.931], [129.62, 58.491], [131.993, 58.297], [132.283, 57.47], [132.672, 56.375], [132.18, 55.664], [131.607, 54.891], [130.572, 55.652], [128.391, 55.551], [127.952, 55.735], [125.829, 55.535], [124.175, 55.657], [121.758, 55.935], [121.913, 56.637], [120.708, 57.889], [120.91, 58.032], [122.959, 58.176], [123.854, 57.834], [125.078, 58.027], [126.423, 57.852], [126.209, 58.729]]], "type": "Polygon"}, "properties": {"name": "Verkohzehkoye"}}, {"type": "Feature", "geometry": {"coordinates": [[[-71.805, 58.865], [-71.045, 58.449], [-69.179, 57.818], [-67.807, 56.831], [-67.964, 56.199], [-67.165, 56.528], [-66.907, 56.232], [-67.308, 55.715], [-66.35, 55.878], [-66.234, 55.754], [-66.421, 55.447], [-66.532, 55.252], [-66.783, 55.33], [-66.757, 54.833], [-67.305, 54.949], [-67.198, 54.612], [-67.644, 54.436], [-67.598, 53.85], [-67.082, 53.359], [-66.822, 52.615], [-67.737, 52.077], [-68.863, 52.132], [-69.052, 52.008], [-69.642, 50.684], [-70.376, 50.395], [-70.606, 50.396], [-71.479, 51.303], [-73.181, 51.772], [-76.119, 52.296], [-76.21, 53.729], [-76.17, 54.13], [-76.056, 54.518], [-76.561, 55.097], [-74.906, 56.421], [-73.788, 56.373], [-74.588, 56.783], [-73.733, 58.359], [-71.805, 58.865]]], "type": "Polygon"}, "properties": {"name": "North Quebec"}}, {"type": "Feature", "geometry": {"coordinates": [[[13.826, 58.875], [14.427, 58.647], [14.043, 57.769], [13.433, 56.585], [12.657, 57.427], [12.021, 57.38], [11.851, 57.587], [12.19, 57.782], [12.038, 58.339], [12.266, 58.414], [13.826, 58.875]]], "type": "Polygon"}, "properties": {"name": "Västergötland"}}, {"type": "Feature", "geometry": {"coordinates": [[[26.511, 58.684], [26.869, 58.881], [27.718, 57.916], [27.854, 57.284], [26.597, 57.56], [25.993, 57.845], [26.511, 58.684]]], "type": "Polygon"}, "properties": {"name": "Dorpat"}}, {"type": "Feature", "geometry": {"coordinates": [[[27.842, 58.503], [29.578, 58.89], [29.865, 57.855], [29.788, 57.604], [27.854, 57.284], [27.718, 57.916], [28.151, 57.84], [27.564, 58.256], [27.842, 58.503]]], "type": "Polygon"}, "properties": {"name": "Pskov"}}, {"type": "Feature", "geometry": {"coordinates": [[[33.32, 58.485], [35.142, 58.868], [36.073, 58.13], [34.788, 56.803], [33.976, 57.182], [33.336, 58.172], [33.32, 58.485]]], "type": "Polygon"}, "properties": {"name": "Torzhok"}}, {"type": "Feature", "geometry": {"coordinates": [[[159.687, 58.853], [161.053, 58.782], [161.317, 58.391], [162.405, 58.525], [162.203, 57.914], [163.274, 57.794], [162.861, 57.366], [163.001, 56.881], [163.329, 56.083], [162.325, 56.112], [161.89, 55.698], [162.097, 54.614], [160.48, 54.401], [160.026, 53.135], [159.025, 53.006], [158.547, 52.27], [157.193, 51.199], [156.3, 50.902], [156.177, 52.262], [155.761, 54.124], [155.655, 56.195], [157.066, 57.38], [156.879, 57.74], [159.687, 58.853]]], "type": "Polygon"}, "properties": {"name": "Kamchatka"}}, {"type": "Feature", "geometry": {"coordinates": [[[24.94, 58.779], [26.026, 58.659], [26.511, 58.684], [25.993, 57.845], [24.781, 57.776], [24.329, 57.672], [24.372, 58.489], [24.94, 58.779]]], "type": "Polygon"}, "properties": {"name": "Livland"}}, {"type": "Feature", "geometry": {"coordinates": [[[-131.467, 58.051], [-129.641, 58.656], [-124.487, 57.739], [-124.353, 56.641], [-122.955, 55.437], [-123.512, 54.942], [-123.616, 54.326], [-124.404, 53.447], [-125.057, 53.006], [-125.867, 53.291], [-128.048, 54.668], [-128.774, 56.226], [-129.476, 56.549], [-130.307, 56.291], [-131.539, 56.349], [-132.445, 57.525], [-132.5, 57.643], [-131.467, 58.051]]], "type": "Polygon"}, "properties": {"name": "Columbia"}}, {"type": "Feature", "geometry": {"coordinates": [[[-4.959, 58.576], [-3.019, 58.647], [-4.198, 57.681], [-4.753, 56.978], [-3.57, 57.576], [-3.453, 56.923], [-4.602, 56.02], [-4.838, 56.061], [-5.509, 56.135], [-5.238, 56.62], [-5.694, 56.537], [-6.008, 56.612], [-5.632, 57.008], [-5.461, 57.236], [-5.368, 57.354], [-5.752, 57.34], [-5.701, 57.748], [-5.207, 57.918], [-4.959, 58.576]]], "type": "Polygon"}, "properties": {"name": "Highlands"}}, {"type": "Feature", "geometry": {"coordinates": [[[21.932, 58.522], [23.343, 58.651], [22.396, 58.196], [22.059, 57.917], [21.906, 58.295], [21.932, 58.522]]], "type": "Polygon"}, "properties": {"name": "Ösel"}}, {"type": "Feature", "geometry": {"coordinates": [[[69.539, 58.645], [70.349, 58.684], [71.235, 58.388], [72.644, 58.079], [74.56, 57.219], [75.807, 56.687], [76.238, 56.079], [75.764, 55.357], [76.688, 54.501], [74.443, 53.722], [73.202, 53.574], [73.183, 53.96], [72.943, 54.04], [70.881, 54.229], [70.644, 55.256], [68.929, 55.442], [69.235, 56.527], [69.508, 57.686], [69.268, 58.172], [69.539, 58.645]]], "type": "Polygon"}, "properties": {"name": "Tara"}}, {"type": "Feature", "geometry": {"coordinates": [[[-152.416, 58.555], [-151.736, 58.326], [-153.033, 58.137], [-152.416, 58.555]]], "type": "Polygon"}, "properties": {"name": "Kodiak"}}, {"type": "Feature", "geometry": {"coordinates": [[[36.889, 58.001], [38.416, 58.472], [39.992, 58.125], [39.886, 56.909], [39.515, 56.82], [38.461, 57.327], [36.889, 58.001]]], "type": "Polygon"}, "properties": {"name": "Yaroslavl"}}, {"type": "Feature", "geometry": {"coordinates": [[[56.292, 58.493], [57.93, 57.934], [57.702, 57.188], [57.254, 56.541], [57.339, 55.748], [56.001, 55.364], [54.072, 56.046], [53.756, 56.684], [54.145, 57.31], [54.213, 56.945], [55.329, 57.385], [55.211, 57.79], [55.414, 57.966], [56.169, 58.091], [56.292, 58.493]]], "type": "Polygon"}, "properties": {"name": "Perm"}}, {"type": "Feature", "geometry": {"coordinates": [[[-119.953, 57.978], [-117.644, 58.437], [-116.953, 57.234], [-116.206, 56.632], [-115.228, 56.064], [-114.875, 55.549], [-114.445, 55.191], [-114.254, 54.252], [-115.526, 53.849], [-118.378, 54.405], [-118.768, 55.59], [-119.953, 57.978]]], "type": "Polygon"}, "properties": {"name": "Alberta"}}, {"type": "Feature", "geometry": {"coordinates": [[[95.202, 58.293], [97.542, 58.375], [96.839, 57.406], [97.063, 55.383], [95.804, 55.174], [95.701, 54.72], [94.279, 54.61], [92.748, 55.809], [90.491, 56.275], [90.401, 56.536], [91.225, 56.759], [93.079, 56.759], [94.291, 57.1], [95.217, 57.757], [95.202, 58.293]]], "type": "Polygon"}, "properties": {"name": "Kan"}}, {"type": "Feature", "geometry": {"coordinates": [[[-124.487, 57.739], [-122.403, 58.277], [-119.953, 57.978], [-118.768, 55.59], [-118.378, 54.405], [-118.631, 52.903], [-119.888, 53.384], [-120.513, 54.012], [-121.847, 54.628], [-122.955, 55.437], [-124.353, 56.641], [-124.487, 57.739]]], "type": "Polygon"}, "properties": {"name": "Sekani"}}, {"type": "Feature", "geometry": {"coordinates": [[[31.874, 57.648], [33.336, 58.172], [33.976, 57.182], [34.788, 56.803], [34.467, 55.989], [33.981, 55.889], [32.335, 56.78], [32.149, 56.534], [31.874, 57.648]]], "type": "Polygon"}, "properties": {"name": "Rzhev"}}, {"type": "Feature", "geometry": {"coordinates": [[[36.073, 58.13], [36.889, 58.001], [38.461, 57.327], [37.335, 56.589], [36.049, 55.975], [34.467, 55.989], [34.788, 56.803], [36.073, 58.13]]], "type": "Polygon"}, "properties": {"name": "Tver"}}, {"type": "Feature", "geometry": {"coordinates": [[[14.043, 57.769], [14.394, 58.104], [14.842, 58.045], [16.435, 57.772], [16.664, 57.669], [16.054, 56.306], [14.304, 56.317], [13.518, 56.29], [13.433, 56.585], [14.043, 57.769]]], "type": "Polygon"}, "properties": {"name": "Småland"}}, {"type": "Feature", "geometry": {"coordinates": [[[-108.502, 57.969], [-106.988, 57.526], [-106.923, 57.301], [-105.765, 57.516], [-103.502, 57.094], [-103.414, 56.84], [-103.354, 56.666], [-104.362, 55.996], [-105.046, 55.593], [-104.565, 54.301], [-105.537, 53.336], [-107.043, 52.998], [-109.717, 53.734], [-110.447, 54.583], [-110.268, 55.111], [-110.741, 56.611], [-109.991, 57.145], [-108.502, 57.969]]], "type": "Polygon"}, "properties": {"name": "Saskatchewan"}}, {"type": "Feature", "geometry": {"coordinates": [[[18.57, 57.825], [19.314, 57.995], [18.725, 57.577], [18.787, 57.259], [18.199, 56.598], [18.03, 57.428], [18.57, 57.825]]], "type": "Polygon"}, "properties": {"name": "Gotland"}}, {"type": "Feature", "geometry": {"coordinates": [[[24.781, 57.776], [25.993, 57.845], [26.597, 57.56], [27.854, 57.284], [28.044, 56.454], [27.483, 55.807], [27.152, 55.794], [26.541, 55.677], [26.107, 55.886], [24.897, 56.374], [24.679, 56.726], [24.781, 57.776]]], "type": "Polygon"}, "properties": {"name": "Wenden"}}, {"type": "Feature", "geometry": {"coordinates": [[[29.865, 57.855], [31.874, 57.648], [32.149, 56.534], [30.838, 55.579], [30.287, 55.821], [30.182, 55.862], [29.788, 57.604], [29.865, 57.855]]], "type": "Polygon"}, "properties": {"name": "Kholm"}}, {"type": "Feature", "geometry": {"coordinates": [[[120.228, 57.576], [120.708, 57.889], [121.913, 56.637], [121.758, 55.935], [124.175, 55.657], [121.57, 54.356], [121.018, 54.41], [119.336, 53.923], [118.923, 53.033], [118.032, 52.374], [115.642, 51.904], [113.809, 51.762], [113.152, 52.189], [115.333, 53.402], [116.699, 54.329], [116.349, 54.628], [114.963, 54.704], [114.743, 55.642], [114.504, 56.994], [114.888, 56.914], [115.441, 56.509], [116.284, 56.45], [116.637, 56.83], [118.614, 57.386], [119.18, 57.663], [120.228, 57.576]]], "type": "Polygon"}, "properties": {"name": "Chara"}}, {"type": "Feature", "geometry": {"coordinates": [[[24.329, 57.672], [24.781, 57.776], [24.679, 56.726], [23.642, 56.884], [24.438, 57.177], [24.329, 57.672]]], "type": "Polygon"}, "properties": {"name": "Riga"}}, {"type": "Feature", "geometry": {"coordinates": [[[-3.57, 57.576], [-3.306, 57.656], [-1.911, 57.625], [-1.856, 57.365], [-3.036, 56.339], [-3.078, 56.347], [-3.119, 56.369], [-3.453, 56.923], [-3.57, 57.576]]], "type": "Polygon"}, "properties": {"name": "Aberdeen"}}, {"type": "Feature", "geometry": {"coordinates": [[[20.997, 56.542], [22.347, 57.692], [23.144, 57.177], [22.663, 57.154], [22.451, 56.381], [21.312, 56.162], [21.102, 56.157], [20.997, 56.542]]], "type": "Polygon"}, "properties": {"name": "Kurland"}}, {"type": "Feature", "geometry": {"coordinates": [[[-133.231, 57.597], [-132.957, 57.574], [-132.445, 57.525], [-131.539, 56.349], [-130.307, 56.291], [-129.934, 55.915], [-130.057, 55.268], [-130.715, 54.788], [-130.706, 55.395], [-131.001, 55.28], [-131.107, 55.545], [-131.492, 55.59], [-131.358, 55.978], [-131.77, 55.503], [-132.058, 55.66], [-131.951, 56.418], [-132.061, 55.903], [-132.82, 56.328], [-132.717, 56.544], [-133.033, 56.72], [-133.045, 56.492], [-133.41, 56.451], [-133.832, 57.087], [-132.885, 56.977], [-132.468, 56.252], [-132.295, 56.69], [-132.71, 57.087], [-133.252, 57.192], [-133.231, 57.597]]], "type": "Polygon"}, "properties": {"name": "Tlingit"}}, {"type": "Feature", "geometry": {"coordinates": [[[-6.655, 57.507], [-6.167, 57.633], [-6.005, 57.237], [-5.461, 57.236], [-5.632, 57.008], [-6.655, 57.507]]], "type": "Polygon"}, "properties": {"name": "Western Isles"}}, {"type": "Feature", "geometry": {"coordinates": [[[27.854, 57.284], [29.788, 57.604], [30.182, 55.862], [29.333, 55.721], [29.372, 55.963], [28.109, 56.129], [28.044, 56.454], [27.854, 57.284]]], "type": "Polygon"}, "properties": {"name": "Ostrov"}}, {"type": "Feature", "geometry": {"coordinates": [[[9.457, 57.131], [10.45, 57.496], [10.248, 56.48], [8.138, 56.196], [8.105, 56.548], [8.668, 56.431], [8.93, 56.754], [9.273, 56.58], [9.171, 56.803], [9.465, 56.966], [8.216, 56.576], [9.457, 57.131]]], "type": "Polygon"}, "properties": {"name": "Nordjylland"}}, {"type": "Feature", "geometry": {"coordinates": [[[42.789, 57.254], [43.803, 57.54], [45.166, 57.234], [45.668, 56.525], [45.606, 55.383], [43.299, 55.606], [43.089, 56.281], [43.172, 56.767], [42.689, 57.114], [42.789, 57.254]]], "type": "Polygon"}, "properties": {"name": "Nijni-Novgorod"}}, {"type": "Feature", "geometry": {"coordinates": [[[-101.99, 57.426], [-100.602, 57.138], [-98.47, 56.902], [-96.291, 56.025], [-95.323, 55.663], [-94.323, 55.054], [-94.763, 53.983], [-95.893, 54.33], [-97.906, 53.931], [-97.743, 54.262], [-98.241, 54.164], [-97.924, 54.463], [-98.041, 54.628], [-98.617, 54.471], [-99.578, 54.53], [-100.818, 55.166], [-102.407, 56.772], [-101.99, 57.426]]], "type": "Polygon"}, "properties": {"name": "Quennebigon"}}, {"type": "Feature", "geometry": {"coordinates": [[[12.021, 57.38], [12.657, 57.427], [13.433, 56.585], [13.518, 56.29], [12.69, 56.218], [13.003, 56.525], [12.021, 57.38]]], "type": "Polygon"}, "properties": {"name": "Halland"}}, {"type": "Feature", "geometry": {"coordinates": [[[-92.498, 57.034], [-90.94, 57.272], [-89.352, 56.924], [-91.31, 55.349], [-93.662, 54.783], [-94.323, 55.054], [-95.323, 55.663], [-96.291, 56.025], [-94.568, 56.808], [-93.071, 56.816], [-92.498, 57.034]]], "type": "Polygon"}, "properties": {"name": "Swampy Cree"}}, {"type": "Feature", "geometry": {"coordinates": [[[37.335, 56.589], [38.461, 57.327], [39.515, 56.82], [40.459, 55.641], [40.447, 55.29], [40.368, 55.027], [39.061, 55.335], [37.335, 56.589]]], "type": "Polygon"}, "properties": {"name": "Vladimir"}}, {"type": "Feature", "geometry": {"coordinates": [[[47.352, 57.243], [48.788, 57.064], [50.449, 57.13], [51.364, 55.567], [51.415, 55.523], [49.186, 55.128], [48.821, 55.695], [47.597, 56.13], [47.173, 56.943], [47.352, 57.243]]], "type": "Polygon"}, "properties": {"name": "Kazan"}}, {"type": "Feature", "geometry": {"coordinates": [[[61.948, 55.809], [63.918, 57.255], [65.435, 56.229], [66.495, 55.487], [66.668, 54.767], [64.107, 54.327], [63.071, 54.201], [62.566, 54.948], [62.731, 55.331], [61.948, 55.809]]], "type": "Polygon"}, "properties": {"name": "Kurgan"}}, {"type": "Feature", "geometry": {"coordinates": [[[83.925, 57.241], [85.33, 56.437], [86.149, 56.188], [85.629, 55.137], [86.015, 55.03], [86.114, 54.061], [85.193, 53.184], [85.608, 53.198], [84.393, 52.374], [83.868, 52.456], [82.951, 54.247], [80.941, 54.774], [80.352, 54.959], [80.831, 55.905], [82.083, 55.792], [82.988, 56.421], [83.925, 57.241]]], "type": "Polygon"}, "properties": {"name": "Kulunda"}}, {"type": "Feature", "geometry": {"coordinates": [[[22.663, 57.154], [23.144, 57.177], [23.642, 56.884], [24.679, 56.726], [24.897, 56.374], [23.972, 56.25], [22.451, 56.381], [22.663, 57.154]]], "type": "Polygon"}, "properties": {"name": "Semigallia"}}, {"type": "Feature", "geometry": {"coordinates": [[[41.189, 56.902], [42.689, 57.114], [43.172, 56.767], [43.089, 56.281], [40.459, 55.641], [39.515, 56.82], [39.886, 56.909], [41.189, 56.902]]], "type": "Polygon"}, "properties": {"name": "Suzdal"}}, {"type": "Feature", "geometry": {"coordinates": [[[-89.352, 56.924], [-88.144, 56.52], [-87.37, 56.012], [-85.488, 55.493], [-84.729, 55.206], [-85.192, 54.703], [-87.942, 53.846], [-90.511, 54.803], [-91.31, 55.349], [-89.352, 56.924]]], "type": "Polygon"}, "properties": {"name": "Omushkego"}}, {"type": "Feature", "geometry": {"coordinates": [[[-4.602, 56.02], [-3.453, 56.923], [-3.119, 56.369], [-3.106, 56.352], [-3.078, 56.347], [-3.036, 56.339], [-2.599, 56.205], [-3.743, 55.979], [-4.115, 55.649], [-4.602, 56.02]]], "type": "Polygon"}, "properties": {"name": "Fife"}}, {"type": "Feature", "geometry": {"coordinates": [[[45.668, 56.525], [47.173, 56.943], [47.597, 56.13], [48.821, 55.695], [49.186, 55.128], [48.591, 54.716], [48.283, 54.584], [46.529, 55.199], [45.606, 55.383], [45.668, 56.525]]], "type": "Polygon"}, "properties": {"name": "Veda-Suvar"}}, {"type": "Feature", "geometry": {"coordinates": [[[-103.316, 56.681], [-102.407, 56.772], [-100.818, 55.166], [-101.369, 54.052], [-101.812, 53.216], [-101.348, 52.357], [-101.332, 51.981], [-102.249, 52.355], [-103.917, 52.683], [-104.147, 52.473], [-105.537, 53.336], [-104.565, 54.301], [-105.046, 55.593], [-104.362, 55.996], [-103.354, 56.666], [-103.316, 56.681]]], "type": "Polygon"}, "properties": {"name": "Saskatoon"}}, {"type": "Feature", "geometry": {"coordinates": [[[32.149, 56.534], [32.335, 56.78], [33.981, 55.889], [35.416, 54.503], [35.529, 54.216], [32.582, 53.564], [31.281, 54.284], [30.838, 55.579], [32.149, 56.534]]], "type": "Polygon"}, "properties": {"name": "Smolensk"}}, {"type": "Feature", "geometry": {"coordinates": [[[85.33, 56.437], [86.571, 56.678], [88.263, 56.308], [90.491, 56.275], [92.748, 55.809], [94.279, 54.61], [94.286, 54.024], [95.268, 53.453], [94.5, 53.361], [94.324, 52.973], [93.182, 52.71], [93.663, 52.402], [90.572, 52.121], [90.021, 52.741], [88.81, 53.439], [87.151, 53.66], [85.608, 53.198], [85.193, 53.184], [86.114, 54.061], [86.015, 55.03], [85.629, 55.137], [86.149, 56.188], [85.33, 56.437]]], "type": "Polygon"}, "properties": {"name": "Kuznetsk"}}, {"type": "Feature", "geometry": {"coordinates": [[[-130.307, 56.291], [-129.476, 56.549], [-128.774, 56.226], [-128.048, 54.668], [-128.571, 54.344], [-128.578, 53.921], [-129.233, 53.544], [-129.181, 53.513], [-129.395, 53.351], [-129.761, 53.228], [-130.33, 53.567], [-129.741, 54.175], [-130.345, 54.404], [-130.156, 54.69], [-129.858, 54.601], [-129.534, 55.354], [-129.934, 55.915], [-130.307, 56.291]]], "type": "Polygon"}, "properties": {"name": "Nisga'a"}}, {"type": "Feature", "geometry": {"coordinates": [[[-79.968, 55.858], [-79.259, 56.578], [-78.565, 56.388], [-79.107, 55.876], [-79.968, 55.858]]], "type": "Polygon"}, "properties": {"name": "Cisapipi"}}, {"type": "Feature", "geometry": {"coordinates": [[[20.997, 56.542], [21.102, 56.157], [21.312, 56.162], [22.409, 55.074], [21.741, 54.964], [21.202, 55.128], [21.261, 55.392], [20.978, 55.363], [20.997, 56.542]]], "type": "Polygon"}, "properties": {"name": "Memel"}}, {"type": "Feature", "geometry": {"coordinates": [[[37.335, 56.589], [39.061, 55.335], [38.822, 54.985], [37.188, 54.536], [37.166, 54.547], [36.049, 55.975], [37.335, 56.589]]], "type": "Polygon"}, "properties": {"name": "Moskva"}}, {"type": "Feature", "geometry": {"coordinates": [[[104.403, 55.649], [106.983, 56.527], [107.97, 55.789], [109.142, 55.794], [109.3, 55.712], [107.992, 53.826], [107.323, 53.116], [106.188, 52.616], [105.247, 51.988], [103.796, 51.668], [104.483, 51.408], [103.279, 50.844], [103.089, 50.24], [102.231, 50.598], [101.889, 51.387], [98.704, 52.085], [98.734, 53.063], [99.28, 54.453], [101.662, 54.83], [104.128, 54.928], [104.403, 55.649]]], "type": "Polygon"}, "properties": {"name": "Irkutsk"}}, {"type": "Feature", "geometry": {"coordinates": [[[8.138, 56.196], [10.248, 56.48], [10.968, 56.424], [10.296, 56.101], [9.575, 55.403], [8.577, 55.455], [8.178, 55.53], [8.138, 56.196]]], "type": "Polygon"}, "properties": {"name": "Midtjylland"}}, {"type": "Feature", "geometry": {"coordinates": [[[14.304, 56.317], [16.054, 56.306], [15.91, 56.11], [14.283, 56.001], [14.304, 56.317]]], "type": "Polygon"}, "properties": {"name": "Blekinge"}}, {"type": "Feature", "geometry": {"coordinates": [[[28.044, 56.454], [28.109, 56.129], [29.372, 55.963], [29.333, 55.721], [30.182, 55.862], [30.287, 55.821], [29.47, 54.921], [29.455, 54.158], [28.539, 54.737], [27.406, 54.931], [27.591, 55.768], [27.152, 55.794], [27.483, 55.807], [28.044, 56.454]]], "type": "Polygon"}, "properties": {"name": "Polotsk"}}, {"type": "Feature", "geometry": {"coordinates": [[[21.312, 56.162], [22.451, 56.381], [23.972, 56.25], [23.286, 55.184], [22.812, 54.906], [22.409, 55.074], [21.312, 56.162]]], "type": "Polygon"}, "properties": {"name": "Samogitia"}}, {"type": "Feature", "geometry": {"coordinates": [[[23.972, 56.25], [24.897, 56.374], [26.107, 55.886], [25.457, 55.361], [24.662, 54.943], [23.286, 55.184], [23.972, 56.25]]], "type": "Polygon"}, "properties": {"name": "Kovno"}}, {"type": "Feature", "geometry": {"coordinates": [[[-133.471, 55.978], [-133.022, 56.323], [-132.339, 55.523], [-131.868, 54.695], [-132.363, 55.01], [-132.411, 55.223], [-132.452, 54.821], [-132.693, 54.717], [-133.159, 55.276], [-132.836, 55.34], [-133.083, 55.651], [-133.017, 56.071], [-133.471, 55.978]]], "type": "Polygon"}, "properties": {"name": "Tlingit"}}, {"type": "Feature", "geometry": {"coordinates": [[[12.69, 56.218], [13.518, 56.29], [14.304, 56.317], [14.283, 56.001], [14.242, 55.435], [12.997, 55.408], [12.56, 56.201], [12.69, 56.218]]], "type": "Polygon"}, "properties": {"name": "Skåne"}}, {"type": "Feature", "geometry": {"coordinates": [[[40.459, 55.641], [43.089, 56.281], [43.299, 55.606], [42.847, 54.511], [41.583, 55.121], [40.447, 55.29], [40.459, 55.641]]], "type": "Polygon"}, "properties": {"name": "Orel"}}, {"type": "Feature", "geometry": {"coordinates": [[[76.238, 56.079], [78.216, 55.881], [80.831, 55.905], [80.352, 54.959], [80.941, 54.774], [82.951, 54.247], [83.868, 52.456], [83.74, 52.273], [84.142, 51.993], [82.749, 51.489], [82.784, 50.904], [81.993, 50.733], [80.648, 51.268], [79.925, 50.853], [79.422, 51.369], [77.875, 53.158], [76.314, 54.055], [76.688, 54.501], [75.764, 55.357], [76.238, 56.079]]], "type": "Polygon"}, "properties": {"name": "Barnaul"}}, {"type": "Feature", "geometry": {"coordinates": [[[-4.838, 56.061], [-4.602, 56.02], [-4.115, 55.649], [-2.805, 55.203], [-3.332, 54.986], [-4.013, 54.785], [-4.253, 54.836], [-5.166, 54.885], [-4.675, 55.431], [-4.838, 56.061]]], "type": "Polygon"}, "properties": {"name": "Ayrshire"}}, {"type": "Feature", "geometry": {"coordinates": [[[12.008, 56.006], [12.443, 56.054], [12.54, 55.727], [12.141, 55.508], [12.307, 55.302], [12.002, 55.074], [11.854, 55.116], [11.254, 55.236], [11.119, 55.635], [11.571, 55.824], [12.125, 55.563], [12.008, 56.006]]], "type": "Polygon"}, "properties": {"name": "Sjælland"}}, {"type": "Feature", "geometry": {"coordinates": [[[54.072, 56.046], [56.001, 55.364], [55.614, 54.656], [55.39, 53.044], [53.505, 52.877], [52.469, 54.158], [52.552, 54.777], [51.415, 55.523], [51.364, 55.567], [51.907, 55.739], [54.072, 56.046]]], "type": "Polygon"}, "properties": {"name": "Bashkortostan"}}, {"type": "Feature", "geometry": {"coordinates": [[[-4.115, 55.649], [-3.743, 55.979], [-2.575, 55.942], [-1.974, 55.725], [-2.77, 55.221], [-2.805, 55.203], [-4.115, 55.649]]], "type": "Polygon"}, "properties": {"name": "Lothian"}}, {"type": "Feature", "geometry": {"coordinates": [[[33.981, 55.889], [34.467, 55.989], [36.049, 55.975], [37.166, 54.547], [36.024, 54.315], [35.797, 54.043], [35.529, 54.216], [35.416, 54.503], [33.981, 55.889]]], "type": "Polygon"}, "properties": {"name": "Kaluga"}}, {"type": "Feature", "geometry": {"coordinates": [[[25.457, 55.361], [26.107, 55.886], [26.541, 55.677], [26.573, 55.255], [25.652, 54.24], [24.682, 54.028], [23.763, 53.951], [24.662, 54.943], [25.457, 55.361]]], "type": "Polygon"}, "properties": {"name": "Lithuania"}}, {"type": "Feature", "geometry": {"coordinates": [[[26.541, 55.677], [27.152, 55.794], [27.591, 55.768], [27.406, 54.931], [26.772, 53.496], [26.462, 53.528], [25.619, 53.614], [25.652, 54.24], [26.573, 55.255], [26.541, 55.677]]], "type": "Polygon"}, "properties": {"name": "Lida"}}, {"type": "Feature", "geometry": {"coordinates": [[[30.287, 55.821], [30.838, 55.579], [31.281, 54.284], [30.747, 54.257], [30.366, 53.815], [29.494, 53.898], [29.455, 54.158], [29.47, 54.921], [30.287, 55.821]]], "type": "Polygon"}, "properties": {"name": "Vitebsk"}}, {"type": "Feature", "geometry": {"coordinates": [[[58.341, 55.417], [61.948, 55.809], [62.731, 55.331], [62.566, 54.948], [63.071, 54.201], [62.278, 54.009], [60.969, 54.026], [58.915, 54.586], [58.321, 55.194], [58.272, 55.366], [58.341, 55.417]]], "type": "Polygon"}, "properties": {"name": "Chelyaba"}}, {"type": "Feature", "geometry": {"coordinates": [[[124.175, 55.657], [125.829, 55.535], [127.952, 55.735], [128.391, 55.551], [130.572, 55.652], [131.607, 54.891], [131.587, 54.317], [130.376, 54.085], [128.114, 53.842], [125.942, 53.024], [124.082, 53.359], [121.349, 53.377], [118.923, 53.033], [119.336, 53.923], [121.018, 54.41], [121.57, 54.356], [124.175, 55.657]]], "type": "Polygon"}, "properties": {"name": "Urkan"}}, {"type": "Feature", "geometry": {"coordinates": [[[56.001, 55.364], [57.339, 55.748], [58.16, 55.379], [58.321, 55.194], [58.915, 54.586], [57.909, 53.896], [57.651, 53.314], [58.335, 52.794], [58.108, 52.517], [57.472, 52.76], [56.523, 52.677], [55.39, 53.044], [55.614, 54.656], [56.001, 55.364]]], "type": "Polygon"}, "properties": {"name": "Bashgird"}}, {"type": "Feature", "geometry": {"coordinates": [[[-2.77, 55.221], [-1.974, 55.725], [-1.629, 55.511], [-1.164, 54.587], [-2.338, 54.478], [-2.77, 55.221]]], "type": "Polygon"}, "properties": {"name": "Northumberland"}}, {"type": "Feature", "geometry": {"coordinates": [[[9.808, 55.481], [10.782, 55.533], [10.985, 54.952], [11.055, 54.795], [10.821, 54.878], [10.71, 54.735], [10.784, 55.052], [9.808, 55.481]]], "type": "Polygon"}, "properties": {"name": "Fyn"}}, {"type": "Feature", "geometry": {"coordinates": [[[43.299, 55.606], [45.606, 55.383], [46.529, 55.199], [45.97, 54.075], [45.339, 53.832], [43.4, 54.41], [42.877, 54.354], [42.847, 54.511], [43.299, 55.606]]], "type": "Polygon"}, "properties": {"name": "Alatyr"}}, {"type": "Feature", "geometry": {"coordinates": [[[-79.646, 54.678], [-77.261, 55.51], [-76.561, 55.097], [-76.056, 54.518], [-76.677, 54.523], [-76.829, 54.308], [-77.639, 54.061], [-76.21, 53.729], [-76.119, 52.296], [-76.651, 51.95], [-78.4, 52.205], [-79.041, 54.036], [-79.646, 54.678]]], "type": "Polygon"}, "properties": {"name": "Cisapipi"}}, {"type": "Feature", "geometry": {"coordinates": [[[49.186, 55.128], [51.415, 55.523], [52.552, 54.777], [52.469, 54.158], [50.328, 54.081], [48.591, 54.716], [49.186, 55.128]]], "type": "Polygon"}, "properties": {"name": "Ar-Chally"}}, {"type": "Feature", "geometry": {"coordinates": [[[-122.955, 55.437], [-121.847, 54.628], [-120.513, 54.012], [-119.888, 53.384], [-121.316, 52.461], [-122.696, 52.677], [-124.404, 53.447], [-123.616, 54.326], [-123.512, 54.942], [-122.955, 55.437]]], "type": "Polygon"}, "properties": {"name": "Dakelh"}}, {"type": "Feature", "geometry": {"coordinates": [[[-111.901, 55.447], [-110.447, 54.583], [-109.717, 53.734], [-109.499, 53.124], [-109.744, 52.367], [-109.624, 51.869], [-110.05, 51.973], [-112.537, 52.619], [-113.676, 53.467], [-115.526, 53.849], [-114.254, 54.252], [-113.296, 54.478], [-111.901, 55.447]]], "type": "Polygon"}, "properties": {"name": "Nehiyawawin"}}, {"type": "Feature", "geometry": {"coordinates": [[[-66.532, 55.252], [-66.421, 55.447], [-66.461, 54.9], [-65.493, 54.583], [-65.235, 53.971], [-64.156, 53.759], [-64.818, 54.079], [-64.852, 54.346], [-63.878, 54.075], [-62.711, 54.618], [-59.921, 54.813], [-59.137, 55.032], [-58.08, 54.833], [-57.356, 54.58], [-59.203, 54.137], [-59.19, 54.081], [-58.91, 53.999], [-60.225, 53.655], [-60.778, 53.785], [-60.201, 53.526], [-60.284, 53.295], [-58.725, 53.857], [-58.869, 53.345], [-59.783, 52.805], [-60.311, 51.983], [-61.084, 51.968], [-63.799, 51.968], [-63.886, 52.557], [-63.505, 52.695], [-63.616, 53.16], [-64.566, 51.571], [-64.996, 52.109], [-66.389, 52.198], [-66.381, 53.043], [-66.822, 52.615], [-67.082, 53.359], [-67.598, 53.85], [-67.644, 54.436], [-67.198, 54.612], [-67.305, 54.949], [-66.757, 54.833], [-66.783, 55.33], [-66.532, 55.252]]], "type": "Polygon"}, "properties": {"name": "Naskapi"}}, {"type": "Feature", "geometry": {"coordinates": [[[8.577, 55.455], [9.575, 55.403], [9.622, 55.094], [9.543, 55.033], [9.517, 54.878], [8.654, 54.942], [8.577, 55.455]]], "type": "Polygon"}, "properties": {"name": "Ribe"}}, {"type": "Feature", "geometry": {"coordinates": [[[66.911, 54.795], [68.929, 55.442], [70.644, 55.256], [70.881, 54.229], [70.023, 53.139], [68.465, 52.393], [68.375, 51.752], [67.302, 51.51], [66.3, 51.091], [66.206, 51.787], [66.506, 52.621], [67.189, 53.807], [66.911, 54.795]]], "type": "Polygon"}, "properties": {"name": "Aksary"}}, {"type": "Feature", "geometry": {"coordinates": [[[-93.662, 54.783], [-91.31, 55.349], [-90.511, 54.803], [-87.942, 53.846], [-86.44, 52.138], [-88.474, 50.169], [-88.62, 50.069], [-90.806, 50.338], [-91.861, 50.724], [-93.304, 51.151], [-93.724, 52.175], [-93.944, 53.224], [-93.822, 53.906], [-93.877, 53.936], [-94.646, 54.449], [-93.662, 54.783]]], "type": "Polygon"}, "properties": {"name": "Weagamow"}}, {"type": "Feature", "geometry": {"coordinates": [[[-7.271, 55.353], [-7.024, 55.26], [-7.283, 54.998], [-6.194, 55.192], [-5.77, 54.813], [-5.924, 54.641], [-5.567, 54.399], [-6.197, 54.124], [-6.541, 54.087], [-6.954, 54.359], [-7.501, 54.093], [-8.047, 54.435], [-7.357, 55.196], [-7.271, 55.353]]], "type": "Polygon"}, "properties": {"name": "Ulster"}}, {"type": "Feature", "geometry": {"coordinates": [[[39.061, 55.335], [40.368, 55.027], [40.167, 54.038], [38.954, 53.463], [37.188, 54.536], [38.822, 54.985], [39.061, 55.335]]], "type": "Polygon"}, "properties": {"name": "Ryazan"}}, {"type": "Feature", "geometry": {"coordinates": [[[95.804, 55.174], [97.063, 55.383], [98.407, 54.859], [99.28, 54.453], [98.734, 53.063], [97.221, 53.5], [96.564, 53.653], [95.268, 53.453], [94.286, 54.024], [94.279, 54.61], [95.701, 54.72], [95.804, 55.174]]], "type": "Polygon"}, "properties": {"name": "Sayan"}}, {"type": "Feature", "geometry": {"coordinates": [[[-84.729, 55.206], [-82.514, 55.091], [-82.426, 54.437], [-82.25, 53.946], [-82.094, 52.763], [-81.737, 52.492], [-83.957, 51.316], [-84.612, 51.383], [-85.404, 51.859], [-86.44, 52.138], [-87.942, 53.846], [-85.192, 54.703], [-84.729, 55.206]]], "type": "Polygon"}, "properties": {"name": "Attawapiskat"}}, {"type": "Feature", "geometry": {"coordinates": [[[-8.67, 54.673], [-7.357, 55.196], [-8.047, 54.435], [-7.501, 54.093], [-7.811, 53.404], [-8.182, 52.98], [-8.989, 53.234], [-10.116, 53.503], [-9.499, 53.926], [-9.878, 53.96], [-9.912, 54.272], [-9.554, 54.362], [-8.065, 54.638], [-8.67, 54.673]]], "type": "Polygon"}, "properties": {"name": "Connaught"}}, {"type": "Feature", "geometry": {"coordinates": [[[14.66, 55.275], [15.141, 55.051], [14.617, 55.029], [14.66, 55.275]]], "type": "Polygon"}, "properties": {"name": "Bornholm"}}, {"type": "Feature", "geometry": {"coordinates": [[[40.447, 55.29], [41.583, 55.121], [42.847, 54.511], [42.877, 54.354], [42.579, 53.94], [40.167, 54.038], [40.368, 55.027], [40.447, 55.29]]], "type": "Polygon"}, "properties": {"name": "Kasimov"}}, {"type": "Feature", "geometry": {"coordinates": [[[109.513, 55.194], [111.198, 55.141], [111.552, 54.534], [113.67, 54.806], [114.264, 54.472], [114.963, 54.704], [116.349, 54.628], [116.699, 54.329], [115.333, 53.402], [113.152, 52.189], [112.654, 51.771], [110.563, 52.094], [109.346, 52.215], [108.164, 52.754], [108.332, 53.014], [109.229, 53.684], [109.513, 55.194]]], "type": "Polygon"}, "properties": {"name": "Barguzinsky"}}, {"type": "Feature", "geometry": {"coordinates": [[[-2.805, 55.203], [-2.77, 55.221], [-2.338, 54.478], [-2.481, 54.082], [-2.756, 54.106], [-3.27, 54.158], [-3.553, 54.544], [-3.332, 54.986], [-2.805, 55.203]]], "type": "Polygon"}, "properties": {"name": "Cumbria"}}, {"type": "Feature", "geometry": {"coordinates": [[[22.812, 54.906], [23.286, 55.184], [24.662, 54.943], [23.763, 53.951], [23.481, 53.955], [23.32, 54.275], [22.98, 54.252], [22.66, 54.408], [22.812, 54.906]]], "type": "Polygon"}, "properties": {"name": "Troki"}}, {"type": "Feature", "geometry": {"coordinates": [[[46.529, 55.199], [48.283, 54.584], [48.983, 53.389], [48.275, 52.735], [47.919, 52.73], [47.52, 52.168], [47.287, 52.099], [45.76, 52.5], [45.97, 54.075], [46.529, 55.199]]], "type": "Polygon"}, "properties": {"name": "Simbirsk"}}, {"type": "Feature", "geometry": {"coordinates": [[[-101.369, 54.052], [-100.818, 55.166], [-99.578, 54.53], [-98.617, 54.471], [-98.282, 54.046], [-98.961, 54.018], [-99.325, 53.389], [-99.703, 53.387], [-99.574, 54.076], [-99.878, 54.048], [-99.825, 54.373], [-100.193, 54.443], [-100.327, 53.756], [-100.67, 53.619], [-100.413, 53.387], [-101.126, 53.357], [-100.967, 53.042], [-100.135, 52.983], [-99.97, 52.75], [-100.079, 52.132], [-99.174, 51.8], [-99.129, 51.689], [-100.23, 50.75], [-100.834, 50.522], [-101.315, 50.89], [-101.348, 52.357], [-101.812, 53.216], [-101.369, 54.052]]], "type": "Polygon"}, "properties": {"name": "Woods Cree"}}, {"type": "Feature", "geometry": {"coordinates": [[[-99.65, 53.125], [-99.029, 53.198], [-98.457, 52.64], [-98.769, 51.999], [-99.934, 52.349], [-99.602, 52.349], [-99.492, 52.381], [-99.791, 52.553], [-99.65, 53.125]]], "type": "Polygon"}, "properties": {"name": "Woods Cree"}}, {"type": "Feature", "geometry": {"coordinates": [[[9.622, 55.094], [10.381, 54.913], [9.766, 54.76], [9.517, 54.878], [9.64, 55.042], [9.622, 55.094]]], "type": "Polygon"}, "properties": {"name": "Ribe"}}, {"type": "Feature", "geometry": {"coordinates": [[[11.854, 55.116], [12.002, 55.074], [12.544, 55.01], [12.143, 54.815], [12.05, 54.607], [11.633, 54.657], [11.764, 54.74], [11.712, 54.766], [11.882, 54.987], [11.854, 55.116]]], "type": "Polygon"}, "properties": {"name": "Lolland"}}, {"type": "Feature", "geometry": {"coordinates": [[[20.551, 55.069], [21.109, 54.878], [21.202, 55.128], [21.741, 54.964], [20.947, 54.365], [20.379, 54.339], [20.063, 54.372], [19.761, 54.418], [20.313, 54.634], [19.854, 54.831], [20.551, 55.069]]], "type": "Polygon"}, "properties": {"name": "Ostpreussen"}}, {"type": "Feature", "geometry": {"coordinates": [[[9.543, 55.033], [9.64, 55.042], [9.517, 54.878], [9.543, 55.033]]], "type": "Polygon"}, "properties": {"name": "Ribe"}}, {"type": "Feature", "geometry": {"coordinates": [[[21.741, 54.964], [22.409, 55.074], [22.812, 54.906], [22.66, 54.408], [20.379, 54.339], [20.947, 54.365], [21.741, 54.964]]], "type": "Polygon"}, "properties": {"name": "Wystruc"}}, {"type": "Feature", "geometry": {"coordinates": [[[8.319, 54.957], [8.654, 54.942], [9.517, 54.878], [9.766, 54.76], [9.993, 54.654], [8.797, 54.201], [8.734, 54.319], [8.975, 54.51], [8.319, 54.957]]], "type": "Polygon"}, "properties": {"name": "Slesvig"}}, {"type": "Feature", "geometry": {"coordinates": [[[10.985, 54.952], [11.712, 54.766], [11.764, 54.74], [11.633, 54.657], [11.53, 54.592], [11.086, 54.725], [11.055, 54.795], [10.985, 54.952]]], "type": "Polygon"}, "properties": {"name": "Lolland"}}, {"type": "Feature", "geometry": {"coordinates": [[[26.772, 53.496], [27.406, 54.931], [28.539, 54.737], [29.455, 54.158], [29.494, 53.898], [29.686, 53.11], [28.792, 52.653], [27.358, 53.163], [26.462, 53.528], [26.772, 53.496]]], "type": "Polygon"}, "properties": {"name": "Minsk"}}, {"type": "Feature", "geometry": {"coordinates": [[[18.144, 54.838], [18.474, 54.764], [18.349, 54.172], [18.672, 53.952], [18.713, 53.692], [17.577, 53.267], [17.574, 53.664], [17.482, 54.134], [18.144, 54.838]]], "type": "Polygon"}, "properties": {"name": "Gdingen"}}, {"type": "Feature", "geometry": {"coordinates": [[[15.693, 54.219], [18.144, 54.838], [17.482, 54.134], [17.574, 53.664], [16.933, 53.573], [16.714, 54.003], [16.148, 53.759], [15.693, 54.219]]], "type": "Polygon"}, "properties": {"name": "Hinterpommern"}}, {"type": "Feature", "geometry": {"coordinates": [[[18.474, 54.764], [18.528, 54.428], [19.353, 54.419], [19.375, 54.285], [18.672, 53.952], [18.349, 54.172], [18.474, 54.764]]], "type": "Polygon"}, "properties": {"name": "Danzig"}}, {"type": "Feature", "geometry": {"coordinates": [[[64.107, 54.327], [66.668, 54.767], [66.911, 54.795], [67.189, 53.807], [66.506, 52.621], [66.206, 51.787], [66.3, 51.091], [65.27, 51.134], [63.482, 50.981], [62.572, 51.59], [61.489, 51.367], [59.909, 51.964], [60.847, 52.322], [60.836, 52.9], [62.023, 53.043], [61.091, 53.34], [60.969, 54.026], [62.278, 54.009], [63.071, 54.201], [64.107, 54.327]]], "type": "Polygon"}, "properties": {"name": "Lower Ishim"}}, {"type": "Feature", "geometry": {"coordinates": [[[9.993, 54.654], [11.071, 54.28], [10.854, 54.136], [10.331, 54.177], [10.252, 53.885], [10.004, 53.73], [9.399, 53.905], [8.978, 53.922], [8.797, 54.201], [9.993, 54.654]]], "type": "Polygon"}, "properties": {"name": "Holstein"}}, {"type": "Feature", "geometry": {"coordinates": [[[48.283, 54.584], [48.591, 54.716], [50.328, 54.081], [49.987, 52.17], [48.275, 52.735], [48.983, 53.389], [48.283, 54.584]]], "type": "Polygon"}, "properties": {"name": "Samara"}}, {"type": "Feature", "geometry": {"coordinates": [[[-128.571, 54.344], [-128.048, 54.668], [-125.867, 53.291], [-126.869, 52.736], [-127.857, 52.187], [-128.015, 51.723], [-128.206, 52.26], [-127.88, 52.237], [-127.788, 52.532], [-128.605, 52.35], [-128.612, 52.6], [-129.195, 53.285], [-128.4, 52.609], [-127.991, 52.799], [-128.285, 52.87], [-129.181, 53.513], [-129.233, 53.544], [-128.499, 53.465], [-127.799, 53.304], [-128.509, 53.51], [-128.578, 53.921], [-128.571, 54.344]]], "type": "Polygon"}, "properties": {"name": "Tsimshian"}}, {"type": "Feature", "geometry": {"coordinates": [[[-1.164, 54.587], [0.054, 53.627], [-0.092, 53.66], [-0.78, 53.751], [-1.231, 53.54], [-2.026, 53.657], [-2.165, 53.798], [-2.481, 54.082], [-2.338, 54.478], [-1.164, 54.587]]], "type": "Polygon"}, "properties": {"name": "Yorkshire"}}, {"type": "Feature", "geometry": {"coordinates": [[[135.767, 54.564], [136.807, 54.623], [136.674, 53.813], [137.178, 53.829], [137.189, 54.224], [137.613, 54.372], [137.438, 54.063], [137.631, 53.866], [137.213, 53.508], [138.455, 53.839], [138.283, 53.513], [138.766, 54.229], [139.772, 54.238], [141.457, 53.184], [140.902, 53.02], [139.494, 53.216], [140.211, 52.452], [139.646, 51.57], [137.88, 50.708], [137.249, 50.585], [135.001, 50.986], [135.818, 52.093], [135.28, 53.301], [134.727, 53.916], [135.767, 54.564]]], "type": "Polygon"}, "properties": {"name": "Miyoo Gasan"}}, {"type": "Feature", "geometry": {"coordinates": [[[37.166, 54.547], [37.188, 54.536], [38.954, 53.463], [38.916, 53.157], [37.569, 53.023], [35.797, 54.043], [36.024, 54.315], [37.166, 54.547]]], "type": "Polygon"}, "properties": {"name": "Tula"}}, {"type": "Feature", "geometry": {"coordinates": [[[57.909, 53.896], [58.915, 54.586], [60.969, 54.026], [61.091, 53.34], [62.023, 53.043], [60.836, 52.9], [60.847, 52.322], [59.909, 51.964], [61.489, 51.367], [61.166, 50.776], [59.79, 50.761], [59.703, 50.553], [58.263, 51.154], [58.598, 51.234], [58.764, 52.256], [58.108, 52.517], [58.335, 52.794], [57.651, 53.314], [57.909, 53.896]]], "type": "Polygon"}, "properties": {"name": "Iglino"}}, {"type": "Feature", "geometry": {"coordinates": [[[74.443, 53.722], [76.688, 54.501], [76.314, 54.055], [77.875, 53.158], [79.422, 51.369], [78.583, 50.599], [78.229, 49.981], [77.367, 49.298], [74.773, 50.655], [74.485, 51.214], [74.949, 51.451], [75.822, 52.098], [74.633, 52.81], [74.832, 53.313], [74.443, 53.722]]], "type": "Polygon"}, "properties": {"name": "Argyn"}}, {"type": "Feature", "geometry": {"coordinates": [[[-118.378, 54.405], [-115.526, 53.849], [-113.676, 53.467], [-112.537, 52.619], [-114.437, 51.881], [-115.74, 51.618], [-116.172, 51.211], [-117.588, 52.057], [-118.631, 52.903], [-118.378, 54.405]]], "type": "Polygon"}, "properties": {"name": "Edmonton"}}, {"type": "Feature", "geometry": {"coordinates": [[[12.235, 54.267], [13.8, 54.005], [14.389, 53.965], [14.245, 53.934], [13.759, 53.861], [14.339, 53.519], [14.483, 53.316], [14.242, 53.02], [12.941, 53.755], [12.235, 54.267]]], "type": "Polygon"}, "properties": {"name": "Vorpommern"}}, {"type": "Feature", "geometry": {"coordinates": [[[19.375, 54.285], [19.761, 54.418], [20.063, 54.372], [20.526, 53.593], [20.333, 53.419], [18.713, 53.692], [18.672, 53.952], [19.375, 54.285]]], "type": "Polygon"}, "properties": {"name": "Marienburg"}}, {"type": "Feature", "geometry": {"coordinates": [[[20.063, 54.372], [20.379, 54.339], [22.66, 54.408], [22.98, 54.252], [22.445, 53.964], [20.892, 53.62], [20.526, 53.593], [20.063, 54.372]]], "type": "Polygon"}, "properties": {"name": "Warmia"}}, {"type": "Feature", "geometry": {"coordinates": [[[42.877, 54.354], [43.4, 54.41], [45.339, 53.832], [45.97, 54.075], [45.76, 52.5], [45.067, 52.51], [44.838, 52.505], [43.623, 52.998], [42.678, 52.695], [42.223, 52.844], [42.579, 53.94], [42.877, 54.354]]], "type": "Polygon"}, "properties": {"name": "Pensa"}}, {"type": "Feature", "geometry": {"coordinates": [[[142.659, 54.368], [142.909, 54.14], [143.227, 53.15], [143.1, 52.213], [143.369, 51.322], [143.936, 49.961], [142.205, 49.971], [142.172, 50.874], [141.698, 52.293], [141.887, 53.43], [142.545, 53.487], [142.506, 54.199], [142.659, 54.368]]], "type": "Polygon"}, "properties": {"name": "Udskoye"}}, {"type": "Feature", "geometry": {"coordinates": [[[-97.906, 53.931], [-95.893, 54.33], [-94.763, 53.983], [-94.728, 53.821], [-93.877, 53.774], [-93.877, 53.936], [-93.822, 53.906], [-93.944, 53.224], [-93.724, 52.175], [-93.304, 51.151], [-94.546, 50.631], [-96.331, 51.59], [-97.906, 53.931]]], "type": "Polygon"}, "properties": {"name": "Atikaki"}}, {"type": "Feature", "geometry": {"coordinates": [[[-7.501, 54.093], [-6.954, 54.359], [-6.541, 54.087], [-6.197, 54.124], [-6.252, 52.648], [-7.811, 53.404], [-7.501, 54.093]]], "type": "Polygon"}, "properties": {"name": "Meath"}}, {"type": "Feature", "geometry": {"coordinates": [[[22.98, 54.252], [23.32, 54.275], [23.481, 53.955], [23.971, 52.917], [23.15, 52.356], [23.532, 51.939], [22.567, 51.965], [22.282, 52.136], [22.085, 52.77], [22.593, 53.222], [22.445, 53.964], [22.98, 54.252]]], "type": "Polygon"}, "properties": {"name": "Podlasia"}}, {"type": "Feature", "geometry": {"coordinates": [[[30.747, 54.257], [31.281, 54.284], [32.582, 53.564], [32.691, 53.298], [31.261, 53.17], [31.692, 52.103], [30.852, 52.125], [29.686, 53.11], [29.494, 53.898], [30.366, 53.815], [30.747, 54.257]]], "type": "Polygon"}, "properties": {"name": "Mogilyov"}}, {"type": "Feature", "geometry": {"coordinates": [[[130.376, 54.085], [131.587, 54.317], [132.032, 53.64], [132.425, 53.661], [133.053, 53.665], [132.936, 52.489], [131.192, 50.86], [128.649, 50.053], [128.295, 49.533], [127.612, 49.761], [126.914, 51.024], [125.818, 52.874], [125.942, 53.024], [128.114, 53.842], [130.376, 54.085]]], "type": "Polygon"}, "properties": {"name": "Saghalian Oula"}}, {"type": "Feature", "geometry": {"coordinates": [[[-58.244, 54.221], [-57.486, 54.158], [-57.171, 53.881], [-57.381, 53.453], [-56.901, 53.726], [-55.813, 53.284], [-56.214, 52.479], [-55.839, 51.946], [-56.018, 51.954], [-60.311, 51.983], [-59.783, 52.805], [-58.869, 53.345], [-58.725, 53.857], [-58.725, 53.871], [-58.042, 54.048], [-58.244, 54.221]]], "type": "Polygon"}, "properties": {"name": "Labrador"}}, {"type": "Feature", "geometry": {"coordinates": [[[10.331, 54.177], [10.854, 54.136], [10.83, 53.945], [10.83, 53.709], [10.252, 53.885], [10.331, 54.177]]], "type": "Polygon"}, "properties": {"name": "Lübeck"}}, {"type": "Feature", "geometry": {"coordinates": [[[10.83, 53.945], [12.235, 54.267], [12.941, 53.755], [12.613, 53.3], [11.82, 53.453], [11.333, 53.041], [11.047, 53.093], [10.83, 53.709], [10.83, 53.945]]], "type": "Polygon"}, "properties": {"name": "Mecklenburg"}}, {"type": "Feature", "geometry": {"coordinates": [[[14.389, 53.965], [15.693, 54.219], [16.148, 53.759], [14.483, 53.316], [14.339, 53.519], [14.644, 53.846], [14.245, 53.934], [14.389, 53.965]]], "type": "Polygon"}, "properties": {"name": "Stettin"}}, {"type": "Feature", "geometry": {"coordinates": [[[24.682, 54.028], [25.652, 54.24], [25.619, 53.614], [25.187, 52.944], [23.971, 52.917], [23.481, 53.955], [23.763, 53.951], [24.682, 54.028]]], "type": "Polygon"}, "properties": {"name": "Grodno"}}, {"type": "Feature", "geometry": {"coordinates": [[[32.582, 53.564], [35.529, 54.216], [35.797, 54.043], [37.569, 53.023], [36.934, 52.684], [35.804, 53.045], [35.345, 52.597], [33.933, 52.984], [32.691, 53.298], [32.582, 53.564]]], "type": "Polygon"}, "properties": {"name": "Bryansk"}}, {"type": "Feature", "geometry": {"coordinates": [[[50.328, 54.081], [52.469, 54.158], [53.505, 52.877], [53.383, 51.48], [52.522, 51.516], [50.701, 51.771], [49.987, 52.17], [50.328, 54.081]]], "type": "Polygon"}, "properties": {"name": "Buzuluk"}}, {"type": "Feature", "geometry": {"coordinates": [[[70.023, 53.139], [70.881, 54.229], [72.943, 54.04], [72.219, 53.28], [72.526, 52.788], [71.739, 52.002], [71.643, 51.091], [69.272, 51.605], [68.375, 51.752], [68.465, 52.393], [70.023, 53.139]]], "type": "Polygon"}, "properties": {"name": "Kerey"}}, {"type": "Feature", "geometry": {"coordinates": [[[-132.971, 54.121], [-131.583, 54.065], [-131.883, 53.233], [-131.598, 52.795], [-131.416, 52.655], [-130.75, 51.928], [-131.872, 52.7], [-132.42, 53.384], [-132.971, 54.121]]], "type": "Polygon"}, "properties": {"name": "Haida"}}, {"type": "Feature", "geometry": {"coordinates": [[[-2.756, 54.106], [-2.481, 54.082], [-2.165, 53.798], [-2.132, 53.244], [-2.949, 52.956], [-2.99, 53.208], [-2.807, 53.331], [-2.756, 54.106]]], "type": "Polygon"}, "properties": {"name": "Lancashire"}}, {"type": "Feature", "geometry": {"coordinates": [[[38.954, 53.463], [40.167, 54.038], [42.579, 53.94], [42.223, 52.844], [42.252, 51.402], [40.581, 51.32], [39.391, 52.078], [38.916, 53.157], [38.954, 53.463]]], "type": "Polygon"}, "properties": {"name": "Tambow"}}, {"type": "Feature", "geometry": {"coordinates": [[[72.943, 54.04], [73.183, 53.96], [73.202, 53.574], [74.443, 53.722], [74.832, 53.313], [74.633, 52.81], [75.822, 52.098], [74.949, 51.451], [74.485, 51.214], [74.773, 50.655], [74.059, 50.22], [72.827, 50.614], [71.643, 51.091], [71.739, 52.002], [72.526, 52.788], [72.219, 53.28], [72.943, 54.04]]], "type": "Polygon"}, "properties": {"name": "Shegendyk"}}, {"type": "Feature", "geometry": {"coordinates": [[[16.148, 53.759], [16.714, 54.003], [16.933, 53.573], [15.992, 52.601], [16.095, 52.288], [15.858, 52.169], [14.633, 52.622], [14.235, 52.806], [14.242, 53.02], [14.483, 53.316], [16.148, 53.759]]], "type": "Polygon"}, "properties": {"name": "Neumark"}}, {"type": "Feature", "geometry": {"coordinates": [[[20.892, 53.62], [22.445, 53.964], [22.593, 53.222], [22.085, 52.77], [20.832, 53.038], [20.892, 53.62]]], "type": "Polygon"}, "properties": {"name": "Wizna"}}, {"type": "Feature", "geometry": {"coordinates": [[[9.399, 53.905], [10.004, 53.73], [10.001, 53.347], [9.679, 53.402], [9.685, 52.683], [8.514404296875, 52.89564866211353], [8.404541015625, 53.56967636543387], [8.593, 53.891], [9.275207519531248, 53.8476659752236], [9.751, 53.43], [9.399, 53.905]]], "type": "Polygon"}, "properties": {"name": "Bremen"}}, {"type": "Feature", "geometry": {"coordinates": [[[10.252, 53.885], [10.83, 53.709], [11.047, 53.093], [10.001, 53.347], [10.004, 53.73], [10.252, 53.885]]], "type": "Polygon"}, "properties": {"name": "Lauenburg"}}, {"type": "Feature", "geometry": {"coordinates": [[[13.759, 53.861], [14.245, 53.934], [14.644, 53.846], [14.339, 53.519], [13.759, 53.861]]], "type": "Polygon"}, "properties": {"name": "Vorpommern"}}, {"type": "Feature", "geometry": {"coordinates": [[[132.425, 53.661], [134.727, 53.916], [135.28, 53.301], [135.818, 52.093], [135.001, 50.986], [134.304, 50.859], [132.885, 48.929], [131.801, 48.84], [131.94, 47.58], [130.74, 47.937], [130.33, 48.869], [128.295, 49.533], [128.649, 50.053], [131.192, 50.86], [132.936, 52.489], [133.053, 53.665], [132.425, 53.661]]], "type": "Polygon"}, "properties": {"name": "Birija"}}, {"type": "Feature", "geometry": {"coordinates": [[[-2.165, 53.798], [-2.026, 53.657], [-1.231, 53.54], [-0.625, 52.657], [-1.288, 52.363], [-2.132, 53.244], [-2.165, 53.798]]], "type": "Polygon"}, "properties": {"name": "Derby"}}, {"type": "Feature", "geometry": {"coordinates": [[[-109.717, 53.734], [-107.043, 52.998], [-105.537, 53.336], [-104.147, 52.473], [-105.525, 51.603], [-106.163, 50.752], [-108.319, 51.748], [-109.624, 51.869], [-109.744, 52.367], [-109.499, 53.124], [-109.717, 53.734]]], "type": "Polygon"}, "properties": {"name": "Sipiwininiwak"}}, {"type": "Feature", "geometry": {"coordinates": [[[-1.231, 53.54], [-0.78, 53.751], [-0.092, 53.66], [0.291, 53.135], [0.181, 52.765], [-0.545, 52.564], [-0.625, 52.657], [-1.231, 53.54]]], "type": "Polygon"}, "properties": {"name": "Lincoln"}}, {"type": "Feature", "geometry": {"coordinates": [[[12.941, 53.755], [14.242, 53.02], [14.235, 52.806], [14.633, 52.622], [13.785, 52.37], [13.189, 52.521], [12.613, 53.3], [12.941, 53.755]]], "type": "Polygon"}, "properties": {"name": "Brandenburg"}}, {"type": "Feature", "geometry": {"coordinates": [[[18.713, 53.692], [20.333, 53.419], [18.885, 52.722], [17.848, 52.804], [17.797, 53.159], [17.577, 53.267], [18.713, 53.692]]], "type": "Polygon"}, "properties": {"name": "Torun"}}, {"type": "Feature", "geometry": {"coordinates": [[[96.564, 53.653], [97.221, 53.5], [98.734, 53.063], [98.704, 52.085], [97.748, 51.304], [98.023, 50.235], [97.643, 49.94], [97.132, 49.738], [94.181, 50.16], [94.135, 50.556], [92.087, 50.761], [89.728, 49.999], [88.988, 51.048], [88.507, 51.846], [89.371, 51.745], [90.021, 52.741], [90.572, 52.121], [93.663, 52.402], [93.182, 52.71], [94.324, 52.973], [94.5, 53.361], [95.268, 53.453], [96.564, 53.653]]], "type": "Polygon"}, "properties": {"name": "Tannu Tuva"}}, {"type": "Feature", "geometry": {"coordinates": [[[7.11, 53.339], [7.636, 53.712], [7.722, 53.004], [7.33, 52.857], [7.11, 53.339]]], "type": "Polygon"}, "properties": {"name": "East Frisia"}}, {"type": "Feature", "geometry": {"coordinates": [[[7.636, 53.712], [8.114, 53.479], [8.398, 53.564], [8.503, 52.897], [8.076, 52.874], [7.722, 53.004], [7.636, 53.712]]], "type": "Polygon"}, "properties": {"name": "Oldenburg"}}, {"type": "Feature", "geometry": {"coordinates": [[[16.933, 53.573], [17.574, 53.664], [17.577, 53.267], [17.797, 53.159], [17.848, 52.804], [17.368, 52.529], [17.46, 51.619], [16.419, 51.846], [15.858, 52.169], [16.095, 52.288], [15.992, 52.601], [16.933, 53.573]]], "type": "Polygon"}, "properties": {"name": "Poznan"}}, {"type": "Feature", "geometry": {"coordinates": [[[20.526, 53.593], [20.892, 53.62], [20.832, 53.038], [20.399, 52.284], [19.129, 52.544], [18.885, 52.722], [20.333, 53.419], [20.526, 53.593]]], "type": "Polygon"}, "properties": {"name": "Plock"}}, {"type": "Feature", "geometry": {"coordinates": [[[25.619, 53.614], [26.462, 53.528], [27.358, 53.163], [27.092, 51.777], [26.584, 51.838], [25.749, 51.966], [25.187, 52.944], [25.619, 53.614]]], "type": "Polygon"}, "properties": {"name": "Polesia"}}, {"type": "Feature", "geometry": {"coordinates": [[[85.608, 53.198], [87.151, 53.66], [88.81, 53.439], [90.021, 52.741], [89.371, 51.745], [88.507, 51.846], [88.988, 51.048], [89.728, 49.999], [87.6, 49.118], [86.88, 49.143], [86.527, 49.675], [85.484, 49.538], [84.399, 50.202], [83.614, 50.87], [82.784, 50.904], [82.749, 51.489], [84.142, 51.993], [83.74, 52.273], [83.868, 52.456], [84.393, 52.374], [85.608, 53.198]]], "type": "Polygon"}, "properties": {"name": "Altai"}}, {"type": "Feature", "geometry": {"coordinates": [[[5.713, 53.304], [7.11, 53.339], [7.33, 52.857], [6.71, 52.588], [6.029, 53.114], [5.799, 52.9], [5.363, 52.927], [5.713, 53.304]]], "type": "Polygon"}, "properties": {"name": "Friesland"}}, {"type": "Feature", "geometry": {"coordinates": [[[11.82, 53.453], [12.613, 53.3], [13.189, 52.521], [12.616, 52.599], [11.544, 52.976], [11.333, 53.041], [11.82, 53.453]]], "type": "Polygon"}, "properties": {"name": "Ruppin"}}, {"type": "Feature", "geometry": {"coordinates": [[[118.923, 53.033], [121.349, 53.377], [119.944, 52.688], [120.558, 52.601], [120.736, 52.126], [119.868, 51.409], [119.212, 50.065], [117.853, 49.508], [116.611, 49.835], [116.225, 50.021], [115.235, 49.906], [114.085, 50.244], [112.042, 49.686], [109.442, 49.452], [109.599, 49.532], [110.57, 49.597], [111.227, 50.913], [112.654, 51.771], [113.152, 52.189], [113.809, 51.762], [115.642, 51.904], [118.032, 52.374], [118.923, 53.033]]], "type": "Polygon"}, "properties": {"name": "Nerchinsky"}}, {"type": "Feature", "geometry": {"coordinates": [[[121.349, 53.377], [124.082, 53.359], [125.942, 53.024], [125.818, 52.874], [126.914, 51.024], [126.25, 50.907], [125.509, 50.848], [124.552, 51.252], [122.767, 51.176], [122.263, 51.898], [120.736, 52.126], [120.558, 52.601], [119.944, 52.688], [121.349, 53.377]]], "type": "Polygon"}, "properties": {"name": "Albazinsky"}}, {"type": "Feature", "geometry": {"coordinates": [[[-125.057, 53.006], [-124.404, 53.447], [-122.696, 52.677], [-121.316, 52.461], [-120.324, 50.725], [-120.571, 50.33], [-121.816, 50.258], [-123.791, 51.548], [-125.057, 53.006]]], "type": "Polygon"}, "properties": {"name": "Rocky Mountains"}}, {"type": "Feature", "geometry": {"coordinates": [[[-121.316, 52.461], [-119.888, 53.384], [-118.631, 52.903], [-117.588, 52.057], [-118.528, 51.281], [-119.559, 51.272], [-120.324, 50.725], [-121.316, 52.461]]], "type": "Polygon"}, "properties": {"name": "Secwepemc"}}, {"type": "Feature", "geometry": {"coordinates": [[[-7.811, 53.404], [-6.252, 52.648], [-6.194, 52.613], [-6.604, 52.324], [-8.027, 51.952], [-8.182, 52.98], [-7.811, 53.404]]], "type": "Polygon"}, "properties": {"name": "Leinster"}}, {"type": "Feature", "geometry": {"coordinates": [[[9.679, 53.402], [10.001, 53.347], [11.047, 53.093], [11.333, 53.041], [11.544, 52.976], [10.842, 52.762], [10.886, 52.5], [10.467, 52.384], [9.685, 52.683], [9.679, 53.402]]], "type": "Polygon"}, "properties": {"name": "Lüneburg"}}, {"type": "Feature", "geometry": {"coordinates": [[[-125.867, 53.291], [-125.057, 53.006], [-123.791, 51.548], [-124.688, 50.992], [-124.771, 50.639], [-125.016, 50.482], [-125.249, 50.327], [-125.434, 50.556], [-125.45, 50.952], [-125.488, 50.478], [-125.886, 50.435], [-125.896, 50.435], [-126.298, 50.668], [-126.309, 50.868], [-127.211, 50.879], [-127.574, 51.141], [-127.13, 51.779], [-127.552, 51.569], [-127.983, 51.505], [-127.703, 51.73], [-127.723, 51.939], [-126.984, 52.226], [-126.466, 52.055], [-127.094, 52.374], [-126.869, 52.736], [-125.867, 53.291]]], "type": "Polygon"}, "properties": {"name": "Kwakiutl"}}, {"type": "Feature", "geometry": {"coordinates": [[[-4.283, 53.107], [-3.314, 53.33], [-2.99, 53.208], [-2.949, 52.956], [-3.082, 51.914], [-3.528, 51.863], [-4.105, 52.251], [-4.283, 53.107]]], "type": "Polygon"}, "properties": {"name": "Gwynedd"}}, {"type": "Feature", "geometry": {"coordinates": [[[31.261, 53.17], [32.691, 53.298], [33.933, 52.984], [35.345, 52.597], [35.119, 52.064], [34.345, 51.824], [33.787, 52.363], [32.403, 52.285], [32.108, 52.1], [31.692, 52.103], [31.261, 53.17]]], "type": "Polygon"}, "properties": {"name": "Novgorod-Seversky"}}, {"type": "Feature", "geometry": {"coordinates": [[[-81.877, 53.182], [-81.111, 53.186], [-80.627, 52.7], [-81.979, 52.971], [-81.877, 53.182]]], "type": "Polygon"}, "properties": {"name": "Moose Cree"}}, {"type": "Feature", "geometry": {"coordinates": [[[-8.989, 53.234], [-8.182, 52.98], [-8.027, 51.952], [-7.992, 51.911], [-9.472, 51.555], [-9.543, 52.004], [-9.962, 51.847], [-9.912, 52.129], [-9.887, 52.143], [-9.911, 52.144], [-10.457, 52.272], [-9.839, 52.29], [-9.783, 52.347], [-9.64, 52.487], [-8.869, 52.707], [-9.519, 52.715], [-9.324, 53.089], [-8.989, 53.234]]], "type": "Polygon"}, "properties": {"name": "Munster"}}, {"type": "Feature", "geometry": {"coordinates": [[[-2.132, 53.244], [-1.288, 52.363], [-1.802, 52.133], [-2.741, 51.853], [-3.082, 51.914], [-2.949, 52.956], [-2.132, 53.244]]], "type": "Polygon"}, "properties": {"name": "Marches"}}, {"type": "Feature", "geometry": {"coordinates": [[[37.569, 53.023], [38.916, 53.157], [39.391, 52.078], [38.44, 51.618], [37.528, 51.683], [36.934, 52.684], [37.569, 53.023]]], "type": "Polygon"}, "properties": {"name": "Lipetsk"}}, {"type": "Feature", "geometry": {"coordinates": [[[139.494, 53.216], [140.902, 53.02], [141.264, 52.703], [141.062, 52.448], [141.364, 52.192], [140.507, 50.034], [140.369, 49.794], [139.181, 50.318], [138.667, 50.244], [137.88, 50.708], [139.646, 51.57], [140.211, 52.452], [139.494, 53.216]]], "type": "Polygon"}, "properties": {"name": "Deren"}}, {"type": "Feature", "geometry": {"coordinates": [[[-64.566, 51.571], [-63.616, 53.16], [-63.505, 52.695], [-63.886, 52.557], [-63.799, 51.968], [-61.084, 51.968], [-60.17, 50.211], [-64.594, 50.303], [-64.566, 51.571]]], "type": "Polygon"}, "properties": {"name": "Mingan"}}, {"type": "Feature", "geometry": {"coordinates": [[[27.358, 53.163], [28.792, 52.653], [29.686, 53.11], [30.852, 52.125], [30.496, 51.406], [29.273, 51.507], [28.291, 51.607], [27.092, 51.777], [27.358, 53.163]]], "type": "Polygon"}, "properties": {"name": "Turov"}}, {"type": "Feature", "geometry": {"coordinates": [[[0.181, 52.765], [1.013, 53.001], [1.629, 52.128], [1.521, 52.158], [0.495, 52.349], [-0.15, 52.101], [-0.196, 52.072], [-0.545, 52.564], [0.181, 52.765]]], "type": "Polygon"}, "properties": {"name": "Norfolk"}}, {"type": "Feature", "geometry": {"coordinates": [[[5.799, 52.9], [6.029, 53.114], [6.71, 52.588], [7.128, 52.382], [6.764, 52.118], [5.923, 52.469], [5.799, 52.9]]], "type": "Polygon"}, "properties": {"name": "Oversticht"}}, {"type": "Feature", "geometry": {"coordinates": [[[20.832, 53.038], [22.085, 52.77], [22.282, 52.136], [21.735, 51.705], [20.728, 51.641], [20.399, 52.284], [20.832, 53.038]]], "type": "Polygon"}, "properties": {"name": "Mazovia"}}, {"type": "Feature", "geometry": {"coordinates": [[[35.804, 53.045], [36.934, 52.684], [37.528, 51.683], [37.627, 50.207], [37.341, 50.399], [35.602, 50.399], [35.17, 51.102], [34.435, 51.23], [34.199, 51.416], [34.345, 51.824], [35.119, 52.064], [35.345, 52.597], [35.804, 53.045]]], "type": "Polygon"}, "properties": {"name": "Kursk"}}, {"type": "Feature", "geometry": {"coordinates": [[[42.678, 52.695], [43.623, 52.998], [44.838, 52.505], [45.067, 52.51], [43.969, 51.076], [42.88, 50.906], [42.252, 51.402], [42.223, 52.844], [42.678, 52.695]]], "type": "Polygon"}, "properties": {"name": "Etkara"}}, {"type": "Feature", "geometry": {"coordinates": [[[53.505, 52.877], [55.39, 53.044], [56.523, 52.677], [57.472, 52.76], [58.108, 52.517], [58.764, 52.256], [58.598, 51.234], [58.263, 51.154], [56.794, 51.077], [56.169, 50.883], [55.544, 50.606], [54.405, 51.013], [53.383, 51.48], [53.505, 52.877]]], "type": "Polygon"}, "properties": {"name": "Agyidel"}}, {"type": "Feature", "geometry": {"coordinates": [[[-66.822, 52.615], [-66.381, 53.043], [-66.389, 52.198], [-64.996, 52.109], [-64.566, 51.571], [-64.594, 50.303], [-64.559, 50.247], [-66.54, 50.181], [-67.353, 49.385], [-68.197, 49.241], [-69.113, 49.52], [-69.642, 50.684], [-69.052, 52.008], [-68.465, 51.194], [-67.748, 51.586], [-67.737, 52.077], [-66.822, 52.615]]], "type": "Polygon"}, "properties": {"name": "Manicouagan"}}, {"type": "Feature", "geometry": {"coordinates": [[[4.774, 52.934], [5.158, 52.933], [5.042, 52.374], [5.334, 52.239], [5.279, 52.221], [4.938, 52.133], [4.828, 51.962], [4.735, 51.818], [4.294, 51.703], [4.069, 51.832], [4.774, 52.934]]], "type": "Polygon"}, "properties": {"name": "Holland"}}, {"type": "Feature", "geometry": {"coordinates": [[[7.33, 52.857], [7.722, 53.004], [8.076, 52.874], [8.402, 52.34], [8.138, 52.051], [7.128, 52.382], [6.71, 52.588], [7.33, 52.857]]], "type": "Polygon"}, "properties": {"name": "Osnabrück"}}, {"type": "Feature", "geometry": {"coordinates": [[[10.842, 52.762], [11.544, 52.976], [12.616, 52.599], [12.444, 52.11], [10.813, 51.729], [10.886, 52.5], [10.842, 52.762]]], "type": "Polygon"}, "properties": {"name": "Altmark"}}, {"type": "Feature", "geometry": {"coordinates": [[[23.971, 52.917], [25.187, 52.944], [25.749, 51.966], [23.557, 51.642], [23.532, 51.939], [23.15, 52.356], [23.971, 52.917]]], "type": "Polygon"}, "properties": {"name": "Brest"}}, {"type": "Feature", "geometry": {"coordinates": [[[8.076, 52.874], [8.503, 52.897], [8.5089111328125, 52.89564866211353], [9.685, 52.683], [10.467, 52.384], [9.401, 51.986], [9.349, 51.836], [8.402, 52.34], [8.076, 52.874]]], "type": "Polygon"}, "properties": {"name": "Hannover"}}, {"type": "Feature", "geometry": {"coordinates": [[[17.368, 52.529], [17.848, 52.804], [18.885, 52.722], [19.129, 52.544], [18.742, 52.094], [18.326, 51.547], [18.004, 51.489], [17.46, 51.619], [17.368, 52.529]]], "type": "Polygon"}, "properties": {"name": "Kalisz"}}, {"type": "Feature", "geometry": {"coordinates": [[[-103.917, 52.683], [-102.249, 52.355], [-101.332, 51.981], [-101.348, 52.357], [-101.315, 50.89], [-102.525, 50.686], [-104.07, 50.896], [-105.585, 50.6], [-106.163, 50.752], [-105.525, 51.603], [-104.147, 52.473], [-103.917, 52.683]]], "type": "Polygon"}, "properties": {"name": "Mahmikiwiniyak"}}, {"type": "Feature", "geometry": {"coordinates": [[[47.919, 52.73], [48.275, 52.735], [49.987, 52.17], [50.701, 51.771], [49.038, 50.778], [48.608, 50.558], [47.734, 51.197], [46.697, 51.927], [47.287, 52.099], [47.52, 52.168], [47.919, 52.73]]], "type": "Polygon"}, "properties": {"name": "Kanadey"}}, {"type": "Feature", "geometry": {"coordinates": [[[106.304, 52.196], [108.164, 52.754], [109.346, 52.215], [110.563, 52.094], [112.654, 51.771], [111.227, 50.913], [110.57, 49.597], [109.599, 49.532], [108.133, 50.486], [105.818, 50.906], [103.392, 50.159], [103.089, 50.24], [103.279, 50.844], [104.483, 51.408], [105.594, 51.591], [106.304, 52.196]]], "type": "Polygon"}, "properties": {"name": "Udinsky"}}, {"type": "Feature", "geometry": {"coordinates": [[[-114.437, 51.881], [-112.537, 52.619], [-110.05, 51.973], [-111.593, 50.892], [-113.44, 50.182], [-114.499, 49.542], [-116.172, 51.211], [-115.74, 51.618], [-114.437, 51.881]]], "type": "Polygon"}, "properties": {"name": "Siksikawa"}}, {"type": "Feature", "geometry": {"coordinates": [[[-98.769, 51.999], [-98.457, 52.64], [-97.951, 52.177], [-97.676, 52.333], [-97.345, 52.254], [-97.29, 51.81], [-96.842, 52.022], [-97.015, 51.562], [-96.702, 51.492], [-97.038, 51.384], [-96.856, 50.722], [-97.801, 49.843], [-97.827, 48.963], [-99.751, 48.961], [-100.834, 50.522], [-100.23, 50.75], [-99.129, 51.689], [-98.488, 50.576], [-98.052, 50.711], [-98.624, 51.366], [-98.769, 51.999]]], "type": "Polygon"}, "properties": {"name": "Manitoba"}}, {"type": "Feature", "geometry": {"coordinates": [[[-1.288, 52.363], [-0.625, 52.657], [-0.545, 52.564], [-0.196, 52.072], [-0.752, 51.431], [-1.527, 51.416], [-1.802, 52.133], [-1.288, 52.363]]], "type": "Polygon"}, "properties": {"name": "Oxfordshire"}}, {"type": "Feature", "geometry": {"coordinates": [[[14.633, 52.622], [15.858, 52.169], [16.419, 51.846], [16.283, 51.645], [14.758, 51.799], [13.759, 51.679], [13.718, 51.963], [12.611, 52.094], [12.444, 52.11], [12.616, 52.599], [13.189, 52.521], [13.785, 52.37], [14.633, 52.622]]], "type": "Polygon"}, "properties": {"name": "Potsdam"}}, {"type": "Feature", "geometry": {"coordinates": [[[-81.737, 52.492], [-81.528, 52.436], [-81.598, 52.216], [-80.443, 51.423], [-79.629, 51.142], [-79.365, 50.426], [-79.407, 49.874], [-82.772, 50.704], [-83.765, 50.925], [-83.957, 51.316], [-81.737, 52.492]]], "type": "Polygon"}, "properties": {"name": "Moose Cree"}}, {"type": "Feature", "geometry": {"coordinates": [[[19.129, 52.544], [20.399, 52.284], [20.728, 51.641], [19.856, 51.327], [18.742, 52.094], [19.129, 52.544]]], "type": "Polygon"}, "properties": {"name": "Leczyca"}}, {"type": "Feature", "geometry": {"coordinates": [[[45.067, 52.51], [45.76, 52.5], [47.287, 52.099], [46.697, 51.927], [45.838, 51.727], [45.224, 50.263], [43.969, 51.076], [45.067, 52.51]]], "type": "Polygon"}, "properties": {"name": "Saratow"}}, {"type": "Feature", "geometry": {"coordinates": [[[5.334, 52.239], [5.923, 52.469], [6.764, 52.118], [6.746, 51.93], [6.293, 51.858], [5.92, 51.789], [5.841, 51.764], [5.665, 51.845], [5.523, 52.2], [5.279, 52.221], [5.334, 52.239]]], "type": "Polygon"}, "properties": {"name": "Gelre"}}, {"type": "Feature", "geometry": {"coordinates": [[[10.467, 52.384], [10.886, 52.5], [10.813, 51.729], [10.755, 51.588], [10.624, 51.266], [10.433, 51.094], [9.433, 51.635], [9.349, 51.836], [9.401, 51.986], [10.467, 52.384]]], "type": "Polygon"}, "properties": {"name": "Hannover"}}, {"type": "Feature", "geometry": {"coordinates": [[[-0.15, 52.101], [0.495, 52.349], [1.521, 52.158], [0.73, 51.58], [0.563, 51.62], [-0.054, 51.77], [-0.15, 52.101]]], "type": "Polygon"}, "properties": {"name": "Essex"}}, {"type": "Feature", "geometry": {"coordinates": [[[7.128, 52.382], [8.138, 52.051], [8.368, 51.817], [8.107, 51.554], [6.293, 51.858], [6.746, 51.93], [6.764, 52.118], [7.128, 52.382]]], "type": "Polygon"}, "properties": {"name": "Münster"}}, {"type": "Feature", "geometry": {"coordinates": [[[8.402, 52.34], [9.349, 51.836], [9.433, 51.635], [8.93, 51.286], [8.195, 50.735], [7.611, 51.145], [8.107, 51.554], [8.368, 51.817], [8.138, 52.051], [8.402, 52.34]]], "type": "Polygon"}, "properties": {"name": "Lippe"}}, {"type": "Feature", "geometry": {"coordinates": [[[32.403, 52.285], [33.787, 52.363], [34.345, 51.824], [34.199, 51.416], [33.54, 51.115], [31.83, 50.961], [30.496, 51.406], [30.852, 52.125], [31.692, 52.103], [32.108, 52.1], [32.403, 52.285]]], "type": "Polygon"}, "properties": {"name": "Chernigov"}}, {"type": "Feature", "geometry": {"coordinates": [[[-76.651, 51.95], [-76.119, 52.296], [-73.181, 51.772], [-71.479, 51.303], [-70.606, 50.396], [-70.376, 50.395], [-73.408, 49.788], [-73.696, 48.966], [-75.857, 48.664], [-77.402, 50.174], [-76.651, 51.95]]], "type": "Polygon"}, "properties": {"name": "Québec"}}, {"type": "Feature", "geometry": {"coordinates": [[[-78.4, 52.205], [-76.651, 51.95], [-77.402, 50.174], [-79.307, 49.651], [-79.365, 50.426], [-79.629, 51.142], [-79.368, 51.574], [-78.801, 51.148], [-78.844, 51.755], [-78.4, 52.205]]], "type": "Polygon"}, "properties": {"name": "Cree"}}, {"type": "Feature", "geometry": {"coordinates": [[[-5.257, 51.941], [-4.105, 52.251], [-3.528, 51.863], [-3.082, 51.914], [-2.741, 51.853], [-2.743, 51.763], [-3.322, 51.366], [-5, 51.673], [-5.257, 51.941]]], "type": "Polygon"}, "properties": {"name": "Glamorgan"}}, {"type": "Feature", "geometry": {"coordinates": [[[4.938, 52.133], [5.279, 52.221], [5.523, 52.2], [5.665, 51.845], [5.399, 51.672], [4.828, 51.962], [4.938, 52.133]]], "type": "Polygon"}, "properties": {"name": "Utrecht"}}, {"type": "Feature", "geometry": {"coordinates": [[[-88.474, 50.169], [-86.44, 52.138], [-85.404, 51.859], [-84.612, 51.383], [-83.957, 51.316], [-83.765, 50.925], [-85.459, 49.75], [-87.947, 49.634], [-88.014, 50.036], [-88.474, 50.169]]], "type": "Polygon"}, "properties": {"name": "Outoulibi"}}, {"type": "Feature", "geometry": {"coordinates": [[[-2.741, 51.853], [-1.802, 52.133], [-1.527, 51.416], [-2.413, 51.13], [-2.803, 51.424], [-2.526, 51.693], [-2.743, 51.763], [-2.741, 51.853]]], "type": "Polygon"}, "properties": {"name": "Gloucestershire"}}, {"type": "Feature", "geometry": {"coordinates": [[[-0.196, 52.072], [-0.15, 52.101], [-0.054, 51.77], [0.563, 51.62], [0.421, 51.364], [-0.865, 51.036], [-0.752, 51.431], [-0.196, 52.072]]], "type": "Polygon"}, "properties": {"name": "London"}}, {"type": "Feature", "geometry": {"coordinates": [[[10.813, 51.729], [12.444, 52.11], [12.611, 52.094], [12.407, 51.659], [10.755, 51.588], [10.813, 51.729]]], "type": "Polygon"}, "properties": {"name": "Anhalt"}}, {"type": "Feature", "geometry": {"coordinates": [[[12.611, 52.094], [13.718, 51.963], [13.759, 51.679], [13.802, 51.374], [13.267, 51.329], [12.831, 50.919], [12.663, 51.237], [12.407, 51.659], [12.611, 52.094]]], "type": "Polygon"}, "properties": {"name": "Meissen"}}, {"type": "Feature", "geometry": {"coordinates": [[[18.326, 51.547], [18.742, 52.094], [19.856, 51.327], [19.976, 50.773], [18.833, 50.616], [18.055, 51.141], [18.004, 51.489], [18.326, 51.547]]], "type": "Polygon"}, "properties": {"name": "Lodz"}}, {"type": "Feature", "geometry": {"coordinates": [[[22.282, 52.136], [22.567, 51.965], [23.532, 51.939], [23.557, 51.642], [24.056, 50.885], [23.96, 50.501], [23.835, 50.421], [22.437, 50.553], [22.227, 50.777], [21.786, 50.658], [22.042, 51.621], [21.735, 51.705], [22.282, 52.136]]], "type": "Polygon"}, "properties": {"name": "Galicien"}}, {"type": "Feature", "geometry": {"coordinates": [[[39.391, 52.078], [40.581, 51.32], [39.342, 49.733], [37.892, 50.027], [37.627, 50.207], [37.528, 51.683], [38.44, 51.618], [39.391, 52.078]]], "type": "Polygon"}, "properties": {"name": "Voronezh"}}, {"type": "Feature", "geometry": {"coordinates": [[[98.704, 52.085], [101.889, 51.387], [102.231, 50.598], [103.089, 50.24], [103.392, 50.159], [102.62, 49.434], [103.277, 47.936], [101.669, 47.737], [101.364, 47.903], [99.843, 47.946], [98.02, 48.413], [98.542, 49.542], [97.643, 49.94], [98.023, 50.235], [97.748, 51.304], [98.704, 52.085]]], "type": "Polygon"}, "properties": {"name": "Tsetserleg"}}, {"type": "Feature", "geometry": {"coordinates": [[[119.868, 51.409], [120.736, 52.126], [122.263, 51.898], [122.767, 51.176], [124.552, 51.252], [125.509, 50.848], [124.793, 49.603], [124.968, 48.962], [124.359, 48.279], [124.033, 47.959], [123.679, 48.1], [122.097, 46.769], [119.81, 46.865], [118.175, 47.934], [117.332, 47.645], [115.757, 47.644], [116.611, 49.835], [117.853, 49.508], [119.212, 50.065], [119.868, 51.409]]], "type": "Polygon"}, "properties": {"name": "Yakesa"}}, {"type": "Feature", "geometry": {"coordinates": [[[-118.528, 51.281], [-117.588, 52.057], [-116.172, 51.211], [-114.499, 49.542], [-114.432, 48.961], [-115.954, 48.96], [-118.271, 48.972], [-118.299, 50.03], [-118.528, 51.281]]], "type": "Polygon"}, "properties": {"name": "Ktunaxa"}}, {"type": "Feature", "geometry": {"coordinates": [[[-61.084, 51.968], [-60.311, 51.983], [-56.018, 51.954], [-56.958, 51.496], [-58.67, 51.243], [-59.083, 50.805], [-60.17, 50.211], [-61.084, 51.968]]], "type": "Polygon"}, "properties": {"name": "Innu"}}, {"type": "Feature", "geometry": {"coordinates": [[[23.557, 51.642], [25.749, 51.966], [26.584, 51.838], [26.443, 50.096], [26.113, 49.398], [25.635, 50.094], [24.056, 50.885], [23.557, 51.642]]], "type": "Polygon"}, "properties": {"name": "Volhynia"}}, {"type": "Feature", "geometry": {"coordinates": [[[-111.593, 50.892], [-110.05, 51.973], [-109.624, 51.869], [-109.469, 50.938], [-108.539, 49.998], [-108.356, 48.96], [-110.454, 48.959], [-114.432, 48.961], [-114.499, 49.542], [-113.44, 50.182], [-111.593, 50.892]]], "type": "Polygon"}, "properties": {"name": "Calgary"}}, {"type": "Feature", "geometry": {"coordinates": [[[4.735, 51.818], [4.828, 51.962], [5.399, 51.672], [5.665, 51.845], [5.841, 51.764], [5.526, 51.284], [4.531, 51.521], [4.735, 51.818]]], "type": "Polygon"}, "properties": {"name": "Noord"}}, {"type": "Feature", "geometry": {"coordinates": [[[45.838, 51.727], [46.697, 51.927], [47.734, 51.197], [48.608, 50.558], [48.832, 50.013], [48.224, 49.805], [47.486, 50.484], [46.824, 49.735], [45.39, 50.158], [45.224, 50.263], [45.838, 51.727]]], "type": "Polygon"}, "properties": {"name": "Ukek"}}, {"type": "Feature", "geometry": {"coordinates": [[[-109.624, 51.869], [-108.319, 51.748], [-106.163, 50.752], [-105.585, 50.6], [-104.607, 48.964], [-105.528, 48.959], [-108.356, 48.96], [-108.539, 49.998], [-109.469, 50.938], [-109.624, 51.869]]], "type": "Polygon"}, "properties": {"name": "Hebina"}}, {"type": "Feature", "geometry": {"coordinates": [[[4.294, 51.703], [4.735, 51.818], [4.531, 51.521], [4.283, 51.327], [3.946, 51.296], [4.294, 51.703]]], "type": "Polygon"}, "properties": {"name": "Zeeland"}}, {"type": "Feature", "geometry": {"coordinates": [[[5.92, 51.789], [6.293, 51.858], [8.107, 51.554], [7.611, 51.145], [7.186, 50.74], [7.149, 50.782], [6.372, 51.467], [5.92, 51.789]]], "type": "Polygon"}, "properties": {"name": "Berg"}}, {"type": "Feature", "geometry": {"coordinates": [[[13.759, 51.679], [14.758, 51.799], [14.819, 50.895], [12.859, 50.408], [12.23, 50.377], [11.884, 50.627], [12.251, 50.963], [12.663, 51.237], [12.831, 50.919], [13.267, 51.329], [13.802, 51.374], [13.759, 51.679]]], "type": "Polygon"}, "properties": {"name": "Dresden"}}, {"type": "Feature", "geometry": {"coordinates": [[[16.419, 51.846], [17.46, 51.619], [18.004, 51.489], [18.055, 51.141], [16.987, 50.434], [16.678, 50.11], [16.253, 50.671], [16.283, 51.645], [16.419, 51.846]]], "type": "Polygon"}, "properties": {"name": "Breslau"}}, {"type": "Feature", "geometry": {"coordinates": [[[26.584, 51.838], [27.092, 51.777], [28.291, 51.607], [29.273, 51.507], [29.737, 49.909], [28.144, 49.491], [26.443, 50.096], [26.584, 51.838]]], "type": "Polygon"}, "properties": {"name": "Zhytomyr"}}, {"type": "Feature", "geometry": {"coordinates": [[[5.841, 51.764], [5.92, 51.789], [6.372, 51.467], [6.033, 50.899], [6.023, 50.768], [5.579, 50.84], [5.837, 51.122], [5.526, 51.284], [5.841, 51.764]]], "type": "Polygon"}, "properties": {"name": "Limburg"}}, {"type": "Feature", "geometry": {"coordinates": [[[14.758, 51.799], [16.283, 51.645], [16.253, 50.671], [15.368, 50.86], [15.159, 50.941], [14.819, 50.895], [14.758, 51.799]]], "type": "Polygon"}, "properties": {"name": "Lausitz"}}, {"type": "Feature", "geometry": {"coordinates": [[[49.038, 50.778], [50.701, 51.771], [52.522, 51.516], [51.57, 50.644], [50.775, 50.484], [50.328, 50.038], [49.474, 49.919], [48.832, 50.013], [48.608, 50.558], [49.038, 50.778]]], "type": "Polygon"}, "properties": {"name": "Yaik"}}, {"type": "Feature", "geometry": {"coordinates": [[[67.302, 51.51], [68.375, 51.752], [69.272, 51.605], [67.325, 49.918], [65.834, 48.793], [65.302, 48.671], [64.206, 49.427], [63.482, 50.981], [65.27, 51.134], [66.3, 51.091], [67.302, 51.51]]], "type": "Polygon"}, "properties": {"name": "Baganaly"}}, {"type": "Feature", "geometry": {"coordinates": [[[9.433, 51.635], [10.433, 51.094], [10.131, 50.762], [9.466, 50.702], [8.93, 51.286], [9.433, 51.635]]], "type": "Polygon"}, "properties": {"name": "Kassel"}}, {"type": "Feature", "geometry": {"coordinates": [[[10.755, 51.588], [12.407, 51.659], [12.663, 51.237], [12.251, 50.963], [10.624, 51.266], [10.755, 51.588]]], "type": "Polygon"}, "properties": {"name": "Leipzig"}}, {"type": "Feature", "geometry": {"coordinates": [[[19.856, 51.327], [20.728, 51.641], [21.735, 51.705], [22.042, 51.621], [21.786, 50.658], [22.227, 50.777], [22.437, 50.553], [21.651, 50.101], [19.976, 50.773], [19.856, 51.327]]], "type": "Polygon"}, "properties": {"name": "Sandomir"}}, {"type": "Feature", "geometry": {"coordinates": [[[-123.791, 51.548], [-121.816, 50.258], [-123.068, 49.618], [-123.097, 49.601], [-123.456, 49.399], [-123.948, 49.549], [-123.76, 50.012], [-124.24, 49.529], [-124.606, 49.883], [-124.401, 50.185], [-124.805, 50.112], [-125.016, 50.482], [-124.771, 50.639], [-124.688, 50.992], [-123.791, 51.548]]], "type": "Polygon"}, "properties": {"name": "Heiltsuk"}}, {"type": "Feature", "geometry": {"coordinates": [[[-96.331, 51.59], [-94.546, 50.631], [-94.842, 49.382], [-95.178, 48.984], [-97.187, 48.961], [-97.827, 48.963], [-97.801, 49.843], [-96.856, 50.722], [-96.339, 51.075], [-96.331, 51.59]]], "type": "Polygon"}, "properties": {"name": "Winnipeg"}}, {"type": "Feature", "geometry": {"coordinates": [[[-56.8, 51.133], [-55.414, 51.554], [-55.527, 51.321], [-56.098, 51.308], [-55.746, 51.058], [-56.142, 50.739], [-56.837, 49.66], [-56.997, 48.903], [-57.051, 48.215], [-56.604, 47.586], [-57.942, 47.679], [-59.271, 47.579], [-59.385, 47.931], [-58.589, 48.396], [-58.481, 49.023], [-58.002, 48.998], [-58.215, 49.398], [-57.881, 49.49], [-56.8, 51.133]]], "type": "Polygon"}, "properties": {"name": "Taqamkuk"}}, {"type": "Feature", "geometry": {"coordinates": [[[61.489, 51.367], [62.572, 51.59], [63.482, 50.981], [64.206, 49.427], [61.941, 48.69], [60.211, 49.903], [59.601, 50.208], [59.703, 50.553], [59.79, 50.761], [61.166, 50.776], [61.489, 51.367]]], "type": "Polygon"}, "properties": {"name": "Tortkara"}}, {"type": "Feature", "geometry": {"coordinates": [[[69.272, 51.605], [71.643, 51.091], [72.827, 50.614], [72.501, 49.731], [71.386, 49.651], [70.881, 49.258], [68.929, 49.077], [67.67, 47.75], [66.293, 47.777], [66, 48.796], [65.834, 48.793], [67.325, 49.918], [69.272, 51.605]]], "type": "Polygon"}, "properties": {"name": "Kypshak"}}, {"type": "Feature", "geometry": {"coordinates": [[[4.283, 51.327], [4.531, 51.521], [5.526, 51.284], [5.837, 51.122], [5.579, 50.84], [5.037, 50.84], [4.722, 50.662], [4.299, 50.987], [4.283, 51.327]]], "type": "Polygon"}, "properties": {"name": "Brabant"}}, {"type": "Feature", "geometry": {"coordinates": [[[29.273, 51.507], [30.496, 51.406], [31.83, 50.961], [31.478, 49.859], [30.079, 49.705], [29.737, 49.909], [29.273, 51.507]]], "type": "Polygon"}, "properties": {"name": "Kiev"}}, {"type": "Feature", "geometry": {"coordinates": [[[52.522, 51.516], [53.383, 51.48], [54.405, 51.013], [55.544, 50.606], [56.169, 50.883], [56.583, 50.336], [55.602, 49.204], [54.395, 49.248], [52.576, 50.052], [51.909, 50.168], [51.57, 50.644], [52.522, 51.516]]], "type": "Polygon"}, "properties": {"name": "Utva"}}, {"type": "Feature", "geometry": {"coordinates": [[[-3.316, 51.246], [-2.803, 51.424], [-2.413, 51.13], [-2.942, 50.805], [-3.726, 50.305], [-5.19, 50.067], [-5.624, 50.069], [-4.389, 51.009], [-3.316, 51.246]]], "type": "Polygon"}, "properties": {"name": "Cornwall"}}, {"type": "Feature", "geometry": {"coordinates": [[[-2.413, 51.13], [-1.527, 51.416], [-0.752, 51.431], [-0.865, 51.036], [-0.984, 50.874], [-2.192, 50.629], [-2.942, 50.805], [-2.413, 51.13]]], "type": "Polygon"}, "properties": {"name": "Wessex"}}, {"type": "Feature", "geometry": {"coordinates": [[[-0.865, 51.036], [0.421, 51.364], [1.482, 51.371], [-0.984, 50.874], [-0.865, 51.036]]], "type": "Polygon"}, "properties": {"name": "Kent"}}, {"type": "Feature", "geometry": {"coordinates": [[[6.033, 50.899], [6.372, 51.467], [7.149, 50.782], [6.789, 50.689], [6.033, 50.899]]], "type": "Polygon"}, "properties": {"name": "Köln"}}, {"type": "Feature", "geometry": {"coordinates": [[[33.54, 51.115], [34.199, 51.416], [34.435, 51.23], [33.481, 50.361], [32.641, 49.128], [31.478, 49.859], [31.83, 50.961], [33.54, 51.115]]], "type": "Polygon"}, "properties": {"name": "Pereyaslav"}}, {"type": "Feature", "geometry": {"coordinates": [[[40.581, 51.32], [42.252, 51.402], [42.88, 50.906], [42.125, 49.5], [41.12, 49.464], [40.698, 49.706], [40.167, 49.427], [39.342, 49.733], [40.581, 51.32]]], "type": "Polygon"}, "properties": {"name": "Borisoglebsk"}}, {"type": "Feature", "geometry": {"coordinates": [[[-119.559, 51.272], [-118.528, 51.281], [-118.299, 50.03], [-118.271, 48.972], [-119.043, 48.96], [-120.372, 48.96], [-121.308, 48.962], [-120.571, 50.33], [-120.324, 50.725], [-119.559, 51.272]]], "type": "Polygon"}, "properties": {"name": "Okanagan"}}, {"type": "Feature", "geometry": {"coordinates": [[[3.151, 51.262], [3.422, 51.338], [3.946, 51.296], [4.283, 51.327], [4.299, 50.987], [3.51, 50.968], [3.151, 51.262]]], "type": "Polygon"}, "properties": {"name": "Antwerpen"}}, {"type": "Feature", "geometry": {"coordinates": [[[8.195, 50.735], [8.93, 51.286], [9.466, 50.702], [9.505, 50.263], [9.162, 50.276], [8.38, 50.363], [8.195, 50.735]]], "type": "Polygon"}, "properties": {"name": "Hessen"}}, {"type": "Feature", "geometry": {"coordinates": [[[78.583, 50.599], [79.422, 51.369], [79.925, 50.853], [80.648, 51.268], [81.993, 50.733], [82.114, 49.121], [80.61, 49.041], [81.822, 48.752], [79.285, 47.722], [77.367, 49.298], [78.229, 49.981], [78.583, 50.599]]], "type": "Polygon"}, "properties": {"name": "Altai"}}, {"type": "Feature", "geometry": {"coordinates": [[[2.621, 51.122], [3.151, 51.262], [3.51, 50.968], [3.745, 50.723], [3.566, 50.489], [3.24, 50.63], [3.122, 50.734], [2.564, 50.894], [2.621, 51.122]]], "type": "Polygon"}, "properties": {"name": "Vlaanderen"}}, {"type": "Feature", "geometry": {"coordinates": [[[10.433, 51.094], [10.624, 51.266], [12.251, 50.963], [11.884, 50.627], [10.724, 50.147], [10.131, 50.762], [10.433, 51.094]]], "type": "Polygon"}, "properties": {"name": "Erfurt"}}, {"type": "Feature", "geometry": {"coordinates": [[[34.435, 51.23], [35.17, 51.102], [35.602, 50.399], [35.313, 49.28], [34.706, 48.314], [33.732, 48.807], [32.641, 49.128], [33.481, 50.361], [34.435, 51.23]]], "type": "Polygon"}, "properties": {"name": "Poltava"}}, {"type": "Feature", "geometry": {"coordinates": [[[-93.304, 51.151], [-91.861, 50.724], [-90.806, 50.338], [-90.913, 50.081], [-90.62, 49.565], [-92.714, 48.999], [-92.862, 48.61], [-94.554, 48.678], [-94.842, 49.382], [-94.546, 50.631], [-93.304, 51.151]]], "type": "Polygon"}, "properties": {"name": "Wappus"}}, {"type": "Feature", "geometry": {"coordinates": [[[1.593, 50.594], [2.621, 51.122], [2.564, 50.894], [1.853, 50.498], [1.593, 50.594]]], "type": "Polygon"}, "properties": {"name": "Calais"}}, {"type": "Feature", "geometry": {"coordinates": [[[7.186, 50.74], [7.611, 51.145], [8.195, 50.735], [8.38, 50.363], [8.366, 50.109], [7.88, 50.261], [7.186, 50.74]]], "type": "Polygon"}, "properties": {"name": "Nassau"}}, {"type": "Feature", "geometry": {"coordinates": [[[18.055, 51.141], [18.833, 50.616], [18.866, 49.662], [16.987, 50.434], [18.055, 51.141]]], "type": "Polygon"}, "properties": {"name": "Ratibor"}}, {"type": "Feature", "geometry": {"coordinates": [[[56.794, 51.077], [58.263, 51.154], [59.703, 50.553], [59.601, 50.208], [58.605, 49.068], [56.115, 48.4], [55.602, 49.204], [56.583, 50.336], [56.169, 50.883], [56.794, 51.077]]], "type": "Polygon"}, "properties": {"name": "Jetyru"}}, {"type": "Feature", "geometry": {"coordinates": [[[42.88, 50.906], [43.969, 51.076], [45.224, 50.263], [45.39, 50.158], [44.896, 49.083], [44.064, 48.054], [42.957, 47.738], [42.125, 49.5], [42.88, 50.906]]], "type": "Polygon"}, "properties": {"name": "Tsaritsyn"}}, {"type": "Feature", "geometry": {"coordinates": [[[126.914, 51.024], [127.612, 49.761], [128.295, 49.533], [130.33, 48.869], [130.74, 47.937], [129.647, 47.952], [129.553, 48.31], [128.035, 47.701], [127.478, 48.43], [127.37, 49.101], [126.374, 49.614], [126.532, 50.241], [126.25, 50.907], [126.914, 51.024]]], "type": "Polygon"}, "properties": {"name": "Aigun"}}, {"type": "Feature", "geometry": {"coordinates": [[[3.51, 50.968], [4.299, 50.987], [4.722, 50.662], [4.564, 50.577], [3.745, 50.723], [3.51, 50.968]]], "type": "Polygon"}, "properties": {"name": "Ghent"}}, {"type": "Feature", "geometry": {"coordinates": [[[12.859, 50.408], [14.819, 50.895], [15.159, 50.941], [15.368, 50.86], [15.176, 50.419], [14.441, 50.415], [14.13, 49.999], [12.859, 50.408]]], "type": "Polygon"}, "properties": {"name": "Erz"}}, {"type": "Feature", "geometry": {"coordinates": [[[82.784, 50.904], [83.614, 50.87], [84.399, 50.202], [85.484, 49.538], [86.527, 49.675], [86.88, 49.143], [86.393, 48.52], [85.428, 48.023], [85.354, 46.871], [82.913, 47.085], [82.315, 45.097], [80.597, 45.12], [78.878, 45.879], [78.377, 46.291], [78.794, 46.301], [79.048, 46.649], [78.655, 46.602], [79.307, 46.935], [79.285, 47.722], [81.822, 48.752], [82.114, 49.121], [81.993, 50.733], [82.784, 50.904]]], "type": "Polygon"}, "properties": {"name": "Urzhar"}}, {"type": "Feature", "geometry": {"coordinates": [[[103.392, 50.159], [105.818, 50.906], [108.133, 50.486], [109.599, 49.532], [109.442, 49.452], [108.806, 48.86], [108.198, 47.654], [107.86, 46.643], [106.473, 46.461], [105.743, 46.802], [105.124, 46.694], [104.286, 47.315], [103.277, 47.936], [102.62, 49.434], [103.392, 50.159]]], "type": "Polygon"}, "properties": {"name": "Ih Huree"}}, {"type": "Feature", "geometry": {"coordinates": [[[134.304, 50.859], [135.001, 50.986], [137.249, 50.585], [136.313, 49.103], [135.143, 48.648], [134.745, 48.24], [131.94, 47.58], [131.801, 48.84], [132.885, 48.929], [134.304, 50.859]]], "type": "Polygon"}, "properties": {"name": "Kuru"}}, {"type": "Feature", "geometry": {"coordinates": [[[-105.585, 50.6], [-104.07, 50.896], [-102.525, 50.686], [-101.315, 50.89], [-100.834, 50.522], [-99.751, 48.961], [-102.63, 48.958], [-104.607, 48.964], [-105.585, 50.6]]], "type": "Polygon"}, "properties": {"name": "Regina"}}, {"type": "Feature", "geometry": {"coordinates": [[[-85.459, 49.75], [-83.765, 50.925], [-82.772, 50.704], [-82.241, 49.303], [-81.663, 48.792], [-82.495, 48.198], [-83.916, 48.082], [-84.035, 48.055], [-84.434, 49.054], [-85.459, 49.75]]], "type": "Polygon"}, "properties": {"name": "Shaggami"}}, {"type": "Feature", "geometry": {"coordinates": [[[1.853, 50.498], [2.564, 50.894], [3.122, 50.734], [3.24, 50.63], [3.024, 49.767], [2.67, 49.895], [1.853, 50.498]]], "type": "Polygon"}, "properties": {"name": "Artois"}}, {"type": "Feature", "geometry": {"coordinates": [[[5.037, 50.84], [5.579, 50.84], [6.023, 50.768], [6.359, 50.218], [6, 50.232], [5.439, 50.245], [5.037, 50.84]]], "type": "Polygon"}, "properties": {"name": "Liège"}}, {"type": "Feature", "geometry": {"coordinates": [[[6.023, 50.768], [6.033, 50.899], [6.789, 50.689], [6.733, 50.276], [6.359, 50.218], [6.023, 50.768]]], "type": "Polygon"}, "properties": {"name": "Aachen"}}, {"type": "Feature", "geometry": {"coordinates": [[[15.368, 50.86], [16.253, 50.671], [16.678, 50.11], [17.018, 49.672], [16.002, 49.438], [15.351, 48.915], [14.894, 48.95], [14.13, 49.999], [14.441, 50.415], [15.176, 50.419], [15.368, 50.86]]], "type": "Polygon"}, "properties": {"name": "Bohemia"}}, {"type": "Feature", "geometry": {"coordinates": [[[24.056, 50.885], [25.635, 50.094], [23.258, 50.054], [23.835, 50.421], [23.96, 50.501], [24.056, 50.885]]], "type": "Polygon"}, "properties": {"name": "Belz"}}, {"type": "Feature", "geometry": {"coordinates": [[[125.509, 50.848], [126.25, 50.907], [126.532, 50.241], [126.374, 49.614], [127.37, 49.101], [127.478, 48.43], [125.722, 48.341], [124.359, 48.279], [124.968, 48.962], [124.793, 49.603], [125.509, 50.848]]], "type": "Polygon"}, "properties": {"name": "Mergen"}}, {"type": "Feature", "geometry": {"coordinates": [[[-128.276, 50.699], [-126.995, 50.564], [-125.896, 50.435], [-125.886, 50.435], [-125.094, 50.263], [-124.675, 49.421], [-123.365, 48.785], [-123.23, 48.384], [-124.919, 48.732], [-124.92, 48.962], [-125.407, 48.931], [-125.736, 49.282], [-126.416, 49.638], [-126.689, 49.645], [-127.583, 50.094], [-127.744, 50.281], [-127.377, 50.604], [-127.953, 50.39], [-128.276, 50.699]]], "type": "Polygon"}, "properties": {"name": "Nootka"}}, {"type": "Feature", "geometry": {"coordinates": [[[4.722, 50.662], [5.037, 50.84], [5.439, 50.245], [5.135, 49.738], [4.752, 50.068], [4.564, 50.577], [4.722, 50.662]]], "type": "Polygon"}, "properties": {"name": "Namur "}}, {"type": "Feature", "geometry": {"coordinates": [[[6.789, 50.689], [7.149, 50.782], [7.186, 50.74], [7.88, 50.261], [7.865, 49.966], [7.34, 49.89], [6.733, 50.276], [6.789, 50.689]]], "type": "Polygon"}, "properties": {"name": "Koblenz"}}, {"type": "Feature", "geometry": {"coordinates": [[[9.466, 50.702], [10.131, 50.762], [10.724, 50.147], [10.588, 49.805], [9.799, 49.555], [9.505, 50.263], [9.466, 50.702]]], "type": "Polygon"}, "properties": {"name": "Würzburg"}}, {"type": "Feature", "geometry": {"coordinates": [[[18.833, 50.616], [19.976, 50.773], [21.651, 50.101], [21.884, 49.382], [22.356, 49.375], [22.352, 49.259], [20.724, 49.303], [19.857, 49.189], [19.459, 49.463], [18.668, 49.427], [18.866, 49.662], [18.833, 50.616]]], "type": "Polygon"}, "properties": {"name": "Krakow"}}, {"type": "Feature", "geometry": {"coordinates": [[[89.728, 49.999], [92.087, 50.761], [94.135, 50.556], [94.181, 50.16], [93.692, 48.539], [93.113, 46.794], [94.145, 45.701], [94.009, 44.739], [91.377, 45.058], [90.948, 45.123], [90.62, 45.318], [90.735, 46.72], [90.085, 47.554], [89.207, 47.9], [87.6, 49.118], [89.728, 49.999]]], "type": "Polygon"}, "properties": {"name": "Govi Altay"}}, {"type": "Feature", "geometry": {"coordinates": [[[-82.772, 50.704], [-79.407, 49.874], [-79.365, 50.426], [-79.307, 49.651], [-79.558, 48.203], [-81.663, 48.792], [-82.241, 49.303], [-82.772, 50.704]]], "type": "Polygon"}, "properties": {"name": "Kesagami"}}, {"type": "Feature", "geometry": {"coordinates": [[[-70.376, 50.395], [-69.642, 50.684], [-69.113, 49.52], [-71.064, 48.045], [-72.763, 47.559], [-72.725, 47.626], [-72.587, 47.915], [-73.173, 48.107], [-73.696, 48.966], [-73.408, 49.788], [-70.376, 50.395]]], "type": "Polygon"}, "properties": {"name": "Piekougami"}}, {"type": "Feature", "geometry": {"coordinates": [[[3.745, 50.723], [4.564, 50.577], [4.752, 50.068], [4.268, 49.938], [3.566, 50.489], [3.745, 50.723]]], "type": "Polygon"}, "properties": {"name": "Hainault"}}, {"type": "Feature", "geometry": {"coordinates": [[[137.249, 50.585], [137.88, 50.708], [138.667, 50.244], [139.181, 50.318], [140.369, 49.794], [140.087, 48.379], [138.426, 46.69], [138.453, 46.801], [137.527, 46.978], [137.157, 46.74], [135.366, 47.147], [134.697, 47.527], [134.745, 48.24], [135.143, 48.648], [136.313, 49.103], [137.249, 50.585]]], "type": "Polygon"}, "properties": {"name": "Wusuli"}}, {"type": "Feature", "geometry": {"coordinates": [[[1.593, 50.594], [1.853, 50.498], [2.67, 49.895], [2.415, 49.641], [1.947, 49.558], [1.677, 49.695], [1.287, 49.961], [1.593, 50.594]]], "type": "Polygon"}, "properties": {"name": "Picardie"}}, {"type": "Feature", "geometry": {"coordinates": [[[3.24, 50.63], [3.566, 50.489], [4.268, 49.938], [3.721, 49.776], [3.024, 49.767], [3.24, 50.63]]], "type": "Polygon"}, "properties": {"name": "Cambray"}}, {"type": "Feature", "geometry": {"coordinates": [[[10.724, 50.147], [11.884, 50.627], [12.23, 50.377], [12.139, 50.181], [11.69, 49.727], [10.736, 49.662], [10.588, 49.805], [10.724, 50.147]]], "type": "Polygon"}, "properties": {"name": "Bamberg"}}, {"type": "Feature", "geometry": {"coordinates": [[[50.775, 50.484], [51.57, 50.644], [51.909, 50.168], [52.291, 48.403], [51.159, 48.365], [50.078, 48.005], [49.186, 48.203], [49.497, 48.172], [49.474, 49.919], [50.328, 50.038], [50.775, 50.484]]], "type": "Polygon"}, "properties": {"name": "Lower Yaik"}}, {"type": "Feature", "geometry": {"coordinates": [[[72.827, 50.614], [74.059, 50.22], [74.773, 50.655], [77.367, 49.298], [79.285, 47.722], [79.307, 46.935], [78.655, 46.602], [74.829, 46.697], [74.584, 47.54], [73.606, 48.22], [73.156, 49.041], [72.501, 49.731], [72.827, 50.614]]], "type": "Polygon"}, "properties": {"name": "Tobykty"}}, {"type": "Feature", "geometry": {"coordinates": [[[22.437, 50.553], [23.835, 50.421], [23.258, 50.054], [22.356, 49.375], [21.884, 49.382], [21.651, 50.101], [22.437, 50.553]]], "type": "Polygon"}, "properties": {"name": "Przemysl"}}, {"type": "Feature", "geometry": {"coordinates": [[[12.23, 50.377], [12.859, 50.408], [14.13, 49.999], [14.894, 48.95], [14.771, 48.576], [13.84, 48.737], [12.745, 49.326], [12.139, 50.181], [12.23, 50.377]]], "type": "Polygon"}, "properties": {"name": "Plsen"}}, {"type": "Feature", "geometry": {"coordinates": [[[16.678, 50.11], [16.987, 50.434], [18.866, 49.662], [18.668, 49.427], [18.09, 48.989], [16.853, 48.703], [15.351, 48.915], [16.002, 49.438], [17.018, 49.672], [16.678, 50.11]]], "type": "Polygon"}, "properties": {"name": "Moravia"}}, {"type": "Feature", "geometry": {"coordinates": [[[35.602, 50.399], [37.341, 50.399], [37.627, 50.207], [37.892, 50.027], [37.916, 49.089], [37.047, 49.209], [36.085, 48.997], [35.313, 49.28], [35.602, 50.399]]], "type": "Polygon"}, "properties": {"name": "Kharkov"}}, {"type": "Feature", "geometry": {"coordinates": [[[46.824, 49.735], [47.486, 50.484], [48.224, 49.805], [48.832, 50.013], [49.474, 49.919], [49.497, 48.172], [49.186, 48.203], [46.996, 48.22], [46.442, 48.4], [46.824, 49.735]]], "type": "Polygon"}, "properties": {"name": "Orda"}}, {"type": "Feature", "geometry": {"coordinates": [[[-121.816, 50.258], [-120.571, 50.33], [-121.308, 48.962], [-122.662, 48.978], [-123.09, 49.059], [-122.767, 49.284], [-123.068, 49.618], [-121.816, 50.258]]], "type": "Polygon"}, "properties": {"name": "Squamish"}}, {"type": "Feature", "geometry": {"coordinates": [[[-90.806, 50.338], [-88.62, 50.069], [-88.846, 49.903], [-88.549, 49.711], [-88.954, 49.734], [-88.791, 49.337], [-88.544, 48.533], [-88.998, 48.391], [-89.375, 48.003], [-91.232, 48.137], [-92.862, 48.61], [-92.714, 48.999], [-90.62, 49.565], [-90.913, 50.081], [-90.806, 50.338]]], "type": "Polygon"}, "properties": {"name": "Ojibwa"}}, {"type": "Feature", "geometry": {"coordinates": [[[8.38, 50.363], [9.162, 50.276], [9.04, 50.01], [8.593, 49.999], [8.366, 50.109], [8.38, 50.363]]], "type": "Polygon"}, "properties": {"name": "Frankfurt"}}, {"type": "Feature", "geometry": {"coordinates": [[[5.439, 50.245], [6, 50.232], [6.063, 50.177], [5.742, 49.961], [5.855, 49.496], [5.247, 49.661], [5.135, 49.738], [5.439, 50.245]]], "type": "Polygon"}, "properties": {"name": "Arlon"}}, {"type": "Feature", "geometry": {"coordinates": [[[6, 50.232], [6.359, 50.218], [6.733, 50.276], [7.34, 49.89], [6.881, 49.167], [6.453, 49.436], [6.063, 50.177], [6, 50.232]]], "type": "Polygon"}, "properties": {"name": "Trier"}}, {"type": "Feature", "geometry": {"coordinates": [[[7.88, 50.261], [8.366, 50.109], [8.593, 49.999], [9.04, 50.01], [9.162, 50.276], [9.505, 50.263], [9.799, 49.555], [9.552, 49.286], [8.463, 49.734], [7.865, 49.966], [7.88, 50.261]]], "type": "Polygon"}, "properties": {"name": "Pfalz"}}, {"type": "Feature", "geometry": {"coordinates": [[[112.042, 49.686], [114.085, 50.244], [115.235, 49.906], [116.225, 50.021], [116.611, 49.835], [115.757, 47.644], [117.332, 47.645], [118.175, 47.934], [119.81, 46.865], [119.682, 46.452], [116.634, 46.198], [115.996, 45.677], [114.456, 45.451], [113.456, 44.786], [111.709, 45.138], [111.137, 45.699], [111.299, 46.784], [112.057, 47.035], [112.102, 47.938], [112.657, 48.674], [112.042, 49.686]]], "type": "Polygon"}, "properties": {"name": "Dornod"}}, {"type": "Feature", "geometry": {"coordinates": [[[-79.307, 49.651], [-77.402, 50.174], [-75.857, 48.664], [-76.633, 47.559], [-79.176, 47.867], [-79.558, 48.203], [-79.307, 49.651]]], "type": "Polygon"}, "properties": {"name": "Abitbi"}}, {"type": "Feature", "geometry": {"coordinates": [[[6.063, 50.177], [6.453, 49.436], [5.868, 49.441], [5.855, 49.496], [5.742, 49.961], [6.063, 50.177]]], "type": "Polygon"}, "properties": {"name": "Luxemburg"}}, {"type": "Feature", "geometry": {"coordinates": [[[11.69, 49.727], [12.139, 50.181], [12.745, 49.326], [12.045, 49.352], [11.788, 49.43], [11.69, 49.727]]], "type": "Polygon"}, "properties": {"name": "Oberpfalz"}}, {"type": "Feature", "geometry": {"coordinates": [[[45.39, 50.158], [46.824, 49.735], [46.442, 48.4], [46.996, 48.22], [47.043, 47.706], [47.908, 47.689], [46.344, 46.45], [45.002, 46.977], [44.714, 47.775], [44.064, 48.054], [44.896, 49.083], [45.39, 50.158]]], "type": "Polygon"}, "properties": {"name": "Sarai"}}, {"type": "Feature", "geometry": {"coordinates": [[[51.909, 50.168], [52.576, 50.052], [54.395, 49.248], [55.602, 49.204], [56.115, 48.4], [56.197, 47.27], [55.685, 46.883], [53.098, 47.813], [52.291, 48.403], [51.909, 50.168]]], "type": "Polygon"}, "properties": {"name": "Bayuly"}}, {"type": "Feature", "geometry": {"coordinates": [[[58.605, 49.068], [59.601, 50.208], [60.211, 49.903], [61.941, 48.69], [62.095, 48.579], [61.009, 47.656], [60.357, 46.61], [59.844, 46.466], [58.605, 49.068]]], "type": "Polygon"}, "properties": {"name": "Shekty"}}, {"type": "Feature", "geometry": {"coordinates": [[[94.181, 50.16], [97.132, 49.738], [97.643, 49.94], [98.542, 49.542], [98.02, 48.413], [99.843, 47.946], [99.414, 47.141], [97.831, 47.076], [97.289, 47.319], [96.875, 47.149], [96.023, 47.855], [95.622, 47.736], [94.056, 48.04], [93.692, 48.539], [94.181, 50.16]]], "type": "Polygon"}, "properties": {"name": "Khangai"}}, {"type": "Feature", "geometry": {"coordinates": [[[-56.19, 50.074], [-55.722, 49.865], [-55.808, 49.413], [-55.359, 49.427], [-55.394, 49.128], [-53.523, 49.232], [-53.879, 48.482], [-53.093, 48.553], [-52.62451171875, 47.55428670127958], [-52.82226562499999, 47.32393057095941], [-53.558349609375, 47.4355191531953], [-54.12, 47.927], [-55.019, 48.359], [-56.997, 48.903], [-56.837, 49.66], [-56.19, 50.074]]], "type": "Polygon"}, "properties": {"name": "Beothuk"}}, {"type": "Feature", "geometry": {"coordinates": [[[4.268, 49.938], [4.752, 50.068], [5.135, 49.738], [5.247, 49.661], [4.946, 49.217], [3.73, 49.566], [3.721, 49.776], [4.268, 49.938]]], "type": "Polygon"}, "properties": {"name": "Valenciennes"}}, {"type": "Feature", "geometry": {"coordinates": [[[22.356, 49.375], [23.258, 50.054], [25.635, 50.094], [26.113, 49.398], [26.308, 48.719], [24.871, 48.079], [22.616, 49.115], [22.352, 49.259], [22.356, 49.375]]], "type": "Polygon"}, "properties": {"name": "Ruthenia"}}, {"type": "Feature", "geometry": {"coordinates": [[[26.443, 50.096], [28.144, 49.491], [28.302, 48.095], [27.315, 48.509], [26.308, 48.719], [26.113, 49.398], [26.443, 50.096]]], "type": "Polygon"}, "properties": {"name": "Podolia"}}, {"type": "Feature", "geometry": {"coordinates": [[[0.061, 49.264], [1.287, 49.961], [1.677, 49.695], [1.053, 48.658], [0.364, 48.808], [0.061, 49.264]]], "type": "Polygon"}, "properties": {"name": "Caux"}}, {"type": "Feature", "geometry": {"coordinates": [[[7.34, 49.89], [7.865, 49.966], [8.463, 49.734], [8.304, 49.274], [8.148, 48.976], [7.113, 49.133], [6.881, 49.167], [7.34, 49.89]]], "type": "Polygon"}, "properties": {"name": "Alzey"}}, {"type": "Feature", "geometry": {"coordinates": [[[37.892, 50.027], [39.342, 49.733], [40.167, 49.427], [39.584, 48.539], [38.104, 48.907], [37.916, 49.089], [37.892, 50.027]]], "type": "Polygon"}, "properties": {"name": "Bahmut"}}, {"type": "Feature", "geometry": {"coordinates": [[[142.205, 49.971], [143.936, 49.961], [144.017, 49.961], [144.574, 48.865], [144.687, 48.478], [143.732, 49.235], [143.191, 49.373], [142.597, 48.023], [143.225, 46.616], [143.568, 46.677], [143.551, 46.071], [143.244, 46.467], [142.465, 46.57], [142.036, 45.793], [141.941, 46.896], [142.101, 47.933], [141.942, 48.783], [142.205, 49.971]]], "type": "Polygon"}, "properties": {"name": "Sakhalin"}}, {"type": "Feature", "geometry": {"coordinates": [[[2.67, 49.895], [3.024, 49.767], [3.721, 49.776], [3.73, 49.566], [2.835, 49.148], [1.947, 49.558], [2.415, 49.641], [2.67, 49.895]]], "type": "Polygon"}, "properties": {"name": "Vermandois"}}, {"type": "Feature", "geometry": {"coordinates": [[[28.144, 49.491], [29.737, 49.909], [30.079, 49.705], [30.836, 48.034], [29.84, 48.105], [28.959, 47.625], [28.302, 48.095], [28.144, 49.491]]], "type": "Polygon"}, "properties": {"name": "Bratslav"}}, {"type": "Feature", "geometry": {"coordinates": [[[30.079, 49.705], [31.478, 49.859], [32.641, 49.128], [33.732, 48.807], [32.349, 48.233], [30.927, 48.056], [30.886, 47.931], [30.836, 48.034], [30.079, 49.705]]], "type": "Polygon"}, "properties": {"name": "Cherkasy"}}, {"type": "Feature", "geometry": {"coordinates": [[[-87.947, 49.634], [-85.459, 49.75], [-84.434, 49.054], [-84.035, 48.055], [-84.938, 47.876], [-85.786, 47.764], [-86.356, 48.574], [-87.595, 48.732], [-88.998, 48.391], [-88.544, 48.533], [-88.791, 49.337], [-88.631, 49.381], [-88.116, 49.263], [-87.947, 49.634]]], "type": "Polygon"}, "properties": {"name": "Nipigon"}}, {"type": "Feature", "geometry": {"coordinates": [[[9.799, 49.555], [10.588, 49.805], [10.736, 49.662], [11.37, 49.101], [11.055, 48.856], [10.466, 48.911], [9.696, 49.003], [9.366, 49.04], [9.552, 49.286], [9.799, 49.555]]], "type": "Polygon"}, "properties": {"name": "Leiningen"}}, {"type": "Feature", "geometry": {"coordinates": [[[1.677, 49.695], [1.947, 49.558], [2.835, 49.148], [3.27, 48.496], [2.89, 48.413], [2.127, 48.18], [1.516, 47.972], [1.053, 48.658], [1.677, 49.695]]], "type": "Polygon"}, "properties": {"name": "Île-de-France"}}, {"type": "Feature", "geometry": {"coordinates": [[[8.463, 49.734], [9.552, 49.286], [9.366, 49.04], [8.658, 49.023], [8.304, 49.274], [8.463, 49.734]]], "type": "Polygon"}, "properties": {"name": "Worms"}}, {"type": "Feature", "geometry": {"coordinates": [[[10.736, 49.662], [11.69, 49.727], [11.788, 49.43], [12.045, 49.352], [11.37, 49.101], [10.736, 49.662]]], "type": "Polygon"}, "properties": {"name": "Franken"}}, {"type": "Feature", "geometry": {"coordinates": [[[40.167, 49.427], [40.698, 49.706], [41.12, 49.464], [42.125, 49.5], [42.957, 47.738], [41.666, 47.245], [40.289, 47.397], [39.676, 47.749], [39.584, 48.539], [40.167, 49.427]]], "type": "Polygon"}, "properties": {"name": "Cherkassk"}}, {"type": "Feature", "geometry": {"coordinates": [[[71.386, 49.651], [72.501, 49.731], [73.156, 49.041], [73.606, 48.22], [74.584, 47.54], [74.829, 46.697], [73.387, 45.761], [73.581, 45.318], [73.287, 45.254], [72.041, 45.55], [71.074, 46.794], [70.856, 48.242], [70.881, 49.258], [71.386, 49.651]]], "type": "Polygon"}, "properties": {"name": "Nadym"}}, {"type": "Feature", "geometry": {"coordinates": [[[109.442, 49.452], [112.042, 49.686], [112.657, 48.674], [112.102, 47.938], [112.057, 47.035], [111.299, 46.784], [111.137, 45.699], [109.465, 46.311], [107.86, 46.643], [108.198, 47.654], [108.806, 48.86], [109.442, 49.452]]], "type": "Polygon"}, "properties": {"name": "Selenge"}}, {"type": "Feature", "geometry": {"coordinates": [[[-1.724, 49.594], [-1.53, 49.621], [0.061, 49.264], [0.364, 48.808], [-0.701, 48.314], [-0.977, 48.392], [-2.684, 48.56], [-1.38, 48.56], [-1.724, 49.594]]], "type": "Polygon"}, "properties": {"name": "Normandie"}}, {"type": "Feature", "geometry": {"coordinates": [[[4.946, 49.217], [5.247, 49.661], [5.855, 49.496], [5.868, 49.441], [5.976, 48.941], [5.742, 48.062], [5.638, 47.898], [4.987, 48.022], [4.946, 49.217]]], "type": "Polygon"}, "properties": {"name": "Barrois"}}, {"type": "Feature", "geometry": {"coordinates": [[[-71.064, 48.045], [-69.113, 49.52], [-68.197, 49.241], [-69.878, 47.905], [-71.064, 48.045]]], "type": "Polygon"}, "properties": {"name": "Atiamekw"}}, {"type": "Feature", "geometry": {"coordinates": [[[2.835, 49.148], [3.73, 49.566], [4.946, 49.217], [4.987, 48.022], [3.822, 47.967], [3.858, 48.403], [2.89, 48.413], [3.27, 48.496], [2.835, 49.148]]], "type": "Polygon"}, "properties": {"name": "Champagne"}}, {"type": "Feature", "geometry": {"coordinates": [[[18.668, 49.427], [19.459, 49.463], [19.857, 49.189], [20.724, 49.303], [19.606, 48.1], [18.66, 47.892], [18.09, 48.989], [18.668, 49.427]]], "type": "Polygon"}, "properties": {"name": "Ersekujvar"}}, {"type": "Feature", "geometry": {"coordinates": [[[5.868, 49.441], [6.453, 49.436], [6.881, 49.167], [7.113, 49.133], [6.923, 48.474], [5.976, 48.941], [5.868, 49.441]]], "type": "Polygon"}, "properties": {"name": "Metz"}}, {"type": "Feature", "geometry": {"coordinates": [[[61.941, 48.69], [64.206, 49.427], [65.302, 48.671], [65.834, 48.793], [66, 48.796], [66.293, 47.777], [67.67, 47.75], [67.491, 46.796], [66.135, 46.719], [65.353, 46.413], [64.344, 45.097], [63.77, 46.279], [63.584, 47.456], [63.197, 48.05], [62.095, 48.579], [61.941, 48.69]]], "type": "Polygon"}, "properties": {"name": "Altyn"}}, {"type": "Feature", "geometry": {"coordinates": [[[-95.178, 48.984], [-94.842, 49.382], [-94.554, 48.678], [-94.884, 47.518], [-95.646, 46.498], [-95.96, 46.585], [-96.489, 45.865], [-96.747, 46.916], [-97.187, 48.961], [-95.178, 48.984]]], "type": "Polygon"}, "properties": {"name": "Bungi"}}, {"type": "Feature", "geometry": {"coordinates": [[[11.37, 49.101], [12.045, 49.352], [12.745, 49.326], [13.84, 48.737], [13.009, 48.14], [12.711, 48.088], [11.944, 48.513], [11.187, 48.464], [11.055, 48.856], [11.37, 49.101]]], "type": "Polygon"}, "properties": {"name": "Niederbayern"}}, {"type": "Feature", "geometry": {"coordinates": [[[20.724, 49.303], [22.352, 49.259], [22.616, 49.115], [22.07, 48.323], [20.822, 48.485], [20.063, 48.096], [19.606, 48.1], [20.724, 49.303]]], "type": "Polygon"}, "properties": {"name": "Carpathia"}}, {"type": "Feature", "geometry": {"coordinates": [[[-67.343, 48.869], [-64.652, 49.084], [-64.331, 48.502], [-65.315, 48.067], [-66.368, 48.118], [-66.397, 47.943], [-67.092, 47.837], [-67.964, 48.073], [-67.244, 48.593], [-67.343, 48.869]]], "type": "Polygon"}, "properties": {"name": "Kespek"}}, {"type": "Feature", "geometry": {"coordinates": [[[8.304, 49.274], [8.658, 49.023], [8.357, 48.347], [7.772, 48.396], [8.148, 48.976], [8.304, 49.274]]], "type": "Polygon"}, "properties": {"name": "Baden"}}, {"type": "Feature", "geometry": {"coordinates": [[[34.706, 48.314], [35.313, 49.28], [36.085, 48.997], [37.047, 49.209], [37.916, 49.089], [38.104, 48.907], [37.705, 48.273], [36.515, 48.084], [35.224, 47.632], [34.706, 48.314]]], "type": "Polygon"}, "properties": {"name": "Mansur"}}, {"type": "Feature", "geometry": {"coordinates": [[[68.929, 49.077], [70.881, 49.258], [70.856, 48.242], [71.074, 46.794], [72.041, 45.55], [70.246, 44.492], [68.478, 44.615], [68.492, 44.984], [68.945, 45.209], [68.648, 45.7], [68.274, 46.323], [67.491, 46.796], [67.67, 47.75], [68.929, 49.077]]], "type": "Polygon"}, "properties": {"name": "Dzhaman-Kuduk"}}, {"type": "Feature", "geometry": {"coordinates": [[[7.113, 49.133], [8.148, 48.976], [7.772, 48.396], [7.574, 47.955], [6.899, 48.085], [6.923, 48.474], [7.113, 49.133]]], "type": "Polygon"}, "properties": {"name": "Elsass"}}, {"type": "Feature", "geometry": {"coordinates": [[[56.115, 48.4], [58.605, 49.068], [59.844, 46.466], [60.082, 46.082], [59.659, 46.184], [58.369, 45.51], [56.575, 45.224], [55.551, 45.625], [55.685, 46.883], [56.197, 47.27], [56.115, 48.4]]], "type": "Polygon"}, "properties": {"name": "Alimuly"}}, {"type": "Feature", "geometry": {"coordinates": [[[86.88, 49.143], [87.6, 49.118], [89.207, 47.9], [90.085, 47.554], [90.735, 46.72], [90.62, 45.318], [90.948, 45.123], [89.441, 45.026], [86.043, 45.712], [85.354, 46.871], [85.428, 48.023], [86.393, 48.52], [86.88, 49.143]]], "type": "Polygon"}, "properties": {"name": "Hoboksar"}}, {"type": "Feature", "geometry": {"coordinates": [[[8.658, 49.023], [9.366, 49.04], [9.696, 49.003], [9.575, 48.436], [8.689, 47.967], [8.357, 48.347], [8.658, 49.023]]], "type": "Polygon"}, "properties": {"name": "Württemberg"}}, {"type": "Feature", "geometry": {"coordinates": [[[22.07, 48.323], [22.616, 49.115], [24.871, 48.079], [24.978, 47.667], [25.189, 47.46], [24.6, 46.682], [24.746, 45.601], [24.317, 45.57], [23.507, 45.49], [22.804, 45.481], [22.177, 46.401], [23.588, 47.195], [24.043, 47.727], [22.888, 47.958], [22.07, 48.323]]], "type": "Polygon"}, "properties": {"name": "Hunyad"}}, {"type": "Feature", "geometry": {"coordinates": [[[-122.662, 48.978], [-121.308, 48.962], [-120.372, 48.96], [-120.803, 48.255], [-121.081, 47.281], [-122.101, 47.457], [-122.365, 48.376], [-122.559, 48.087], [-122.287, 48.6], [-122.662, 48.978]]], "type": "Polygon"}, "properties": {"name": "Salish"}}, {"type": "Feature", "geometry": {"coordinates": [[[-120.372, 48.96], [-119.043, 48.96], [-119.072, 46.982], [-120.184, 45.807], [-120.817, 45.721], [-121.892, 45.671], [-122.074, 46.458], [-121.081, 47.281], [-120.803, 48.255], [-120.372, 48.96]]], "type": "Polygon"}, "properties": {"name": "Yakima"}}, {"type": "Feature", "geometry": {"coordinates": [[[-119.043, 48.96], [-118.271, 48.972], [-115.954, 48.96], [-115.839, 47.902], [-117.523, 47.382], [-119.072, 46.982], [-119.043, 48.96]]], "type": "Polygon"}, "properties": {"name": "Spokane"}}, {"type": "Feature", "geometry": {"coordinates": [[[-115.954, 48.96], [-114.432, 48.961], [-110.454, 48.959], [-109.843, 47.361], [-112.157, 46.625], [-114.247, 46.571], [-114.894, 46.98], [-115.839, 47.902], [-115.954, 48.96]]], "type": "Polygon"}, "properties": {"name": "Piegan"}}, {"type": "Feature", "geometry": {"coordinates": [[[-110.454, 48.959], [-108.356, 48.96], [-105.528, 48.959], [-104.744, 48.091], [-106.254, 47.883], [-107.879, 47.477], [-109.058, 47.302], [-109.843, 47.361], [-110.454, 48.959]]], "type": "Polygon"}, "properties": {"name": "Haaninin"}}, {"type": "Feature", "geometry": {"coordinates": [[[-105.528, 48.959], [-104.607, 48.964], [-102.63, 48.958], [-102.125, 48.293], [-100.569, 47.509], [-102.414, 46.706], [-104.502, 47.211], [-104.744, 48.091], [-105.528, 48.959]]], "type": "Polygon"}, "properties": {"name": "Hidatsa"}}, {"type": "Feature", "geometry": {"coordinates": [[[-102.63, 48.958], [-99.751, 48.961], [-97.827, 48.963], [-97.187, 48.961], [-96.747, 46.916], [-97.522, 46.803], [-98.373, 47.339], [-99.291, 47.803], [-100.569, 47.509], [-102.125, 48.293], [-102.63, 48.958]]], "type": "Polygon"}, "properties": {"name": "Itscheabine"}}, {"type": "Feature", "geometry": {"coordinates": [[[-75.857, 48.664], [-73.696, 48.966], [-73.173, 48.107], [-73.318, 47.769], [-72.725, 47.626], [-72.763, 47.559], [-74.482, 46.852], [-75.1, 46.572], [-76.871, 46.866], [-76.633, 47.559], [-75.857, 48.664]]], "type": "Polygon"}, "properties": {"name": "Atikamekw"}}, {"type": "Feature", "geometry": {"coordinates": [[[9.696, 49.003], [10.466, 48.911], [9.76, 48.263], [9.575, 48.436], [9.696, 49.003]]], "type": "Polygon"}, "properties": {"name": "Ulm"}}, {"type": "Feature", "geometry": {"coordinates": [[[14.894, 48.95], [15.351, 48.915], [16.853, 48.703], [16.808, 48.267], [14.963, 48.369], [14.771, 48.576], [14.894, 48.95]]], "type": "Polygon"}, "properties": {"name": "Ostmarch"}}, {"type": "Feature", "geometry": {"coordinates": [[[16.853, 48.703], [18.09, 48.989], [18.66, 47.892], [18.644, 47.681], [17.735, 47.629], [17.112, 47.958], [16.808, 48.267], [16.853, 48.703]]], "type": "Polygon"}, "properties": {"name": "Presburg"}}, {"type": "Feature", "geometry": {"coordinates": [[[-70.215, 47.207], [-67.343, 48.869], [-67.244, 48.593], [-67.964, 48.073], [-69.127, 47.468], [-69.904, 46.992], [-70.215, 47.207]]], "type": "Polygon"}, "properties": {"name": "Maliseet"}}, {"type": "Feature", "geometry": {"coordinates": [[[-56.997, 48.903], [-55.019, 48.359], [-54.129638671875, 47.908978314728685], [-53.59130859375, 47.42065432071321], [-52.811279296875, 47.31648293428332], [-53.096923828125, 46.61171462536894], [-55.317, 46.921], [-55.993, 46.926], [-55.016, 47.494], [-55.41, 47.757], [-55.62, 47.427], [-55.671, 47.645], [-55.726, 47.931], [-56.007, 47.875], [-56.282, 47.676], [-56.604, 47.586], [-57.051, 48.215], [-56.997, 48.903]]], "type": "Polygon"}, "properties": {"name": "Placentia"}}, {"type": "Feature", "geometry": {"coordinates": [[[-3.635, 48.73], [-2.684, 48.56], [-0.977, 48.392], [-1.07, 47.9], [-1.13, 47.77], [-1.554, 47.618], [-3.473, 48.208], [-3.635, 48.73]]], "type": "Polygon"}, "properties": {"name": "Armor"}}, {"type": "Feature", "geometry": {"coordinates": [[[-0.701, 48.314], [0.364, 48.808], [1.053, 48.658], [1.516, 47.972], [0.982, 47.657], [-0.701, 48.314]]], "type": "Polygon"}, "properties": {"name": "Alencon"}}, {"type": "Feature", "geometry": {"coordinates": [[[5.742, 48.062], [5.976, 48.941], [6.923, 48.474], [6.899, 48.085], [6.638, 47.682], [5.742, 48.062]]], "type": "Polygon"}, "properties": {"name": "Lothringen"}}, {"type": "Feature", "geometry": {"coordinates": [[[9.76, 48.263], [10.466, 48.911], [11.055, 48.856], [11.187, 48.464], [10.735, 48.462], [10.427, 47.464], [10.36, 47.248], [9.75, 47.541], [9.76, 48.263]]], "type": "Polygon"}, "properties": {"name": "Schwaben"}}, {"type": "Feature", "geometry": {"coordinates": [[[38.104, 48.907], [39.584, 48.539], [39.676, 47.749], [38.154, 47.463], [37.705, 48.273], [38.104, 48.907]]], "type": "Polygon"}, "properties": {"name": "Tyn"}}, {"type": "Feature", "geometry": {"coordinates": [[[-81.663, 48.792], [-79.558, 48.203], [-79.176, 47.867], [-79.642, 47.485], [-81.066, 46.827], [-83.284, 47.195], [-83.916, 48.082], [-82.495, 48.198], [-81.663, 48.792]]], "type": "Polygon"}, "properties": {"name": "Piscatang"}}, {"type": "Feature", "geometry": {"coordinates": [[[13.84, 48.737], [14.771, 48.576], [14.963, 48.369], [14.62, 47.979], [13.826, 47.878], [13.673, 47.567], [13.009, 48.14], [13.84, 48.737]]], "type": "Polygon"}, "properties": {"name": "Linz"}}, {"type": "Feature", "geometry": {"coordinates": [[[32.349, 48.233], [33.732, 48.807], [34.706, 48.314], [35.224, 47.632], [35.091, 47.359], [34.264, 47.318], [33.981, 47.065], [32.349, 48.233]]], "type": "Polygon"}, "properties": {"name": "Zaporozhia"}}, {"type": "Feature", "geometry": {"coordinates": [[[-94.554, 48.678], [-92.862, 48.61], [-91.232, 48.137], [-89.375, 48.003], [-90.826, 47.483], [-91.832, 46.849], [-93.081, 47.553], [-93.997, 47.567], [-94.884, 47.518], [-94.554, 48.678]]], "type": "Polygon"}, "properties": {"name": "Chippewa"}}, {"type": "Feature", "geometry": {"coordinates": [[[-4.742, 48.419], [-3.635, 48.73], [-3.473, 48.208], [-3.841, 48.206], [-3.925, 47.791], [-4.571, 47.936], [-4.272, 48.251], [-4.742, 48.419]]], "type": "Polygon"}, "properties": {"name": "Nevers"}}, {"type": "Feature", "geometry": {"coordinates": [[[24.871, 48.079], [26.308, 48.719], [27.315, 48.509], [26.594, 48.514], [26.652, 48.249], [24.978, 47.667], [24.871, 48.079]]], "type": "Polygon"}, "properties": {"name": "Bukovina"}}, {"type": "Feature", "geometry": {"coordinates": [[[62.095, 48.579], [63.197, 48.05], [63.584, 47.456], [63.77, 46.279], [61.838, 46.541], [61.613, 46.682], [60.746, 46.64], [60.357, 46.61], [61.009, 47.656], [62.095, 48.579]]], "type": "Polygon"}, "properties": {"name": "Alty-Kuduk"}}, {"type": "Feature", "geometry": {"coordinates": [[[10.735, 48.462], [11.187, 48.464], [11.944, 48.513], [12.711, 48.088], [12.938, 47.597], [12.328, 47.558], [10.978, 47.279], [10.893, 47.43], [11.197, 48.39], [10.735, 48.462]]], "type": "Polygon"}, "properties": {"name": "München"}}, {"type": "Feature", "geometry": {"coordinates": [[[20.063, 48.096], [20.822, 48.485], [22.07, 48.323], [22.888, 47.958], [21.75, 47.059], [20.364, 47.859], [20.063, 48.096]]], "type": "Polygon"}, "properties": {"name": "Szabolcs"}}, {"type": "Feature", "geometry": {"coordinates": [[[26.594, 48.514], [27.315, 48.509], [28.302, 48.095], [28.959, 47.625], [29.84, 46.378], [29.267, 46.369], [29.002, 46.375], [28.162, 45.458], [27.854, 46.976], [26.652, 48.249], [26.594, 48.514]]], "type": "Polygon"}, "properties": {"name": "Bessarabia"}}, {"type": "Feature", "geometry": {"coordinates": [[[93.692, 48.539], [94.056, 48.04], [95.622, 47.736], [96.023, 47.855], [96.875, 47.149], [97.289, 47.319], [97.831, 47.076], [98.189, 46.916], [98.429, 46.503], [99.461, 46.17], [99.067, 45.807], [98.265, 45.726], [98.424, 44.706], [98.105, 42.684], [96.391, 42.769], [95.299, 43.985], [94.009, 44.739], [94.145, 45.701], [93.113, 46.794], [93.692, 48.539]]], "type": "Polygon"}, "properties": {"name": "Zasagt"}}, {"type": "Feature", "geometry": {"coordinates": [[[-0.977, 48.392], [-0.701, 48.314], [0.982, 47.657], [0.494, 47.124], [-1.07, 47.9], [-0.977, 48.392]]], "type": "Polygon"}, "properties": {"name": "Maine"}}, {"type": "Feature", "geometry": {"coordinates": [[[2.127, 48.18], [2.89, 48.413], [3.858, 48.403], [3.822, 47.967], [3.655, 47.641], [2.887, 47.443], [2.865, 47.437], [2.512, 47.803], [2.127, 48.18]]], "type": "Polygon"}, "properties": {"name": "Nemours"}}, {"type": "Feature", "geometry": {"coordinates": [[[7.574, 47.955], [7.772, 48.396], [8.357, 48.347], [8.689, 47.967], [8.663, 47.649], [7.753, 47.457], [7.574, 47.426], [7.574, 47.955]]], "type": "Polygon"}, "properties": {"name": "Breisgau"}}, {"type": "Feature", "geometry": {"coordinates": [[[8.689, 47.967], [9.575, 48.436], [9.76, 48.263], [9.75, 47.541], [9.703, 47.546], [8.956, 47.639], [8.663, 47.649], [8.689, 47.967]]], "type": "Polygon"}, "properties": {"name": "Konstanz"}}, {"type": "Feature", "geometry": {"coordinates": [[[10.427, 47.464], [10.735, 48.462], [11.197, 48.39], [10.893, 47.43], [10.427, 47.464]]], "type": "Polygon"}, "properties": {"name": "Augsburg"}}, {"type": "Feature", "geometry": {"coordinates": [[[14.963, 48.369], [16.808, 48.267], [17.112, 47.958], [16.936, 47.593], [16.649, 47.581], [15.602, 47.665], [14.62, 47.979], [14.963, 48.369]]], "type": "Polygon"}, "properties": {"name": "Wien"}}, {"type": "Feature", "geometry": {"coordinates": [[[46.996, 48.22], [49.186, 48.203], [50.078, 48.005], [51.159, 48.365], [51.237, 48.302], [51.583, 47.009], [49.234, 46.128], [48.57, 46.564], [48.89, 46.683], [47.908, 47.689], [47.043, 47.706], [46.996, 48.22]]], "type": "Polygon"}, "properties": {"name": "Ryn"}}, {"type": "Feature", "geometry": {"coordinates": [[[51.159, 48.365], [52.291, 48.403], [53.098, 47.813], [55.685, 46.883], [55.551, 45.625], [54.453, 44.809], [53.176, 45.864], [53.304, 46.812], [52.141, 46.771], [51.583, 47.009], [51.237, 48.302], [51.159, 48.365]]], "type": "Polygon"}, "properties": {"name": "Nogay"}}, {"type": "Feature", "geometry": {"coordinates": [[[125.722, 48.341], [127.478, 48.43], [128.035, 47.701], [129.553, 48.31], [129.647, 47.952], [129.459, 46.609], [128.408, 45.952], [126.848, 45.894], [126.48, 45.62], [125.855, 46.426], [125.207, 47.257], [125.722, 48.341]]], "type": "Polygon"}, "properties": {"name": "Heilongjiang"}}, {"type": "Feature", "geometry": {"coordinates": [[[-124.565, 48.342], [-122.482, 48.015], [-122.531, 47.965], [-122.694, 47.801], [-123.073, 47.392], [-123.807, 46.913], [-124.565, 48.342]]], "type": "Polygon"}, "properties": {"name": "Quileute"}}, {"type": "Feature", "geometry": {"coordinates": [[[36.515, 48.084], [37.705, 48.273], [38.154, 47.463], [38.17, 47.067], [37.729, 46.981], [35.887, 46.527], [35.091, 47.359], [35.224, 47.632], [36.515, 48.084]]], "type": "Polygon"}, "properties": {"name": "Kyzyl-Yar"}}, {"type": "Feature", "geometry": {"coordinates": [[[124.359, 48.279], [125.722, 48.341], [125.207, 47.257], [123.851, 46.663], [122.797, 46.418], [122.097, 46.769], [123.679, 48.1], [124.033, 47.959], [124.359, 48.279]]], "type": "Polygon"}, "properties": {"name": "Cicigar"}}, {"type": "Feature", "geometry": {"coordinates": [[[-3.841, 48.206], [-3.473, 48.208], [-1.554, 47.618], [-2.416, 47.228], [-2.574, 47.466], [-3.925, 47.791], [-3.841, 48.206]]], "type": "Polygon"}, "properties": {"name": "Morbihan"}}, {"type": "Feature", "geometry": {"coordinates": [[[24.978, 47.667], [26.652, 48.249], [27.854, 46.976], [28.162, 45.458], [28.361, 45.135], [28.22, 45.043], [26.96, 45.452], [25.189, 47.46], [24.978, 47.667]]], "type": "Polygon"}, "properties": {"name": "Suceava"}}, {"type": "Feature", "geometry": {"coordinates": [[[30.927, 48.056], [32.349, 48.233], [33.981, 47.065], [33.612, 46.735], [32.099, 46.424], [31.618, 47.161], [30.886, 47.931], [30.927, 48.056]]], "type": "Polygon"}, "properties": {"name": "Ingil"}}, {"type": "Feature", "geometry": {"coordinates": [[[131.94, 47.58], [134.745, 48.24], [134.697, 47.527], [133.882, 46.307], [133.005, 44.985], [131.718, 45.253], [129.807, 45.36], [128.978, 45.764], [128.408, 45.952], [129.459, 46.609], [129.647, 47.952], [130.74, 47.937], [131.94, 47.58]]], "type": "Polygon"}, "properties": {"name": "Sanxing"}}, {"type": "Feature", "geometry": {"coordinates": [[[-79.176, 47.867], [-76.633, 47.559], [-76.871, 46.866], [-78.884, 46.497], [-79.642, 47.485], [-79.176, 47.867]]], "type": "Polygon"}, "properties": {"name": "Timiskaming"}}, {"type": "Feature", "geometry": {"coordinates": [[[-66.397, 47.943], [-66.368, 48.118], [-65.633, 47.659], [-64.827, 47.837], [-65.182, 47.129], [-66.509, 47.006], [-67.092, 47.837], [-66.397, 47.943]]], "type": "Polygon"}, "properties": {"name": "Siknikt"}}, {"type": "Feature", "geometry": {"coordinates": [[[1.516, 47.972], [2.127, 48.18], [2.512, 47.803], [0.929, 46.765], [0.494, 47.124], [0.982, 47.657], [1.516, 47.972]]], "type": "Polygon"}, "properties": {"name": "Orléannais"}}, {"type": "Feature", "geometry": {"coordinates": [[[3.822, 47.967], [4.987, 48.022], [5.638, 47.898], [5.334, 46.983], [3.744, 46.858], [3.655, 47.641], [3.822, 47.967]]], "type": "Polygon"}, "properties": {"name": "Bourgogne"}}, {"type": "Feature", "geometry": {"coordinates": [[[6.899, 48.085], [7.574, 47.955], [7.574, 47.426], [6.926, 47.409], [6.638, 47.682], [6.899, 48.085]]], "type": "Polygon"}, "properties": {"name": "Sundgau"}}, {"type": "Feature", "geometry": {"coordinates": [[[12.711, 48.088], [13.009, 48.14], [13.673, 47.567], [13.583, 47.178], [13.374, 47.086], [12.19, 47.279], [12.328, 47.558], [12.938, 47.597], [12.711, 48.088]]], "type": "Polygon"}, "properties": {"name": "Salzburg"}}, {"type": "Feature", "geometry": {"coordinates": [[[18.66, 47.892], [19.606, 48.1], [20.063, 48.096], [20.364, 47.859], [19.026, 46.769], [17.722, 47.495], [17.735, 47.629], [18.644, 47.681], [18.66, 47.892]]], "type": "Polygon"}, "properties": {"name": "Pecs"}}, {"type": "Feature", "geometry": {"coordinates": [[[28.959, 47.625], [29.84, 48.105], [30.836, 48.034], [30.886, 47.931], [31.618, 47.161], [31.776, 46.656], [30.795, 46.527], [30.454, 46.098], [29.267, 46.369], [29.84, 46.378], [28.959, 47.625]]], "type": "Polygon"}, "properties": {"name": "Yedisan"}}, {"type": "Feature", "geometry": {"coordinates": [[[-106.254, 47.883], [-104.744, 48.091], [-104.502, 47.211], [-105.052, 46.71], [-108.388, 45.492], [-109.058, 47.302], [-107.879, 47.477], [-106.254, 47.883]]], "type": "Polygon"}, "properties": {"name": "Ashshipite"}}, {"type": "Feature", "geometry": {"coordinates": [[[-84.938, 47.876], [-84.035, 48.055], [-83.916, 48.082], [-83.284, 47.195], [-81.066, 46.827], [-80.735, 46.285], [-81.67, 46.015], [-81.89, 45.824], [-81.658, 45.598], [-82.23, 46.016], [-84.201, 46.323], [-84.218, 46.149], [-84.221, 46.15], [-84.376, 46.34], [-84.433, 46.352], [-84.938, 47.876]]], "type": "Polygon"}, "properties": {"name": "Sault"}}, {"type": "Feature", "geometry": {"coordinates": [[[-72.763, 47.559], [-71.064, 48.045], [-69.878, 47.905], [-71.09, 47.091], [-71.296, 46.804], [-72.517, 46.313], [-72.878, 46.169], [-74.482, 46.852], [-72.763, 47.559]]], "type": "Polygon"}, "properties": {"name": "Kwedech"}}, {"type": "Feature", "geometry": {"coordinates": [[[-69.127, 47.468], [-67.964, 48.073], [-67.092, 47.837], [-66.509, 47.006], [-66.769, 46.862], [-65.88, 46.392], [-67.796, 46.288], [-68.115, 47.355], [-68.952, 47.256], [-69.127, 47.468]]], "type": "Polygon"}, "properties": {"name": "Madawaska"}}, {"type": "Feature", "geometry": {"coordinates": [[[5.742, 48.062], [6.638, 47.682], [6.926, 47.409], [6.722, 46.95], [5.917, 46.174], [5.285, 46.109], [5.309, 46.532], [5.334, 46.983], [5.638, 47.898], [5.742, 48.062]]], "type": "Polygon"}, "properties": {"name": "Franche-Comté"}}, {"type": "Feature", "geometry": {"coordinates": [[[42.957, 47.738], [44.064, 48.054], [44.714, 47.775], [45.002, 46.977], [44.525, 46.805], [43.379, 46.15], [41.532, 46.062], [41.666, 47.245], [42.957, 47.738]]], "type": "Polygon"}, "properties": {"name": "Khazaria"}}, {"type": "Feature", "geometry": {"coordinates": [[[-115.839, 47.902], [-114.894, 46.98], [-116.862, 46.066], [-120.184, 45.807], [-119.072, 46.982], [-117.523, 47.382], [-115.839, 47.902]]], "type": "Polygon"}, "properties": {"name": "Palus"}}, {"type": "Feature", "geometry": {"coordinates": [[[13.826, 47.878], [14.62, 47.979], [15.602, 47.665], [14.928, 46.947], [13.583, 47.178], [13.673, 47.567], [13.826, 47.878]]], "type": "Polygon"}, "properties": {"name": "Steiermark"}}, {"type": "Feature", "geometry": {"coordinates": [[[17.112, 47.958], [17.735, 47.629], [17.722, 47.495], [17.698, 47.262], [17.979, 46.992], [17.196, 46.565], [16.775, 46.29], [16.496, 46.473], [16.253, 46.765], [16.649, 47.581], [16.936, 47.593], [17.112, 47.958]]], "type": "Polygon"}, "properties": {"name": "Sopron"}}, {"type": "Feature", "geometry": {"coordinates": [[[22.888, 47.958], [24.043, 47.727], [23.588, 47.195], [22.177, 46.401], [21.332, 46.383], [21.75, 47.059], [22.888, 47.958]]], "type": "Polygon"}, "properties": {"name": "Partium"}}, {"type": "Feature", "geometry": {"coordinates": [[[99.843, 47.946], [101.364, 47.903], [101.669, 47.737], [103.277, 47.936], [104.286, 47.315], [105.124, 46.694], [104.132, 45.336], [101.246, 45.2], [99.955, 45.775], [99.291, 45.607], [99.067, 45.807], [99.461, 46.17], [98.429, 46.503], [98.189, 46.916], [97.831, 47.076], [99.414, 47.141], [99.843, 47.946]]], "type": "Polygon"}, "properties": {"name": "Qaraqorum"}}, {"type": "Feature", "geometry": {"coordinates": [[[-100.569, 47.509], [-99.291, 47.803], [-98.373, 47.339], [-99.153, 46.587], [-99.043, 45.63], [-102.038, 45.92], [-102.414, 46.706], [-100.569, 47.509]]], "type": "Polygon"}, "properties": {"name": "Mandan"}}, {"type": "Feature", "geometry": {"coordinates": [[[-1.13, 47.77], [-1.07, 47.9], [0.494, 47.124], [0.929, 46.765], [0.943, 46.564], [-1.091, 46.844], [-1.13, 47.77]]], "type": "Polygon"}, "properties": {"name": "Anjou"}}, {"type": "Feature", "geometry": {"coordinates": [[[20.364, 47.859], [21.75, 47.059], [21.332, 46.383], [20.241, 46.104], [19.068, 45.915], [19.026, 46.769], [20.364, 47.859]]], "type": "Polygon"}, "properties": {"name": "Szolnok"}}, {"type": "Feature", "geometry": {"coordinates": [[[-1.554, 47.618], [-1.13, 47.77], [-1.091, 46.844], [-1.979, 46.899], [-1.748, 47.238], [-2.416, 47.228], [-1.554, 47.618]]], "type": "Polygon"}, "properties": {"name": "Vendée"}}, {"type": "Feature", "geometry": {"coordinates": [[[0.929, 46.765], [2.512, 47.803], [2.865, 47.437], [2.831, 46.881], [1.984, 46.011], [1.097, 46.268], [0.943, 46.564], [0.929, 46.765]]], "type": "Polygon"}, "properties": {"name": "Berry"}}, {"type": "Feature", "geometry": {"coordinates": [[[38.154, 47.463], [39.676, 47.749], [40.289, 47.397], [39.424, 46.566], [38.767, 46.803], [39.257, 47.193], [37.729, 46.981], [38.17, 47.067], [38.154, 47.463]]], "type": "Polygon"}, "properties": {"name": "Azow"}}, {"type": "Feature", "geometry": {"coordinates": [[[-93.997, 47.567], [-93.081, 47.553], [-91.832, 46.849], [-92.121, 46.664], [-92.317, 46.066], [-92.763, 44.714], [-93.342, 45], [-94.321, 46.295], [-93.329, 46.886], [-93.997, 47.567]]], "type": "Polygon"}, "properties": {"name": "Mdewankton"}}, {"type": "Feature", "geometry": {"coordinates": [[[2.887, 47.443], [3.655, 47.641], [3.744, 46.858], [3.6, 46.614], [2.887, 46.883], [2.887, 47.443]]], "type": "Polygon"}, "properties": {"name": "Nevers"}}, {"type": "Feature", "geometry": {"coordinates": [[[7.753, 47.457], [8.663, 47.649], [8.956, 47.639], [9.142, 47.516], [8.493, 46.93], [8.023, 46.777], [7.753, 47.457]]], "type": "Polygon"}, "properties": {"name": "Zürich"}}, {"type": "Feature", "geometry": {"coordinates": [[[14.928, 46.947], [15.602, 47.665], [16.649, 47.581], [16.253, 46.765], [15.015, 46.501], [14.928, 46.947]]], "type": "Polygon"}, "properties": {"name": "Graz"}}, {"type": "Feature", "geometry": {"coordinates": [[[46.344, 46.45], [47.908, 47.689], [48.89, 46.683], [48.57, 46.564], [49.234, 46.128], [47.795, 45.571], [47.003, 44.696], [45.421, 45.051], [46.344, 46.45]]], "type": "Polygon"}, "properties": {"name": "Astrakhan"}}, {"type": "Feature", "geometry": {"coordinates": [[[-94.884, 47.518], [-93.997, 47.567], [-93.329, 46.886], [-94.321, 46.295], [-93.342, 45], [-94.242, 44.277], [-96.404, 45.356], [-96.743, 45.531], [-96.489, 45.865], [-95.96, 46.585], [-95.646, 46.498], [-94.884, 47.518]]], "type": "Polygon"}, "properties": {"name": "Minnesota"}}, {"type": "Feature", "geometry": {"coordinates": [[[9.703, 47.546], [9.75, 47.541], [10.36, 47.248], [10.427, 47.464], [10.893, 47.43], [10.978, 47.279], [12.328, 47.558], [12.19, 47.279], [12.042, 46.952], [10.506, 46.768], [9.533, 46.982], [9.622, 47.295], [9.703, 47.546]]], "type": "Polygon"}, "properties": {"name": "Tirol"}}, {"type": "Feature", "geometry": {"coordinates": [[[-122.101, 47.457], [-121.081, 47.281], [-122.074, 46.458], [-121.892, 45.671], [-122.393, 45.633], [-123.343, 46.286], [-123.775, 46.355], [-123.807, 46.913], [-123.073, 47.392], [-122.703, 47.126], [-122.101, 47.457]]], "type": "Polygon"}, "properties": {"name": "Chehalis"}}, {"type": "Feature", "geometry": {"coordinates": [[[-81.066, 46.827], [-79.642, 47.485], [-78.884, 46.497], [-76.601, 45.61], [-77.816, 45.302], [-78.942, 45.485], [-80.735, 46.285], [-81.066, 46.827]]], "type": "Polygon"}, "properties": {"name": "Ottawa"}}, {"type": "Feature", "geometry": {"coordinates": [[[-69.904, 46.992], [-69.127, 47.468], [-68.952, 47.256], [-68.115, 47.355], [-67.796, 46.288], [-67.773, 45.756], [-68.221, 45.573], [-69.176, 46.14], [-69.772, 45.941], [-70.281, 45.88], [-70.307, 46.208], [-69.773, 46.9], [-69.904, 46.992]]], "type": "Polygon"}, "properties": {"name": "Aroostook"}}, {"type": "Feature", "geometry": {"coordinates": [[[2.865, 47.437], [2.887, 47.443], [2.887, 46.883], [3.6, 46.614], [3.888, 46.218], [3.759, 46.211], [2.527, 45.79], [1.984, 46.011], [2.831, 46.881], [2.865, 47.437]]], "type": "Polygon"}, "properties": {"name": "Bourbon"}}, {"type": "Feature", "geometry": {"coordinates": [[[6.926, 47.409], [7.574, 47.426], [7.753, 47.457], [8.023, 46.777], [8.318, 46.397], [7.314, 46.293], [6.722, 46.95], [6.926, 47.409]]], "type": "Polygon"}, "properties": {"name": "Bern"}}, {"type": "Feature", "geometry": {"coordinates": [[[8.493, 46.93], [9.142, 47.516], [9.622, 47.295], [9.533, 46.982], [9.136, 46.662], [8.493, 46.93]]], "type": "Polygon"}, "properties": {"name": "S:t Gallen"}}, {"type": "Feature", "geometry": {"coordinates": [[[17.722, 47.495], [19.026, 46.769], [19.068, 45.915], [18.78, 45.816], [17.579, 45.805], [16.775, 46.29], [17.196, 46.565], [18.188, 46.8], [17.979, 46.992], [17.698, 47.262], [17.722, 47.495]]], "type": "Polygon"}, "properties": {"name": "Somogy"}}, {"type": "Feature", "geometry": {"coordinates": [[[25.189, 47.46], [26.96, 45.452], [24.746, 45.601], [24.6, 46.682], [25.189, 47.46]]], "type": "Polygon"}, "properties": {"name": "Transylvania"}}, {"type": "Feature", "geometry": {"coordinates": [[[133.882, 46.307], [134.697, 47.527], [135.366, 47.147], [137.157, 46.74], [136.581, 45.878], [135.538, 45.317], [134.401, 43.691], [133.168, 43.686], [132.744, 43.907], [133.005, 44.985], [133.882, 46.307]]], "type": "Polygon"}, "properties": {"name": "Iman"}}, {"type": "Feature", "geometry": {"coordinates": [[[-112.157, 46.625], [-109.843, 47.361], [-109.058, 47.302], [-108.388, 45.492], [-109.627, 44.286], [-109.947, 44.355], [-110.113, 44.945], [-110.94, 45.023], [-110.993, 44.634], [-112.929, 44.443], [-113.818, 45.657], [-114.113, 45.562], [-114.247, 46.571], [-112.157, 46.625]]], "type": "Polygon"}, "properties": {"name": "Apsaalooke"}}, {"type": "Feature", "geometry": {"coordinates": [[[-89.122, 46.878], [-87.782, 47.4], [-88.425, 46.867], [-87.204, 46.401], [-85.089, 46.676], [-84.983, 46.417], [-84.433, 46.352], [-84.376, 46.34], [-84.221, 46.15], [-84.218, 46.149], [-83.795, 46.116], [-84.049, 45.918], [-85.871, 45.919], [-87.09, 45.593], [-87.559, 45.134], [-87.684, 45.38], [-87.971, 45.827], [-88.8, 46.098], [-90.268, 46.495], [-89.122, 46.878]]], "type": "Polygon"}, "properties": {"name": "Menominee"}}, {"type": "Feature", "geometry": {"coordinates": [[[34.264, 47.318], [35.091, 47.359], [35.887, 46.527], [34.778, 46.13], [33.708, 46.057], [33.54, 45.923], [33.497, 46.035], [31.775, 46.195], [32.099, 46.424], [33.612, 46.735], [33.981, 47.065], [34.264, 47.318]]], "type": "Polygon"}, "properties": {"name": "Yedishkul"}}, {"type": "Feature", "geometry": {"coordinates": [[[39.424, 46.566], [40.289, 47.397], [41.666, 47.245], [41.532, 46.062], [40.877, 45.475], [40.263, 45.592], [39.424, 46.566]]], "type": "Polygon"}, "properties": {"name": "Azaraba"}}, {"type": "Feature", "geometry": {"coordinates": [[[-99.153, 46.587], [-98.373, 47.339], [-97.522, 46.803], [-96.747, 46.916], [-96.489, 45.865], [-96.743, 45.531], [-96.404, 45.356], [-96.331, 44.518], [-98.972, 43.827], [-99.043, 45.63], [-99.153, 46.587]]], "type": "Polygon"}, "properties": {"name": "Lakota East"}}, {"type": "Feature", "geometry": {"coordinates": [[[12.042, 46.952], [12.19, 47.279], [13.374, 47.086], [13.394, 46.47], [12.386, 46.578], [12.042, 46.952]]], "type": "Polygon"}, "properties": {"name": "Lienz"}}, {"type": "Feature", "geometry": {"coordinates": [[[123.851, 46.663], [125.207, 47.257], [125.855, 46.426], [126.48, 45.62], [124.387, 45.202], [123.796, 45.964], [122.794, 45.793], [122.797, 46.418], [123.851, 46.663]]], "type": "Polygon"}, "properties": {"name": "Sartu"}}, {"type": "Feature", "geometry": {"coordinates": [[[-105.052, 46.71], [-104.502, 47.211], [-102.414, 46.706], [-102.038, 45.92], [-101.466, 44.675], [-102.27, 44.378], [-102.467, 44.349], [-103.025, 45.066], [-104.198, 45.527], [-105.066, 46.031], [-105.052, 46.71]]], "type": "Polygon"}, "properties": {"name": "Lakota West"}}, {"type": "Feature", "geometry": {"coordinates": [[[-71.296, 46.804], [-70.215, 47.207], [-69.904, 46.992], [-69.773, 46.9], [-70.307, 46.208], [-71.976, 45.747], [-72.517, 46.313], [-71.296, 46.804]]], "type": "Polygon"}, "properties": {"name": "Etchemins"}}, {"type": "Feature", "geometry": {"coordinates": [[[-66.509, 47.006], [-65.182, 47.129], [-64.897, 47.045], [-64.546, 46.308], [-63.849, 46.183], [-64.061, 45.991], [-64.252, 45.821], [-64.667, 45.91], [-64.697, 45.664], [-64.769, 45.717], [-65.88, 46.392], [-66.769, 46.862], [-66.509, 47.006]]], "type": "Polygon"}, "properties": {"name": "Micmac"}}, {"type": "Feature", "geometry": {"coordinates": [[[13.374, 47.086], [13.583, 47.178], [14.928, 46.947], [15.015, 46.501], [14.733, 46.328], [13.613, 46.442], [13.394, 46.47], [13.374, 47.086]]], "type": "Polygon"}, "properties": {"name": "Kärnten"}}, {"type": "Feature", "geometry": {"coordinates": [[[3.744, 46.858], [5.334, 46.983], [5.309, 46.532], [4.18, 45.91], [3.759, 46.211], [3.888, 46.218], [3.6, 46.614], [3.744, 46.858]]], "type": "Polygon"}, "properties": {"name": "Charolais"}}, {"type": "Feature", "geometry": {"coordinates": [[[82.913, 47.085], [85.354, 46.871], [86.043, 45.712], [84.812, 44.788], [82.315, 45.097], [82.913, 47.085]]], "type": "Polygon"}, "properties": {"name": "Chuguchak"}}, {"type": "Feature", "geometry": {"coordinates": [[[-116.862, 46.066], [-114.894, 46.98], [-114.247, 46.571], [-114.113, 45.562], [-115.561, 44.23], [-116.802, 44.008], [-117.075, 44.464], [-116.349, 45.681], [-116.862, 46.066]]], "type": "Polygon"}, "properties": {"name": "Washington"}}, {"type": "Feature", "geometry": {"coordinates": [[[-64.409, 46.709], [-64.059, 46.994], [-63.856, 46.54], [-62.061, 46.51], [-62.868, 45.977], [-63.527, 46.244], [-64.409, 46.709]]], "type": "Polygon"}, "properties": {"name": "Epekwitk"}}, {"type": "Feature", "geometry": {"coordinates": [[[-60.565, 47.003], [-60.35, 46.698], [-61.136, 45.693], [-60.284, 46.265], [-59.876, 45.995], [-61.036, 45.588], [-61.503, 45.899], [-60.565, 47.003]]], "type": "Polygon"}, "properties": {"name": "Unamakik"}}, {"type": "Feature", "geometry": {"coordinates": [[[9.533, 46.982], [10.506, 46.768], [10.484, 46.513], [10.089, 46.455], [10.212, 46.203], [9.273, 46.326], [9.136, 46.662], [9.533, 46.982]]], "type": "Polygon"}, "properties": {"name": "Chur"}}, {"type": "Feature", "geometry": {"coordinates": [[[44.525, 46.805], [45.002, 46.977], [46.344, 46.45], [45.421, 45.051], [44.195, 44.798], [43.724, 45.62], [43.379, 46.15], [44.525, 46.805]]], "type": "Polygon"}, "properties": {"name": "Kuma"}}, {"type": "Feature", "geometry": {"coordinates": [[[137.157, 46.74], [137.527, 46.978], [138.453, 46.801], [138.426, 46.69], [136.085, 44.539], [134.857, 43.38], [133.585, 42.844], [133.351, 42.789], [133.168, 43.686], [134.401, 43.691], [135.538, 45.317], [136.581, 45.878], [137.157, 46.74]]], "type": "Polygon"}, "properties": {"name": "Yaran"}}, {"type": "Feature", "geometry": {"coordinates": [[[-78.884, 46.497], [-76.871, 46.866], [-75.1, 46.572], [-75.726, 45.537], [-76.601, 45.61], [-78.884, 46.497]]], "type": "Polygon"}, "properties": {"name": "Algonquin"}}, {"type": "Feature", "geometry": {"coordinates": [[[-2.083, 46.749], [-1.979, 46.899], [-1.091, 46.844], [0.943, 46.564], [1.097, 46.268], [0.192, 45.502], [-0.261, 45.248], [-0.586, 45.278], [-1.089, 45.689], [-1.18, 46.21], [-2.083, 46.749]]], "type": "Polygon"}, "properties": {"name": "Poitou"}}, {"type": "Feature", "geometry": {"coordinates": [[[5.917, 46.174], [6.722, 46.95], [7.314, 46.293], [8.318, 46.397], [7.914, 45.795], [8.146, 44.989], [8.575, 44.936], [6.964, 44.833], [6.627, 44.948], [7.056, 45.245], [6.973, 46.406], [6.067, 46.191], [5.917, 46.174]]], "type": "Polygon"}, "properties": {"name": "Niklas"}}, {"type": "Feature", "geometry": {"coordinates": [[[8.023, 46.777], [8.493, 46.93], [9.136, 46.662], [9.273, 46.326], [9.06, 45.823], [8.318, 46.397], [8.023, 46.777]]], "type": "Polygon"}, "properties": {"name": "Schwyz"}}, {"type": "Feature", "geometry": {"coordinates": [[[10.506, 46.768], [12.042, 46.952], [12.386, 46.578], [12.193, 46.532], [11.269, 45.905], [10.845, 45.824], [10.212, 46.203], [10.089, 46.455], [10.484, 46.513], [10.506, 46.768]]], "type": "Polygon"}, "properties": {"name": "Trent"}}, {"type": "Feature", "geometry": {"coordinates": [[[119.81, 46.865], [122.097, 46.769], [122.797, 46.418], [122.794, 45.793], [122.365, 44.264], [123.101, 44.326], [123.415, 43.855], [123.688, 43.898], [123.434, 43.798], [123.512, 43.619], [121.721, 42.976], [120.876, 42.373], [120.162, 41.746], [119.59, 41.802], [119.204, 42.186], [118.838, 42.624], [118.926, 43.197], [117.922, 43.303], [117.794, 43.737], [119.044, 45.016], [119.682, 46.452], [119.81, 46.865]]], "type": "Polygon"}, "properties": {"name": "Chahar"}}, {"type": "Feature", "geometry": {"coordinates": [[[-92.121, 46.664], [-90.914, 46.821], [-90.268, 46.495], [-88.8, 46.098], [-91.273, 44.584], [-91.912, 44.324], [-92.763, 44.714], [-92.317, 46.066], [-92.121, 46.664]]], "type": "Polygon"}, "properties": {"name": "Noquet"}}, {"type": "Feature", "geometry": {"coordinates": [[[-75.1, 46.572], [-74.482, 46.852], [-72.878, 46.169], [-74.511, 45.285], [-75.726, 45.537], [-75.1, 46.572]]], "type": "Polygon"}, "properties": {"name": "Hochelega"}}, {"type": "Feature", "geometry": {"coordinates": [[[15.015, 46.501], [16.253, 46.765], [16.496, 46.473], [15.673, 46.15], [15.604, 45.953], [15.293, 45.528], [15.176, 45.485], [14.493, 45.453], [14.816, 46.112], [14.733, 46.328], [15.015, 46.501]]], "type": "Polygon"}, "properties": {"name": "Krain"}}, {"type": "Feature", "geometry": {"coordinates": [[[38.392, 46.596], [38.767, 46.803], [39.424, 46.566], [40.263, 45.592], [39.251, 44.875], [38.305, 44.947], [37.66, 45.67], [38.439, 46.037], [37.691, 46.488], [38.392, 46.596]]], "type": "Polygon"}, "properties": {"name": "Kouban"}}, {"type": "Feature", "geometry": {"coordinates": [[[66.135, 46.719], [67.491, 46.796], [68.274, 46.323], [68.648, 45.7], [68.945, 45.209], [68.492, 44.984], [68.478, 44.615], [68.329, 44.214], [68.578, 43.806], [67.624, 43.333], [66.681, 43.314], [65.932, 42.837], [64.816, 43.703], [65.328, 44.438], [64.344, 45.097], [65.353, 46.413], [66.135, 46.719]]], "type": "Polygon"}, "properties": {"name": "Turkestan"}}, {"type": "Feature", "geometry": {"coordinates": [[[105.124, 46.694], [105.743, 46.802], [106.473, 46.461], [107.86, 46.643], [109.465, 46.311], [111.137, 45.699], [111.709, 45.138], [111.233, 44.409], [111.731, 43.711], [110.108, 42.803], [106.747, 42.352], [104.715, 41.651], [104.122, 41.82], [104.578, 42.463], [105.036, 44.024], [104.054, 44.718], [104.132, 45.336], [105.124, 46.694]]], "type": "Polygon"}, "properties": {"name": "Dorno Govi"}}, {"type": "Feature", "geometry": {"coordinates": [[[-108.388, 45.492], [-105.052, 46.71], [-105.066, 46.031], [-105.821, 44.316], [-106.902, 43.609], [-108.119, 43.838], [-109.627, 44.286], [-108.388, 45.492]]], "type": "Polygon"}, "properties": {"name": "Eeelalapito"}}, {"type": "Feature", "geometry": {"coordinates": [[[12.193, 46.532], [12.386, 46.578], [13.394, 46.47], [13.613, 46.442], [13.522, 45.601], [12.461, 45.836], [12.193, 46.532]]], "type": "Polygon"}, "properties": {"name": "Friuli"}}, {"type": "Feature", "geometry": {"coordinates": [[[116.634, 46.198], [119.682, 46.452], [119.044, 45.016], [117.794, 43.737], [115.438, 43.823], [113.456, 44.786], [114.456, 45.451], [115.996, 45.677], [116.634, 46.198]]], "type": "Polygon"}, "properties": {"name": "Xilin Gol"}}, {"type": "Feature", "geometry": {"coordinates": [[[4.18, 45.91], [5.309, 46.532], [5.285, 46.109], [5.512, 45.669], [4.88, 45.253], [4.797, 45.217], [4.18, 45.91]]], "type": "Polygon"}, "properties": {"name": "Lyonnais"}}, {"type": "Feature", "geometry": {"coordinates": [[[11.269, 45.905], [12.193, 46.532], [12.461, 45.836], [11.618, 45.597], [11.269, 45.905]]], "type": "Polygon"}, "properties": {"name": "Treviso"}}, {"type": "Feature", "geometry": {"coordinates": [[[16.496, 46.473], [16.775, 46.29], [17.579, 45.805], [17.094, 45.495], [15.604, 45.953], [15.673, 46.15], [16.496, 46.473]]], "type": "Polygon"}, "properties": {"name": "Slavonia"}}, {"type": "Feature", "geometry": {"coordinates": [[[61.118, 45.893], [61.838, 46.541], [63.77, 46.279], [64.344, 45.097], [65.328, 44.438], [64.816, 43.703], [61.903, 43.504], [61.083, 43.918], [61.045, 44.281], [61.289, 44.434], [61.302, 44.7], [62.055, 45.029], [61.118, 45.893]]], "type": "Polygon"}, "properties": {"name": "Syghnak"}}, {"type": "Feature", "geometry": {"coordinates": [[[75.115, 46.41], [78.377, 46.291], [78.878, 45.879], [77.682, 45.516], [76.634, 44.773], [74.338, 44.112], [73.403, 44.469], [73.287, 45.254], [73.581, 45.318], [73.95, 45.039], [73.966, 45.506], [75.115, 46.41]]], "type": "Polygon"}, "properties": {"name": "Karamegdan"}}, {"type": "Feature", "geometry": {"coordinates": [[[-65.88, 46.392], [-64.769, 45.717], [-66.539, 45.173], [-67.109, 45.206], [-67.409, 45.248], [-67.773, 45.756], [-67.796, 46.288], [-65.88, 46.392]]], "type": "Polygon"}, "properties": {"name": "Wolystooq"}}, {"type": "Feature", "geometry": {"coordinates": [[[6.973, 46.406], [7.056, 45.245], [6.627, 44.948], [5.512, 45.669], [5.285, 46.109], [5.917, 46.174], [6.067, 46.191], [6.973, 46.406]]], "type": "Polygon"}, "properties": {"name": "Savoie"}}, {"type": "Feature", "geometry": {"coordinates": [[[8.318, 46.397], [9.06, 45.823], [9.489, 45.772], [9.55, 45.524], [8.957, 45.418], [8.923, 44.896], [8.575, 44.936], [8.146, 44.989], [7.914, 45.795], [8.318, 46.397]]], "type": "Polygon"}, "properties": {"name": "Lombardia"}}, {"type": "Feature", "geometry": {"coordinates": [[[13.613, 46.442], [14.733, 46.328], [14.816, 46.112], [14.493, 45.453], [15.176, 45.485], [14.404, 45.439], [13.508, 45.369], [13.522, 45.601], [13.613, 46.442]]], "type": "Polygon"}, "properties": {"name": "Görz"}}, {"type": "Feature", "geometry": {"coordinates": [[[20.241, 46.104], [21.332, 46.383], [22.177, 46.401], [22.804, 45.481], [23.507, 45.49], [22.759, 45.413], [22.619, 44.573], [21.412, 44.751], [21.131, 45.244], [20.241, 46.104]]], "type": "Polygon"}, "properties": {"name": "Banat"}}, {"type": "Feature", "geometry": {"coordinates": [[[29.002, 46.375], [29.267, 46.369], [30.454, 46.098], [29.504, 45.623], [29.661, 45.268], [29.27, 45.386], [28.361, 45.135], [28.162, 45.458], [29.002, 46.375]]], "type": "Polygon"}, "properties": {"name": "Budjak"}}, {"type": "Feature", "geometry": {"coordinates": [[[-123.343, 46.286], [-122.393, 45.633], [-121.892, 45.671], [-120.817, 45.721], [-121.059, 44.916], [-121.282, 44.893], [-123.069, 45.252], [-123.808, 45.267], [-123.827, 46.188], [-123.343, 46.286]]], "type": "Polygon"}, "properties": {"name": "Chinook"}}, {"type": "Feature", "geometry": {"coordinates": [[[-80.735, 46.285], [-78.942, 45.485], [-80.004, 45.016], [-81.67, 46.015], [-80.735, 46.285]]], "type": "Polygon"}, "properties": {"name": "Missisage"}}, {"type": "Feature", "geometry": {"coordinates": [[[-72.878, 46.169], [-72.517, 46.313], [-71.976, 45.747], [-73.029, 45.125], [-73.41, 45.015], [-74.694, 45.082], [-74.511, 45.285], [-72.878, 46.169]]], "type": "Polygon"}, "properties": {"name": "Loup"}}, {"type": "Feature", "geometry": {"coordinates": [[[1.097, 46.268], [1.984, 46.011], [2.527, 45.79], [1.901, 44.793], [1.397, 44.744], [0.192, 45.502], [1.097, 46.268]]], "type": "Polygon"}, "properties": {"name": "Limousin"}}, {"type": "Feature", "geometry": {"coordinates": [[[9.273, 46.326], [10.212, 46.203], [10.845, 45.824], [10.3, 45.539], [9.785, 45.346], [9.55, 45.524], [9.489, 45.772], [9.06, 45.823], [9.273, 46.326]]], "type": "Polygon"}, "properties": {"name": "Brescia"}}, {"type": "Feature", "geometry": {"coordinates": [[[-71.976, 45.747], [-70.307, 46.208], [-70.281, 45.88], [-71.062, 45.324], [-71.355, 45.228], [-71.462, 45.106], [-73.056, 45.015], [-73.029, 45.125], [-71.976, 45.747]]], "type": "Polygon"}, "properties": {"name": "Arsigantegok"}}, {"type": "Feature", "geometry": {"coordinates": [[[-69.772, 45.941], [-69.176, 46.14], [-68.221, 45.573], [-68.698, 44.322], [-68.708, 44.193], [-68.822, 44.517], [-69.004, 44.412], [-69.336, 44.665], [-69.772, 45.941]]], "type": "Polygon"}, "properties": {"name": "Abnaki"}}, {"type": "Feature", "geometry": {"coordinates": [[[2.527, 45.79], [3.759, 46.211], [4.18, 45.91], [4.797, 45.217], [3.735, 44.633], [3.395, 44.693], [2.056, 44.544], [1.901, 44.793], [2.527, 45.79]]], "type": "Polygon"}, "properties": {"name": "Auvergne"}}, {"type": "Feature", "geometry": {"coordinates": [[[41.532, 46.062], [43.379, 46.15], [43.724, 45.62], [43.711, 45.015], [41.563, 44.864], [40.877, 45.475], [41.532, 46.062]]], "type": "Polygon"}, "properties": {"name": "Majar"}}, {"type": "Feature", "geometry": {"coordinates": [[[-120.184, 45.807], [-116.862, 46.066], [-116.349, 45.681], [-117.075, 44.464], [-118.594, 44.214], [-120.081, 44.216], [-121.282, 44.893], [-121.059, 44.916], [-120.817, 45.721], [-120.184, 45.807]]], "type": "Polygon"}, "properties": {"name": "Umatilla"}}, {"type": "Feature", "geometry": {"coordinates": [[[-88.8, 46.098], [-87.971, 45.827], [-87.684, 45.38], [-88.901, 43.972], [-90.017, 44.672], [-91.273, 44.584], [-88.8, 46.098]]], "type": "Polygon"}, "properties": {"name": "Sauk"}}, {"type": "Feature", "geometry": {"coordinates": [[[19.068, 45.915], [20.241, 46.104], [21.131, 45.244], [21.412, 44.751], [20.248, 44.995], [19.257, 44.838], [19.068, 44.881], [19.224, 45.167], [18.78, 45.816], [19.068, 45.915]]], "type": "Polygon"}, "properties": {"name": "Torontal"}}, {"type": "Feature", "geometry": {"coordinates": [[[-105.821, 44.316], [-105.066, 46.031], [-104.198, 45.527], [-103.025, 45.066], [-102.467, 44.349], [-102.27, 44.378], [-102.44, 44.254], [-102.474, 43.053], [-105.031, 43.722], [-105.262, 44.404], [-105.821, 44.316]]], "type": "Polygon"}, "properties": {"name": "Tsisistas"}}, {"type": "Feature", "geometry": {"coordinates": [[[-64.252, 45.821], [-64.061, 45.991], [-62.398, 45.594], [-64.035, 44.895], [-65.493, 44.718], [-64.144, 45.133], [-63.663, 45.402], [-64.848, 45.422], [-64.252, 45.821]]], "type": "Polygon"}, "properties": {"name": "Acadia"}}, {"type": "Feature", "geometry": {"coordinates": [[[33.54, 45.923], [33.708, 46.057], [34.926, 45.559], [34.817, 45.922], [35.241, 45.283], [34.405, 45.239], [33.434, 45.094], [32.421, 45.373], [33.54, 45.923]]], "type": "Polygon"}, "properties": {"name": "Crimea"}}, {"type": "Feature", "geometry": {"coordinates": [[[126.848, 45.894], [128.408, 45.952], [128.978, 45.764], [128.588, 44.563], [127.942, 44.407], [127.586, 44.712], [126.323, 44.423], [124.387, 45.202], [126.48, 45.62], [126.848, 45.894]]], "type": "Polygon"}, "properties": {"name": "Alchuka"}}, {"type": "Feature", "geometry": {"coordinates": [[[-102.038, 45.92], [-99.043, 45.63], [-98.972, 43.827], [-100.358, 43.063], [-101.466, 44.675], [-102.038, 45.92]]], "type": "Polygon"}, "properties": {"name": "Arikara"}}, {"type": "Feature", "geometry": {"coordinates": [[[-70.281, 45.88], [-69.772, 45.941], [-69.336, 44.665], [-70.961, 44.084], [-71.062, 45.324], [-70.281, 45.88]]], "type": "Polygon"}, "properties": {"name": "Kennebec"}}, {"type": "Feature", "geometry": {"coordinates": [[[10.845, 45.824], [11.269, 45.905], [11.618, 45.597], [11.689, 45.207], [11.06, 45.089], [10.3, 45.539], [10.845, 45.824]]], "type": "Polygon"}, "properties": {"name": "Verona"}}, {"type": "Feature", "geometry": {"coordinates": [[[15.604, 45.953], [17.094, 45.495], [17.09, 45.121], [15.68, 45.09], [15.293, 45.528], [15.604, 45.953]]], "type": "Polygon"}, "properties": {"name": "Croatia"}}, {"type": "Feature", "geometry": {"coordinates": [[[78.878, 45.879], [80.597, 45.12], [79.678, 44.857], [80.202, 44.727], [80.549, 43.391], [80.282, 42.947], [80.019, 42.091], [78.97, 42.686], [76.273, 42.911], [75.854, 42.678], [75.957, 42.883], [74.169, 43.199], [74.338, 44.112], [76.634, 44.773], [77.682, 45.516], [78.878, 45.879]]], "type": "Polygon"}, "properties": {"name": "Zhetysu"}}, {"type": "Feature", "geometry": {"coordinates": [[[122.794, 45.793], [123.796, 45.964], [124.387, 45.202], [126.323, 44.423], [124.863, 43.763], [123.688, 43.898], [123.415, 43.855], [123.101, 44.326], [122.365, 44.264], [122.794, 45.793]]], "type": "Polygon"}, "properties": {"name": "Hinggan"}}, {"type": "Feature", "geometry": {"coordinates": [[[-62.398, 45.594], [-61.804, 45.65], [-61.455, 45.615], [-61.245, 45.295], [-63.517, 44.591], [-63.963, 44.678], [-64.035, 44.895], [-62.398, 45.594]]], "type": "Polygon"}, "properties": {"name": "Eskikewakik"}}, {"type": "Feature", "geometry": {"coordinates": [[[17.579, 45.805], [18.78, 45.816], [19.224, 45.167], [19.068, 44.881], [17.306, 45.104], [17.09, 45.121], [17.094, 45.495], [17.579, 45.805]]], "type": "Polygon"}, "properties": {"name": "Osijek"}}, {"type": "Feature", "geometry": {"coordinates": [[[53.176, 45.864], [54.453, 44.809], [54.096, 43.299], [52.887, 42.742], [52.017, 42.997], [50.478, 44.375], [50.438, 44.62], [51.42, 44.597], [51.197, 44.893], [51.683, 45.347], [52.984, 45.378], [53.176, 45.864]]], "type": "Polygon"}, "properties": {"name": "Mangyshlak"}}, {"type": "Feature", "geometry": {"coordinates": [[[86.043, 45.712], [89.441, 45.026], [88.668, 43.016], [87.751, 42.855], [87.069, 42.351], [84.944, 42.7], [84.659, 43.213], [84.889, 43.904], [84.812, 44.788], [86.043, 45.712]]], "type": "Polygon"}, "properties": {"name": "Urumqi"}}, {"type": "Feature", "geometry": {"coordinates": [[[98.265, 45.726], [99.067, 45.807], [99.291, 45.607], [99.955, 45.775], [101.246, 45.2], [104.132, 45.336], [104.054, 44.718], [105.036, 44.024], [104.578, 42.463], [104.122, 41.82], [102.103, 42.242], [100.991, 42.649], [98.105, 42.684], [98.424, 44.706], [98.265, 45.726]]], "type": "Polygon"}, "properties": {"name": "Govi"}}, {"type": "Feature", "geometry": {"coordinates": [[[-68.221, 45.573], [-67.773, 45.756], [-67.409, 45.248], [-67.109, 45.206], [-67.028, 44.789], [-68.248, 44.333], [-68.698, 44.322], [-68.221, 45.573]]], "type": "Polygon"}, "properties": {"name": "Passamaquoddy"}}, {"type": "Feature", "geometry": {"coordinates": [[[11.894, 45.169], [11.694946289062498, 45.22848059584359], [11.6400146484375, 45.58713413436409], [12.447509765625, 45.82879925192134], [13.11767578125, 45.686995566120395], [12.315673828125, 45.3444241045224], [12.50244140625, 45.01141864227728], [11.966, 45.151], [11.796, 45.187], [11.894, 45.169]]], "type": "Polygon"}, "properties": {"name": "Venezia"}}, {"type": "Feature", "geometry": {"coordinates": [[[128.588, 44.563], [128.978, 45.764], [129.807, 45.36], [131.718, 45.253], [131.135, 44.727], [131.247, 43.614], [128.766, 43.817], [128.588, 44.563]]], "type": "Polygon"}, "properties": {"name": "Ninguta"}}, {"type": "Feature", "geometry": {"coordinates": [[[-114.113, 45.562], [-113.818, 45.657], [-112.929, 44.443], [-113.96, 43.186], [-114.353, 42.238], [-113.665, 42.237], [-113.873, 42.181], [-115.213, 42.346], [-116.239, 41.904], [-116.765, 42.273], [-116.802, 44.008], [-115.561, 44.23], [-114.113, 45.562]]], "type": "Polygon"}, "properties": {"name": "Bogohue"}}, {"type": "Feature", "geometry": {"coordinates": [[[-85.339, 45.221], [-84.74, 45.64], [-84.022, 45.509], [-84.708, 44.284], [-85.099, 43.491], [-86.276, 43.075], [-86.164, 44.812], [-85.378, 44.934], [-85.339, 45.221]]], "type": "Polygon"}, "properties": {"name": "Michigan"}}, {"type": "Feature", "geometry": {"coordinates": [[[-76.601, 45.61], [-75.726, 45.537], [-74.511, 45.285], [-74.694, 45.082], [-75.39, 44.821], [-77.889, 44.915], [-77.816, 45.302], [-76.601, 45.61]]], "type": "Polygon"}, "properties": {"name": "Kichesipi"}}, {"type": "Feature", "geometry": {"coordinates": [[[4.88, 45.253], [5.512, 45.669], [6.627, 44.948], [6.964, 44.833], [6.905, 44.631], [5.543, 44.393], [4.759, 44.466], [4.88, 45.253]]], "type": "Polygon"}, "properties": {"name": "Dauphiné"}}, {"type": "Feature", "geometry": {"coordinates": [[[24.317, 45.57], [24.746, 45.601], [26.96, 45.452], [28.22, 45.043], [27.931, 44.25], [27.274, 44.101], [25.901, 43.734], [25.094, 43.676], [24.784, 44.714], [24.317, 45.57]]], "type": "Polygon"}, "properties": {"name": "Wallachia"}}, {"type": "Feature", "geometry": {"coordinates": [[[37.66, 45.67], [38.305, 44.947], [37.818, 44.578], [37.092, 44.973], [37.002, 45.271], [37.521, 45.328], [37.66, 45.67]]], "type": "Polygon"}, "properties": {"name": "Mantrega"}}, {"type": "Feature", "geometry": {"coordinates": [[[40.263, 45.592], [40.877, 45.475], [41.563, 44.864], [42.14, 43.139], [40.733, 43.503], [39.251, 44.875], [40.263, 45.592]]], "type": "Polygon"}, "properties": {"name": "Circassia"}}, {"type": "Feature", "geometry": {"coordinates": [[[43.724, 45.62], [44.195, 44.798], [44.114, 43.843], [44.819, 43.737], [42.727, 43.22], [42.14, 43.139], [41.563, 44.864], [43.711, 45.015], [43.724, 45.62]]], "type": "Polygon"}, "properties": {"name": "Kabardia"}}, {"type": "Feature", "geometry": {"coordinates": [[[55.551, 45.625], [56.575, 45.224], [55.874, 44.22], [55.888, 41.512], [55.87, 41.346], [54.11, 42.339], [53.08, 42.145], [52.717, 42.049], [52.887, 42.742], [54.096, 43.299], [54.453, 44.809], [55.551, 45.625]]], "type": "Polygon"}, "properties": {"name": "Ust Yurt"}}, {"type": "Feature", "geometry": {"coordinates": [[[-84.022, 45.509], [-83.381, 45.194], [-83.593, 44.097], [-83.765, 43.638], [-82.687, 44.008], [-82.457, 43.058], [-84.173, 42.865], [-85.099, 43.491], [-84.708, 44.284], [-84.022, 45.509]]], "type": "Polygon"}, "properties": {"name": "Okouara"}}, {"type": "Feature", "geometry": {"coordinates": [[[-0.261, 45.248], [0.192, 45.502], [1.397, 44.744], [1.901, 44.793], [2.056, 44.544], [1.578, 44.326], [0.804, 44.085], [0.519, 44.227], [-0.261, 45.248]]], "type": "Polygon"}, "properties": {"name": "Périgord"}}, {"type": "Feature", "geometry": {"coordinates": [[[8.957, 45.418], [9.55, 45.524], [9.785, 45.346], [10.149, 45.083], [9.678, 45.04], [9.179, 44.934], [8.923, 44.896], [8.957, 45.418]]], "type": "Polygon"}, "properties": {"name": "Mantua"}}, {"type": "Feature", "geometry": {"coordinates": [[[9.785, 45.346], [10.3, 45.539], [11.06, 45.089], [10.964, 44.927], [10.473, 44.866], [10.149, 45.083], [9.785, 45.346]]], "type": "Polygon"}, "properties": {"name": "Mantua"}}, {"type": "Feature", "geometry": {"coordinates": [[[15.176, 45.485], [15.293, 45.528], [15.68, 45.09], [16.222, 44.194], [15.499, 44.173], [14.861, 44.929], [14.468, 45.22], [14.238, 45.228], [14.404, 45.439], [15.176, 45.485]]], "type": "Polygon"}, "properties": {"name": "Lika"}}, {"type": "Feature", "geometry": {"coordinates": [[[23.507, 45.49], [24.317, 45.57], [24.784, 44.714], [25.094, 43.676], [24.494, 43.712], [22.945, 43.831], [22.737, 44.137], [22.595, 44.322], [22.619, 44.573], [22.759, 45.413], [23.507, 45.49]]], "type": "Polygon"}, "properties": {"name": "Oltenia"}}, {"type": "Feature", "geometry": {"coordinates": [[[56.575, 45.224], [58.369, 45.51], [58.162, 44.422], [58.612, 43.936], [58.627, 43.813], [58.327, 43.554], [58.582, 42.708], [57.439, 42.205], [56.901, 41.303], [55.976, 41.387], [55.888, 41.512], [55.874, 44.22], [56.575, 45.224]]], "type": "Polygon"}, "properties": {"name": "Kungirot"}}, {"type": "Feature", "geometry": {"coordinates": [[[70.246, 44.492], [72.041, 45.55], [73.287, 45.254], [73.403, 44.469], [74.338, 44.112], [74.169, 43.199], [73.459, 43.075], [73.195, 42.473], [70.699, 42.572], [70.216, 43.03], [70.246, 44.492]]], "type": "Polygon"}, "properties": {"name": "Taraz"}}, {"type": "Feature", "geometry": {"coordinates": [[[-80.004, 45.016], [-78.942, 45.485], [-77.816, 45.302], [-77.889, 44.915], [-77.951, 44.778], [-79.625, 43.981], [-79.965, 44.432], [-80.167, 44.737], [-79.687, 44.759], [-80.004, 45.016]]], "type": "Polygon"}, "properties": {"name": "Huron"}}, {"type": "Feature", "geometry": {"coordinates": [[[28.361, 45.135], [29.27, 45.386], [29.661, 45.268], [29.301, 44.713], [28.893, 44.92], [28.577, 44.018], [28.477, 43.736], [27.274, 44.101], [27.931, 44.25], [28.22, 45.043], [28.361, 45.135]]], "type": "Polygon"}, "properties": {"name": "Dobruja"}}, {"type": "Feature", "geometry": {"coordinates": [[[141.542, 45.242], [141.983, 45.379], [143.416, 44.27], [142.346, 42.861], [141.441, 43.241], [141.755, 44.506], [141.542, 45.242]]], "type": "Polygon"}, "properties": {"name": "Kamikawa"}}, {"type": "Feature", "geometry": {"coordinates": [[[-123.808, 45.267], [-123.069, 45.252], [-123.025, 44.192], [-122.342, 43.634], [-124.054, 43.336], [-123.808, 45.267]]], "type": "Polygon"}, "properties": {"name": "Kalapuya"}}, {"type": "Feature", "geometry": {"coordinates": [[[-123.069, 45.252], [-121.282, 44.893], [-120.081, 44.216], [-121.471, 42.962], [-122.342, 43.634], [-123.025, 44.192], [-123.069, 45.252]]], "type": "Polygon"}, "properties": {"name": "Kalapuya"}}, {"type": "Feature", "geometry": {"coordinates": [[[-96.404, 45.356], [-94.242, 44.277], [-93.342, 45], [-92.763, 44.714], [-91.912, 44.324], [-91.434, 43.973], [-92.495, 43.523], [-94.842, 43.398], [-96.127, 43.756], [-96.331, 44.518], [-96.404, 45.356]]], "type": "Polygon"}, "properties": {"name": "Wahpekute"}}, {"type": "Feature", "geometry": {"coordinates": [[[-88.901, 43.972], [-87.684, 45.38], [-87.559, 45.134], [-88.051, 44.539], [-87.059, 45.143], [-87.818, 42.416], [-89.57, 42.568], [-88.901, 43.972]]], "type": "Polygon"}, "properties": {"name": "Winnebago"}}, {"type": "Feature", "geometry": {"coordinates": [[[-71.355, 45.228], [-71.062, 45.324], [-70.961, 44.084], [-70.956, 43.82], [-71.517, 43.601], [-72.233, 43.809], [-71.462, 45.106], [-71.355, 45.228]]], "type": "Polygon"}, "properties": {"name": "Sokoki"}}, {"type": "Feature", "geometry": {"coordinates": [[[-1.101, 45.368], [-0.545, 44.89], [-0.525, 44.872], [-0.526, 44.876], [-0.586, 45.278], [-0.261, 45.248], [0.519, 44.227], [-0.195, 44.033], [-1.245, 44.16], [-1.101, 45.368]]], "type": "Polygon"}, "properties": {"name": "Gascogne"}}, {"type": "Feature", "geometry": {"coordinates": [[[34.405, 45.239], [35.241, 45.283], [36.545, 45.392], [36.538, 45.147], [36.747, 45.247], [37.002, 45.271], [37.092, 44.973], [34.36, 44.61], [34.405, 45.239]]], "type": "Polygon"}, "properties": {"name": "Kaffa"}}, {"type": "Feature", "geometry": {"coordinates": [[[-81.703, 45.275], [-80.98, 44.665], [-80.631, 44.564], [-81.284, 43.396], [-81.812, 43.304], [-81.485, 44.403], [-81.703, 45.275]]], "type": "Polygon"}, "properties": {"name": "Odawa"}}, {"type": "Feature", "geometry": {"coordinates": [[[3.735, 44.633], [4.797, 45.217], [4.88, 45.253], [4.759, 44.466], [4.689, 43.839], [4.399, 43.486], [3.641, 43.414], [3.36, 43.801], [3.395, 44.693], [3.735, 44.633]]], "type": "Polygon"}, "properties": {"name": "Languedoc"}}, {"type": "Feature", "geometry": {"coordinates": [[[11.06, 45.089], [11.689, 45.207], [11.796, 45.187], [11.966, 45.151], [12.52, 44.995], [12.176, 44.588], [11.297, 44.785], [10.964, 44.927], [11.06, 45.089]]], "type": "Polygon"}, "properties": {"name": "Ferrara"}}, {"type": "Feature", "geometry": {"coordinates": [[[33.434, 45.094], [34.405, 45.239], [34.36, 44.61], [33.43, 44.451], [33.434, 45.094]]], "type": "Polygon"}, "properties": {"name": "Theodoro"}}, {"type": "Feature", "geometry": {"coordinates": [[[80.597, 45.12], [82.315, 45.097], [84.812, 44.788], [84.889, 43.904], [84.659, 43.213], [84.944, 42.7], [83.247, 43.005], [82.353, 42.547], [80.282, 42.947], [80.549, 43.391], [80.202, 44.727], [79.678, 44.857], [80.597, 45.12]]], "type": "Polygon"}, "properties": {"name": "Dzungaria"}}, {"type": "Feature", "geometry": {"coordinates": [[[131.718, 45.253], [133.005, 44.985], [132.744, 43.907], [133.168, 43.686], [133.351, 42.789], [133.585, 42.844], [132.127, 43.226], [130.61, 42.372], [130.582, 42.46], [130.529, 42.689], [131.15, 43.004], [131.247, 43.614], [131.135, 44.727], [131.718, 45.253]]], "type": "Polygon"}, "properties": {"name": "Mudanjiang"}}, {"type": "Feature", "geometry": {"coordinates": [[[147.772, 45.158], [148.527, 45.254], [146.916, 44.445], [147.772, 45.158]]], "type": "Polygon"}, "properties": {"name": "Kurils"}}, {"type": "Feature", "geometry": {"coordinates": [[[-75.39, 44.821], [-74.694, 45.082], [-73.41, 45.015], [-73.248, 44.143], [-73.284, 43.91], [-73.276, 43.49], [-73.688, 43.49], [-74.447, 44.215], [-75.33, 44.26], [-76.028, 44.32], [-75.942, 44.388], [-75.39, 44.821]]], "type": "Polygon"}, "properties": {"name": "Adirondack"}}, {"type": "Feature", "geometry": {"coordinates": [[[-73.056, 45.015], [-71.462, 45.106], [-72.233, 43.809], [-72.288, 43.83], [-72.731, 44.048], [-73.284, 43.91], [-73.248, 44.143], [-73.056, 45.015]]], "type": "Polygon"}, "properties": {"name": "Missisquoi"}}, {"type": "Feature", "geometry": {"coordinates": [[[9.678, 45.04], [10.149, 45.083], [10.473, 44.866], [10.964, 44.927], [11.297, 44.785], [10.708, 44.239], [11.566, 44.176], [10.689, 44.075], [10.617, 43.774], [10.285, 43.88], [9.78, 44.157], [10.488, 44.839], [9.678, 45.04]]], "type": "Polygon"}, "properties": {"name": "Modena"}}, {"type": "Feature", "geometry": {"coordinates": [[[15.68, 45.09], [17.09, 45.121], [17.306, 45.104], [17.747, 44.174], [16.854, 43.726], [16.222, 44.194], [15.68, 45.09]]], "type": "Polygon"}, "properties": {"name": "Soli"}}, {"type": "Feature", "geometry": {"coordinates": [[[17.306, 45.104], [19.068, 44.881], [19.257, 44.838], [19.144, 44.256], [19.407, 44.248], [19.435, 43.909], [18.696, 43.819], [17.747, 44.174], [17.306, 45.104]]], "type": "Polygon"}, "properties": {"name": "Bosnia"}}, {"type": "Feature", "geometry": {"coordinates": [[[89.441, 45.026], [90.948, 45.123], [91.377, 45.058], [91.208, 44.124], [91.424, 41.141], [88.74, 40.766], [88.037, 41.396], [87.069, 42.351], [87.751, 42.855], [88.668, 43.016], [89.441, 45.026]]], "type": "Polygon"}, "properties": {"name": "Kuruk Tag"}}, {"type": "Feature", "geometry": {"coordinates": [[[111.709, 45.138], [113.456, 44.786], [115.438, 43.823], [114.211, 43.622], [114.369, 42.499], [113.384, 41.099], [113.192, 41.104], [112.115, 41.839], [111.731, 43.711], [111.233, 44.409], [111.709, 45.138]]], "type": "Polygon"}, "properties": {"name": "Ereen"}}, {"type": "Feature", "geometry": {"coordinates": [[[-110.94, 45.023], [-110.113, 44.945], [-109.947, 44.355], [-109.483, 42.863], [-111.985, 42.856], [-113.665, 42.237], [-114.353, 42.238], [-113.96, 43.186], [-112.929, 44.443], [-110.993, 44.634], [-110.94, 45.023]]], "type": "Polygon"}, "properties": {"name": "Idaho"}}, {"type": "Feature", "geometry": {"coordinates": [[[9.179, 44.934], [9.678, 45.04], [10.488, 44.839], [9.78, 44.157], [9.389, 44.306], [9.179, 44.934]]], "type": "Polygon"}, "properties": {"name": "Parma"}}, {"type": "Feature", "geometry": {"coordinates": [[[19.257, 44.838], [20.248, 44.995], [21.412, 44.751], [22.619, 44.573], [22.595, 44.322], [22.737, 44.137], [22.29, 44.037], [21.439, 43.691], [19.407, 44.248], [19.144, 44.256], [19.257, 44.838]]], "type": "Polygon"}, "properties": {"name": "Serbia"}}, {"type": "Feature", "geometry": {"coordinates": [[[45.421, 45.051], [47.003, 44.696], [46.954, 44.383], [46.046, 43.505], [45.678, 43.441], [44.819, 43.737], [44.114, 43.843], [44.195, 44.798], [45.421, 45.051]]], "type": "Polygon"}, "properties": {"name": "Terek"}}, {"type": "Feature", "geometry": {"coordinates": [[[91.377, 45.058], [94.009, 44.739], [95.299, 43.985], [96.391, 42.769], [96.588, 42.506], [96.246, 41.91], [95.334, 41.522], [94.999, 40.917], [92.227, 40.956], [92.111, 40.665], [92.1, 41.076], [91.424, 41.141], [91.208, 44.124], [91.377, 45.058]]], "type": "Polygon"}, "properties": {"name": "Hami"}}, {"type": "Feature", "geometry": {"coordinates": [[[-77.951, 44.778], [-77.889, 44.915], [-75.39, 44.821], [-75.942, 44.388], [-77.138, 43.884], [-78.407, 43.928], [-77.951, 44.778]]], "type": "Polygon"}, "properties": {"name": "Ontario"}}, {"type": "Feature", "geometry": {"coordinates": [[[-65.493, 44.718], [-64.035, 44.895], [-63.963, 44.678], [-64.59, 44.132], [-65.64, 43.525], [-66.136, 43.823], [-65.493, 44.718]]], "type": "Polygon"}, "properties": {"name": "Kespukwitk"}}, {"type": "Feature", "geometry": {"coordinates": [[[6.964, 44.833], [8.575, 44.936], [7.725, 44.085], [6.974, 44.234], [6.905, 44.631], [6.964, 44.833]]], "type": "Polygon"}, "properties": {"name": "Turin"}}, {"type": "Feature", "geometry": {"coordinates": [[[8.575, 44.936], [8.923, 44.896], [9.179, 44.934], [9.389, 44.306], [7.987, 43.891], [7.698, 43.839], [7.725, 44.085], [8.575, 44.936]]], "type": "Polygon"}, "properties": {"name": "Liguria"}}, {"type": "Feature", "geometry": {"coordinates": [[[37.818, 44.578], [38.305, 44.947], [39.251, 44.875], [40.733, 43.503], [39.834, 43.478], [37.818, 44.578]]], "type": "Polygon"}, "properties": {"name": "Ubykhia"}}, {"type": "Feature", "geometry": {"coordinates": [[[2.056, 44.544], [3.395, 44.693], [3.36, 43.801], [2.18, 43.912], [1.578, 44.326], [2.056, 44.544]]], "type": "Polygon"}, "properties": {"name": "Rouergue"}}, {"type": "Feature", "geometry": {"coordinates": [[[-91.273, 44.584], [-90.017, 44.672], [-88.901, 43.972], [-89.57, 42.568], [-90.423, 42.438], [-91.023, 42.78], [-91.434, 43.973], [-91.912, 44.324], [-91.273, 44.584]]], "type": "Polygon"}, "properties": {"name": "Fox"}}, {"type": "Feature", "geometry": {"coordinates": [[[-79.625, 43.981], [-77.951, 44.778], [-78.407, 43.928], [-79.875, 43.152], [-80.685, 43.355], [-79.625, 43.981]]], "type": "Polygon"}, "properties": {"name": "Tkaronto"}}, {"type": "Feature", "geometry": {"coordinates": [[[11.297, 44.785], [12.176, 44.588], [12.392, 44.095], [12.155, 43.835], [11.566, 44.176], [10.708, 44.239], [11.297, 44.785]]], "type": "Polygon"}, "properties": {"name": "Romagna"}}, {"type": "Feature", "geometry": {"coordinates": [[[68.478, 44.615], [70.246, 44.492], [70.216, 43.03], [69.103, 42.768], [68.094, 42.139], [66.426, 41.855], [65.985, 42.057], [65.932, 42.837], [66.681, 43.314], [67.624, 43.333], [68.578, 43.806], [68.329, 44.214], [68.478, 44.615]]], "type": "Polygon"}, "properties": {"name": "Sozak"}}, {"type": "Feature", "geometry": {"coordinates": [[[126.323, 44.423], [127.586, 44.712], [127.942, 44.407], [128.588, 44.563], [128.766, 43.817], [128.801, 43.296], [128.076, 43.123], [126.944, 42.801], [125.766, 43.342], [124.863, 43.763], [126.323, 44.423]]], "type": "Polygon"}, "properties": {"name": "Haixi"}}, {"type": "Feature", "geometry": {"coordinates": [[[-102.27, 44.378], [-101.466, 44.675], [-100.358, 43.063], [-100.221, 42.557], [-101.444, 41.22], [-101.908, 41.322], [-103.289, 41.797], [-102.474, 43.053], [-102.44, 44.254], [-102.27, 44.378]]], "type": "Polygon"}, "properties": {"name": "Oglala"}}, {"type": "Feature", "geometry": {"coordinates": [[[-70.961, 44.084], [-69.336, 44.665], [-69.004, 44.412], [-69.099, 44.034], [-70.071, 43.819], [-70.775, 43.049], [-70.956, 43.82], [-70.961, 44.084]]], "type": "Polygon"}, "properties": {"name": "Androscoggin"}}, {"type": "Feature", "geometry": {"coordinates": [[[5.543, 44.393], [6.905, 44.631], [6.977, 43.59], [6.15, 43.123], [5.086, 43.434], [4.399, 43.486], [4.689, 43.839], [5.347, 43.852], [5.543, 44.393]]], "type": "Polygon"}, "properties": {"name": "Provence"}}, {"type": "Feature", "geometry": {"coordinates": [[[6.905, 44.631], [6.974, 44.234], [7.725, 44.085], [7.698, 43.839], [6.977, 43.59], [6.905, 44.631]]], "type": "Polygon"}, "properties": {"name": "Nice"}}, {"type": "Feature", "geometry": {"coordinates": [[[-96.331, 44.518], [-96.127, 43.756], [-94.842, 43.398], [-94.142, 42.356], [-95.048, 42.141], [-96.304, 42.382], [-95.732, 40.761], [-96.658, 41.004], [-98.031, 42.205], [-100.221, 42.557], [-100.358, 43.063], [-98.972, 43.827], [-96.331, 44.518]]], "type": "Polygon"}, "properties": {"name": "Dakota"}}, {"type": "Feature", "geometry": {"coordinates": [[[-80.631, 44.564], [-79.965, 44.432], [-79.625, 43.981], [-80.685, 43.355], [-81.284, 43.396], [-80.631, 44.564]]], "type": "Polygon"}, "properties": {"name": "Tionontate"}}, {"type": "Feature", "geometry": {"coordinates": [[[4.689, 43.839], [4.759, 44.466], [5.543, 44.393], [5.347, 43.852], [4.689, 43.839]]], "type": "Polygon"}, "properties": {"name": "Avignon"}}, {"type": "Feature", "geometry": {"coordinates": [[[-118.594, 44.214], [-117.075, 44.464], [-116.802, 44.008], [-116.765, 42.273], [-116.837, 42.111], [-119.884, 41.49], [-121.279, 41.968], [-121.378, 42.051], [-121.819, 42.459], [-121.471, 42.962], [-120.081, 44.216], [-118.594, 44.214]]], "type": "Polygon"}, "properties": {"name": "Oregon"}}, {"type": "Feature", "geometry": {"coordinates": [[[-105.821, 44.316], [-105.262, 44.404], [-105.031, 43.722], [-102.474, 43.053], [-103.289, 41.797], [-105.54, 42.82], [-106.902, 43.609], [-105.821, 44.316]]], "type": "Polygon"}, "properties": {"name": "Great Plains"}}, {"type": "Feature", "geometry": {"coordinates": [[[-109.947, 44.355], [-109.627, 44.286], [-108.119, 43.838], [-106.902, 43.609], [-105.54, 42.82], [-106.511, 42.593], [-107.054, 41.307], [-106.93, 40.636], [-108.247, 40.311], [-109.493, 40.442], [-109.082, 41.837], [-109.483, 42.863], [-109.947, 44.355]]], "type": "Polygon"}, "properties": {"name": "Wyoming"}}, {"type": "Feature", "geometry": {"coordinates": [[[-76.028, 44.32], [-75.33, 44.26], [-75.13, 42.453], [-75.536, 42.326], [-75.616, 42.301], [-76.315, 43.523], [-76.356, 44.061], [-76.028, 44.32]]], "type": "Polygon"}, "properties": {"name": "Oneida"}}, {"type": "Feature", "geometry": {"coordinates": [[[-75.33, 44.26], [-74.447, 44.215], [-73.688, 43.49], [-74.482, 42.492], [-75.13, 42.453], [-75.33, 44.26]]], "type": "Polygon"}, "properties": {"name": "Mohawk"}}, {"type": "Feature", "geometry": {"coordinates": [[[0.804, 44.085], [1.578, 44.326], [2.18, 43.912], [2.193, 42.877], [1.816, 42.42], [1.209, 42.821], [1.013, 43.312], [0.804, 44.085]]], "type": "Polygon"}, "properties": {"name": "Toulouse"}}, {"type": "Feature", "geometry": {"coordinates": [[[46.046, 43.505], [46.954, 44.383], [47.865, 42.785], [47.15, 42.993], [46.88, 42.644], [46.046, 43.505]]], "type": "Polygon"}, "properties": {"name": "Tarki"}}, {"type": "Feature", "geometry": {"coordinates": [[[-1.87, 43.289], [-1.245, 44.16], [-0.195, 44.033], [-0.515, 43.6], [-1.51, 43.231], [-1.87, 43.289]]], "type": "Polygon"}, "properties": {"name": "Labourd"}}, {"type": "Feature", "geometry": {"coordinates": [[[-0.195, 44.033], [0.519, 44.227], [0.804, 44.085], [1.013, 43.312], [-0.515, 43.6], [-0.195, 44.033]]], "type": "Polygon"}, "properties": {"name": "Armagnac"}}, {"type": "Feature", "geometry": {"coordinates": [[[11.566, 44.176], [12.155, 43.835], [12.09, 43.357], [11.99, 43.078], [11.067, 43.339], [10.617, 43.774], [10.689, 44.075], [11.566, 44.176]]], "type": "Polygon"}, "properties": {"name": "Firenze"}}, {"type": "Feature", "geometry": {"coordinates": [[[15.216, 44.172], [15.499, 44.173], [16.222, 44.194], [16.854, 43.726], [17.169, 43.372], [17.218, 43.22], [16.861, 43.406], [16.563, 43.328], [15.123, 43.62], [15.656, 43.746], [15.216, 44.172]]], "type": "Polygon"}, "properties": {"name": "Dalmatia"}}, {"type": "Feature", "geometry": {"coordinates": [[[19.407, 44.248], [21.439, 43.691], [21.151, 42.988], [20.728, 43.137], [20.317, 42.887], [19.229, 43.517], [19.448, 43.678], [19.435, 43.909], [19.407, 44.248]]], "type": "Polygon"}, "properties": {"name": "Raska"}}, {"type": "Feature", "geometry": {"coordinates": [[[142.346, 42.861], [143.416, 44.27], [144.45, 43.98], [145.301, 44.147], [145.075, 43.795], [145.521, 43.213], [144.103, 42.928], [143.255, 41.969], [141.955, 42.581], [142.346, 42.861]]], "type": "Polygon"}, "properties": {"name": "Tokachi"}}, {"type": "Feature", "geometry": {"coordinates": [[[12.392, 44.095], [13.878, 42.944], [13.359, 42.693], [12.09, 43.357], [12.155, 43.835], [12.392, 44.095]]], "type": "Polygon"}, "properties": {"name": "Ancona"}}, {"type": "Feature", "geometry": {"coordinates": [[[16.854, 43.726], [17.747, 44.174], [18.696, 43.819], [19.435, 43.909], [19.448, 43.678], [19.229, 43.517], [18.948, 43.326], [18.752, 43.398], [17.505, 43.343], [17.169, 43.372], [16.854, 43.726]]], "type": "Polygon"}, "properties": {"name": "Hum"}}, {"type": "Feature", "geometry": {"coordinates": [[[22.29, 44.037], [22.737, 44.137], [22.945, 43.831], [24.494, 43.712], [24.246, 43.064], [23.756, 42.858], [22.907, 43.092], [22.29, 44.037]]], "type": "Polygon"}, "properties": {"name": "Vidin"}}, {"type": "Feature", "geometry": {"coordinates": [[[25.901, 43.734], [27.274, 44.101], [28.477, 43.736], [28.577, 44.018], [28.508, 43.464], [28.021, 43.28], [27.854, 42.82], [26.782, 43.119], [25.901, 43.734]]], "type": "Polygon"}, "properties": {"name": "Silistria"}}, {"type": "Feature", "geometry": {"coordinates": [[[-91.434, 43.973], [-91.023, 42.78], [-92.087, 42.589], [-94.142, 42.356], [-94.842, 43.398], [-92.495, 43.523], [-91.434, 43.973]]], "type": "Polygon"}, "properties": {"name": "Nakota"}}, {"type": "Feature", "geometry": {"coordinates": [[[-73.284, 43.91], [-72.731, 44.048], [-72.288, 43.83], [-72.576, 42.724], [-73.31, 42.739], [-73.276, 43.49], [-73.284, 43.91]]], "type": "Polygon"}, "properties": {"name": "Pocumtuk"}}, {"type": "Feature", "geometry": {"coordinates": [[[21.439, 43.691], [22.29, 44.037], [22.907, 43.092], [22.317, 42.344], [21.52, 42.273], [21.68, 42.579], [21.151, 42.988], [21.439, 43.691]]], "type": "Polygon"}, "properties": {"name": "Nis"}}, {"type": "Feature", "geometry": {"coordinates": [[[123.688, 43.898], [124.863, 43.763], [125.766, 43.342], [125.162, 42.248], [124.143, 42.486], [124.105, 43.279], [123.628, 43.352], [123.512, 43.619], [123.434, 43.798], [123.688, 43.898]]], "type": "Polygon"}, "properties": {"name": "Yehe"}}, {"type": "Feature", "geometry": {"coordinates": [[[2.18, 43.912], [3.36, 43.801], [3.641, 43.414], [2.958, 42.967], [2.193, 42.877], [2.18, 43.912]]], "type": "Polygon"}, "properties": {"name": "Narbonne"}}, {"type": "Feature", "geometry": {"coordinates": [[[58.612, 43.936], [59.457, 43.98], [59.737, 43.692], [61.083, 43.918], [61.903, 43.504], [61.931, 42.883], [60.089, 42.85], [59.735, 42.316], [58.582, 42.708], [58.327, 43.554], [58.627, 43.813], [58.612, 43.936]]], "type": "Polygon"}, "properties": {"name": "Qaraqalpak"}}, {"type": "Feature", "geometry": {"coordinates": [[[-72.288, 43.83], [-72.233, 43.809], [-71.517, 43.601], [-71.407, 43.283], [-71.749, 42.748], [-72.138, 42.687], [-71.65, 42.348], [-71.757, 42.21], [-71.917, 42.017], [-72.189, 42.011], [-73.248, 41.953], [-73.5, 42.13], [-73.31, 42.739], [-72.576, 42.724], [-72.288, 43.83]]], "type": "Polygon"}, "properties": {"name": "Connecticut"}}, {"type": "Feature", "geometry": {"coordinates": [[[-71.517, 43.601], [-70.956, 43.82], [-70.775, 43.049], [-70.716, 42.826], [-71.749, 42.748], [-71.407, 43.283], [-71.517, 43.601]]], "type": "Polygon"}, "properties": {"name": "Merrimack"}}, {"type": "Feature", "geometry": {"coordinates": [[[10.285, 43.88], [10.617, 43.774], [11.067, 43.339], [10.639, 42.945], [10.285, 43.88]]], "type": "Polygon"}, "properties": {"name": "Pisa"}}, {"type": "Feature", "geometry": {"coordinates": [[[114.211, 43.622], [115.438, 43.823], [117.794, 43.737], [117.922, 43.303], [118.926, 43.197], [118.838, 42.624], [119.204, 42.186], [118.065, 41.959], [117.665, 42.342], [116.892, 42.281], [116.522, 41.877], [115.513, 41.845], [114.988, 41.843], [114.909, 41.388], [114.243, 41.588], [113.545, 41.11], [113.384, 41.099], [114.369, 42.499], [114.211, 43.622]]], "type": "Polygon"}, "properties": {"name": "Chahar"}}, {"type": "Feature", "geometry": {"coordinates": [[[128.766, 43.817], [131.247, 43.614], [131.15, 43.004], [130.529, 42.689], [130.582, 42.46], [129.868, 42.994], [128.928, 42.064], [128.076, 42.048], [128.076, 43.123], [128.801, 43.296], [128.766, 43.817]]], "type": "Polygon"}, "properties": {"name": "Hunchun"}}, {"type": "Feature", "geometry": {"coordinates": [[[-9.253, 43.082], [-7.828, 43.706], [-7.049, 43.527], [-6.764, 42.958], [-6.967, 42.047], [-7.877, 41.822], [-8.237, 42.109], [-8.734, 42.046], [-8.733, 42.364], [-8.69, 42.637], [-9.253, 43.082]]], "type": "Polygon"}, "properties": {"name": "Galicia"}}, {"type": "Feature", "geometry": {"coordinates": [[[24.494, 43.712], [25.094, 43.676], [25.901, 43.734], [26.782, 43.119], [26.024, 42.572], [24.012, 42.381], [23.756, 42.858], [24.246, 43.064], [24.494, 43.712]]], "type": "Polygon"}, "properties": {"name": "Bulgaria"}}, {"type": "Feature", "geometry": {"coordinates": [[[42.727, 43.22], [44.819, 43.737], [45.678, 43.441], [45.059, 42.714], [44.294, 42.661], [43.049, 43.011], [42.727, 43.22]]], "type": "Polygon"}, "properties": {"name": "Alania"}}, {"type": "Feature", "geometry": {"coordinates": [[[61.903, 43.504], [64.816, 43.703], [65.932, 42.837], [65.985, 42.057], [63.242, 41.576], [62.854, 41.544], [61.931, 42.883], [61.903, 43.504]]], "type": "Polygon"}, "properties": {"name": "Kyrzyl-Kum"}}, {"type": "Feature", "geometry": {"coordinates": [[[110.108, 42.803], [111.731, 43.711], [112.115, 41.839], [110.986, 41.281], [108.497, 41.095], [106.875, 40.987], [106.953, 40.54], [105.197, 40.987], [104.715, 41.651], [106.747, 42.352], [110.108, 42.803]]], "type": "Polygon"}, "properties": {"name": "Ulaanchab"}}, {"type": "Feature", "geometry": {"coordinates": [[[-124.054, 43.336], [-122.342, 43.634], [-121.471, 42.962], [-121.819, 42.459], [-121.378, 42.051], [-122.655, 41.949], [-124.093, 42.002], [-124.259, 43.315], [-124.054, 43.336]]], "type": "Polygon"}, "properties": {"name": "Klamath"}}, {"type": "Feature", "geometry": {"coordinates": [[[-7.049, 43.527], [-4.565, 43.421], [-4.785, 43.098], [-6.764, 42.958], [-7.049, 43.527]]], "type": "Polygon"}, "properties": {"name": "Asturias"}}, {"type": "Feature", "geometry": {"coordinates": [[[-1.51, 43.231], [-0.515, 43.6], [1.013, 43.312], [1.209, 42.821], [0.617, 42.763], [-0.755, 42.877], [-1.51, 43.231]]], "type": "Polygon"}, "properties": {"name": "Béarn"}}, {"type": "Feature", "geometry": {"coordinates": [[[121.721, 42.976], [123.512, 43.619], [123.628, 43.352], [124.105, 43.279], [124.143, 42.486], [125.162, 42.248], [125.149, 42.166], [123.902, 41.591], [123.402, 41.015], [123.115, 40.786], [122.526, 40.928], [122.246, 40.54], [122.135, 40.774], [121.103, 41.035], [121.39, 42.149], [120.876, 42.373], [121.721, 42.976]]], "type": "Polygon"}, "properties": {"name": "Liaodong"}}, {"type": "Feature", "geometry": {"coordinates": [[[-86.276, 43.075], [-85.099, 43.491], [-84.173, 42.865], [-84.872, 42.164], [-85.018, 41.945], [-85.548, 42.03], [-86.353, 42.19], [-86.276, 43.075]]], "type": "Polygon"}, "properties": {"name": "Mascouten"}}, {"type": "Feature", "geometry": {"coordinates": [[[-77.168, 43.216], [-76.315, 43.523], [-75.616, 42.301], [-76.976, 42.169], [-77.168, 43.216]]], "type": "Polygon"}, "properties": {"name": "Onondaga"}}, {"type": "Feature", "geometry": {"coordinates": [[[-73.688, 43.49], [-73.276, 43.49], [-73.31, 42.739], [-73.5, 42.13], [-73.521, 42.019], [-73.921, 41.879], [-74.482, 42.492], [-73.688, 43.49]]], "type": "Polygon"}, "properties": {"name": "Mahican"}}, {"type": "Feature", "geometry": {"coordinates": [[[-4.565, 43.421], [-3.154, 43.461], [-3.318, 43.163], [-4.465, 42.802], [-4.785, 43.098], [-4.565, 43.421]]], "type": "Polygon"}, "properties": {"name": "Cantabria"}}, {"type": "Feature", "geometry": {"coordinates": [[[-3.154, 43.461], [-1.87, 43.289], [-2.237, 42.671], [-2.841, 42.675], [-3.318, 43.163], [-3.154, 43.461]]], "type": "Polygon"}, "properties": {"name": "Vizcaya"}}, {"type": "Feature", "geometry": {"coordinates": [[[17.505, 43.343], [18.752, 43.398], [18.412, 42.562], [18.363, 42.596], [17.505, 43.343]]], "type": "Polygon"}, "properties": {"name": "Travunia"}}, {"type": "Feature", "geometry": {"coordinates": [[[18.948, 43.326], [19.229, 43.517], [20.317, 42.887], [20.036, 42.631], [19.202, 41.988], [18.412, 42.562], [18.752, 43.398], [18.948, 43.326]]], "type": "Polygon"}, "properties": {"name": "Zeta"}}, {"type": "Feature", "geometry": {"coordinates": [[[39.834, 43.478], [40.733, 43.503], [42.14, 43.139], [41.471, 42.552], [39.834, 43.478]]], "type": "Polygon"}, "properties": {"name": "Abkhazia"}}, {"type": "Feature", "geometry": {"coordinates": [[[45.678, 43.441], [46.046, 43.505], [46.88, 42.644], [47.839, 41.353], [47.511, 41.172], [46.234, 41.912], [45.211, 42.616], [45.059, 42.714], [45.678, 43.441]]], "type": "Polygon"}, "properties": {"name": "Khundzia"}}, {"type": "Feature", "geometry": {"coordinates": [[[-81.812, 43.304], [-81.284, 43.396], [-80.685, 43.355], [-79.875, 43.152], [-79.121, 43.251], [-78.974, 42.92], [-81.325, 42.632], [-83.103, 42.041], [-83.002, 42.336], [-82.471, 42.363], [-82.466, 42.64], [-82.243, 43.069], [-81.812, 43.304]]], "type": "Polygon"}, "properties": {"name": "Niagara"}}, {"type": "Feature", "geometry": {"coordinates": [[[-79.121, 43.251], [-77.92, 43.328], [-78.453, 42.113], [-77.237, 42.075], [-77.341, 41.607], [-78.998, 41.021], [-80.519, 40.643], [-80.473, 40.959], [-80.367, 42.064], [-78.916, 42.771], [-78.974, 42.92], [-79.121, 43.251]]], "type": "Polygon"}, "properties": {"name": "Allegheny"}}, {"type": "Feature", "geometry": {"coordinates": [[[17.169, 43.372], [17.505, 43.343], [18.363, 42.596], [17.314, 42.727], [17.325, 43.092], [17.218, 43.22], [17.169, 43.372]]], "type": "Polygon"}, "properties": {"name": "Ragusa"}}, {"type": "Feature", "geometry": {"coordinates": [[[-77.92, 43.328], [-77.168, 43.216], [-76.976, 42.169], [-78.453, 42.113], [-77.92, 43.328]]], "type": "Polygon"}, "properties": {"name": "Cayuga"}}, {"type": "Feature", "geometry": {"coordinates": [[[-1.87, 43.289], [-1.51, 43.231], [-0.755, 42.877], [-1.166, 42.215], [-1.346, 41.948], [-1.695, 42.006], [-2.237, 42.671], [-1.87, 43.289]]], "type": "Polygon"}, "properties": {"name": "Navarra"}}, {"type": "Feature", "geometry": {"coordinates": [[[10.639, 42.945], [11.067, 43.339], [11.99, 43.078], [11.621, 42.311], [10.639, 42.945]]], "type": "Polygon"}, "properties": {"name": "Siena"}}, {"type": "Feature", "geometry": {"coordinates": [[[12.09, 43.357], [13.359, 42.693], [12.829, 42.224], [13.766, 41.7], [13.318, 41.334], [11.621, 42.311], [11.99, 43.078], [12.09, 43.357]]], "type": "Polygon"}, "properties": {"name": "Roma"}}, {"type": "Feature", "geometry": {"coordinates": [[[125.766, 43.342], [126.944, 42.801], [128.076, 43.123], [128.076, 42.048], [128.179, 41.44], [127.542, 41.438], [126.765, 41.752], [125.766, 40.936], [125.149, 42.166], [125.162, 42.248], [125.766, 43.342]]], "type": "Polygon"}, "properties": {"name": "Hetu Ala"}}, {"type": "Feature", "geometry": {"coordinates": [[[140.328, 43.333], [141.441, 43.241], [142.346, 42.861], [141.955, 42.581], [140.967, 42.391], [140.349, 42.59], [140.236, 42.293], [141.082, 41.75], [140.646, 41.831], [140.053, 41.379], [140.159, 41.976], [139.789, 42.279], [139.827, 42.613], [140.492, 42.979], [140.328, 43.333]]], "type": "Polygon"}, "properties": {"name": "Shiribeshi"}}, {"type": "Feature", "geometry": {"coordinates": [[[-4.465, 42.802], [-3.318, 43.163], [-2.841, 42.675], [-3.456, 41.828], [-4.776, 41.869], [-4.465, 42.802]]], "type": "Polygon"}, "properties": {"name": "Burgos"}}, {"type": "Feature", "geometry": {"coordinates": [[[20.728, 43.137], [21.151, 42.988], [21.68, 42.579], [21.52, 42.273], [20.577, 42.063], [20.036, 42.631], [20.317, 42.887], [20.728, 43.137]]], "type": "Polygon"}, "properties": {"name": "Kosovo"}}, {"type": "Feature", "geometry": {"coordinates": [[[42.14, 43.139], [42.727, 43.22], [43.049, 43.011], [42.578, 41.616], [41.532, 41.506], [41.471, 42.552], [42.14, 43.139]]], "type": "Polygon"}, "properties": {"name": "Georgia"}}, {"type": "Feature", "geometry": {"coordinates": [[[73.459, 43.075], [74.169, 43.199], [75.957, 42.883], [75.854, 42.678], [74.726, 41.758], [73.921, 41.913], [73.195, 42.473], [73.459, 43.075]]], "type": "Polygon"}, "properties": {"name": "Taraz"}}, {"type": "Feature", "geometry": {"coordinates": [[[-84.173, 42.865], [-82.457, 43.058], [-82.243, 43.069], [-82.466, 42.64], [-82.889, 42.667], [-83.002, 42.336], [-83.103, 42.041], [-83.514, 41.788], [-84.872, 42.164], [-84.173, 42.865]]], "type": "Polygon"}, "properties": {"name": "Potawatomi"}}, {"type": "Feature", "geometry": {"coordinates": [[[-6.764, 42.958], [-4.785, 43.098], [-4.465, 42.802], [-4.776, 41.869], [-5.214, 41.27], [-6.233, 41.464], [-6.967, 42.047], [-6.764, 42.958]]], "type": "Polygon"}, "properties": {"name": "León"}}, {"type": "Feature", "geometry": {"coordinates": [[[22.907, 43.092], [23.756, 42.858], [24.012, 42.381], [24.034, 41.561], [23.013, 41.342], [22.317, 42.344], [22.907, 43.092]]], "type": "Polygon"}, "properties": {"name": "Nis"}}, {"type": "Feature", "geometry": {"coordinates": [[[26.024, 42.572], [26.782, 43.119], [27.854, 42.82], [27.448, 42.546], [27.966, 41.825], [27.516, 41.967], [26.841, 42.115], [26.024, 42.572]]], "type": "Polygon"}, "properties": {"name": "Burgas"}}, {"type": "Feature", "geometry": {"coordinates": [[[60.089, 42.85], [61.931, 42.883], [62.854, 41.544], [61.877, 40.983], [60.113, 41.355], [59.882, 42.005], [59.735, 42.316], [60.089, 42.85]]], "type": "Polygon"}, "properties": {"name": "Urgench"}}, {"type": "Feature", "geometry": {"coordinates": [[[2.193, 42.877], [2.958, 42.967], [3.158, 42.409], [1.816, 42.42], [2.193, 42.877]]], "type": "Polygon"}, "properties": {"name": "Roussillon"}}, {"type": "Feature", "geometry": {"coordinates": [[[43.049, 43.011], [44.294, 42.661], [43.238, 41.2], [43.035, 41.327], [42.578, 41.616], [43.049, 43.011]]], "type": "Polygon"}, "properties": {"name": "Imereti"}}, {"type": "Feature", "geometry": {"coordinates": [[[47.15, 42.993], [47.865, 42.785], [48.633, 41.875], [47.839, 41.353], [46.88, 42.644], [47.15, 42.993]]], "type": "Polygon"}, "properties": {"name": "Dagestan"}}, {"type": "Feature", "geometry": {"coordinates": [[[69.103, 42.768], [70.216, 43.03], [70.699, 42.572], [70.864, 42.374], [68.255, 40.76], [67.996, 40.869], [67.892, 41.162], [66.729, 41.251], [66.426, 41.855], [68.094, 42.139], [69.103, 42.768]]], "type": "Polygon"}, "properties": {"name": "Shymkent"}}, {"type": "Feature", "geometry": {"coordinates": [[[80.019, 42.091], [80.282, 42.947], [82.353, 42.547], [83.247, 43.005], [84.944, 42.7], [87.069, 42.351], [88.037, 41.396], [86.712, 41.465], [85.587, 41.656], [84.025, 41.1], [83.07, 41.625], [80.879, 41.202], [79.815, 40.916], [78.842, 41.128], [79.007, 40.463], [78.501, 40.042], [77.34, 39.777], [76.276, 40.379], [76.654, 41.039], [77.816, 41.124], [78.755, 41.675], [80.019, 42.091]]], "type": "Polygon"}, "properties": {"name": "Tiam Shan"}}, {"type": "Feature", "geometry": {"coordinates": [[[129.868, 42.994], [130.582, 42.46], [130.61, 42.372], [129.679, 41.646], [128.928, 42.064], [129.868, 42.994]]], "type": "Polygon"}, "properties": {"name": "Yukjin"}}, {"type": "Feature", "geometry": {"coordinates": [[[-113.665, 42.237], [-111.985, 42.856], [-109.483, 42.863], [-109.082, 41.837], [-109.493, 40.442], [-110.551, 40.745], [-110.783, 40.642], [-111.898, 41.013], [-112.148, 41.046], [-112.021, 41.455], [-112.558, 41.391], [-113.063, 41.497], [-113.873, 42.181], [-113.665, 42.237]]], "type": "Polygon"}, "properties": {"name": "Goshute"}}, {"type": "Feature", "geometry": {"coordinates": [[[-0.755, 42.877], [0.617, 42.763], [0.62, 41.908], [0.385, 41.61], [-1.166, 42.215], [-0.755, 42.877]]], "type": "Polygon"}, "properties": {"name": "Pirineo"}}, {"type": "Feature", "geometry": {"coordinates": [[[8.584, 42.469], [9.507, 42.947], [9.217, 41.42], [8.584, 42.469]]], "type": "Polygon"}, "properties": {"name": "Corsica"}}, {"type": "Feature", "geometry": {"coordinates": [[[13.359, 42.693], [13.878, 42.944], [15.101, 41.946], [14.981, 41.591], [13.766, 41.7], [12.829, 42.224], [13.359, 42.693]]], "type": "Polygon"}, "properties": {"name": "Abbruzzi"}}, {"type": "Feature", "geometry": {"coordinates": [[[75.854, 42.678], [76.273, 42.911], [78.97, 42.686], [80.019, 42.091], [78.755, 41.675], [77.816, 41.124], [76.654, 41.039], [76.276, 40.379], [75.126, 40.532], [73.918, 40.108], [73.677, 40.746], [72.988, 40.87], [72.67, 40.924], [73.774, 41.409], [73.921, 41.913], [74.726, 41.758], [75.854, 42.678]]], "type": "Polygon"}, "properties": {"name": "Naryn"}}, {"type": "Feature", "geometry": {"coordinates": [[[-106.511, 42.593], [-105.54, 42.82], [-103.289, 41.797], [-101.908, 41.322], [-103.917, 40.009], [-104.792, 40.013], [-105.292, 40.939], [-106.93, 40.636], [-107.054, 41.307], [-106.511, 42.593]]], "type": "Polygon"}, "properties": {"name": "Baachinena"}}, {"type": "Feature", "geometry": {"coordinates": [[[-92.087, 42.589], [-91.023, 42.78], [-90.423, 42.438], [-90.175, 41.74], [-91.019, 41.357], [-91.394, 40.361], [-93.047, 40.476], [-93.709, 40.54], [-93.448, 41.168], [-92.323, 41.798], [-92.087, 42.589]]], "type": "Polygon"}, "properties": {"name": "Moingwena"}}, {"type": "Feature", "geometry": {"coordinates": [[[-71.749, 42.748], [-70.716, 42.826], [-71.07, 42.315], [-71.65, 42.348], [-72.138, 42.687], [-71.749, 42.748]]], "type": "Polygon"}, "properties": {"name": "Massachusetts"}}, {"type": "Feature", "geometry": {"coordinates": [[[0.617, 42.763], [1.209, 42.821], [1.816, 42.42], [3.158, 42.409], [3.22, 41.937], [2.06, 41.388], [1.998, 41.865], [1.053, 41.716], [0.62, 41.908], [0.617, 42.763]]], "type": "Polygon"}, "properties": {"name": "Girona"}}, {"type": "Feature", "geometry": {"coordinates": [[[70.699, 42.572], [73.195, 42.473], [73.921, 41.913], [73.774, 41.409], [72.67, 40.924], [71.581, 41.467], [70.311, 41.466], [70.064, 41.595], [71.016, 42.179], [70.864, 42.374], [70.699, 42.572]]], "type": "Polygon"}, "properties": {"name": "Talas"}}, {"type": "Feature", "geometry": {"coordinates": [[[96.391, 42.769], [98.105, 42.684], [100.991, 42.649], [102.103, 42.242], [101.249, 41.719], [101.3, 41.2], [100.569, 40.572], [100.978, 40.187], [100.106, 39.361], [99.67, 40.37], [97.41, 40.61], [96.868, 40.984], [97.392, 41.843], [96.588, 42.506], [96.391, 42.769]]], "type": "Polygon"}, "properties": {"name": "Ejin"}}, {"type": "Feature", "geometry": {"coordinates": [[[-2.841, 42.675], [-2.237, 42.671], [-1.695, 42.006], [-1.86, 41.217], [-2.899, 41.238], [-3.335, 41.298], [-3.456, 41.828], [-2.841, 42.675]]], "type": "Polygon"}, "properties": {"name": "Soria"}}, {"type": "Feature", "geometry": {"coordinates": [[[44.294, 42.661], [45.059, 42.714], [45.211, 42.616], [45.243, 41.617], [45.298, 41.493], [44.908, 41.314], [43.537, 41.021], [43.238, 41.2], [44.294, 42.661]]], "type": "Polygon"}, "properties": {"name": "Kartli"}}, {"type": "Feature", "geometry": {"coordinates": [[[57.439, 42.205], [58.582, 42.708], [59.735, 42.316], [59.882, 42.005], [59.045, 41.742], [58.568, 41.177], [57.439, 42.205]]], "type": "Polygon"}, "properties": {"name": "Gurganj"}}, {"type": "Feature", "geometry": {"coordinates": [[[-100.221, 42.557], [-98.031, 42.205], [-98.69, 40.982], [-99.716, 39.895], [-100.533, 39.912], [-101.444, 41.22], [-100.221, 42.557]]], "type": "Polygon"}, "properties": {"name": "Skiri"}}, {"type": "Feature", "geometry": {"coordinates": [[[-94.142, 42.356], [-92.087, 42.589], [-92.323, 41.798], [-93.448, 41.168], [-93.709, 40.54], [-95.632, 40.462], [-95.732, 40.761], [-96.304, 42.382], [-95.048, 42.141], [-94.142, 42.356]]], "type": "Polygon"}, "properties": {"name": "Iowa"}}, {"type": "Feature", "geometry": {"coordinates": [[[-90.423, 42.438], [-89.57, 42.568], [-87.818, 42.416], [-87.436, 41.654], [-87.585, 41.211], [-88.949, 40.531], [-89.443, 41.052], [-90.175, 41.74], [-90.423, 42.438]]], "type": "Polygon"}, "properties": {"name": "Illinois"}}, {"type": "Feature", "geometry": {"coordinates": [[[19.202, 41.988], [20.036, 42.631], [20.577, 42.063], [20.944, 40.837], [20.591, 40.186], [20.003, 39.647], [19.95941162109375, 39.91605629078665], [19.16015625, 40.44694705960048], [19.506, 41.756], [19.202, 41.988]]], "type": "Polygon"}, "properties": {"name": "Albania"}}, {"type": "Feature", "geometry": {"coordinates": [[[24.012, 42.381], [26.024, 42.572], [26.841, 42.115], [26.486, 41.847], [25.954, 41.38], [24.647, 41.456], [24.034, 41.561], [24.012, 42.381]]], "type": "Polygon"}, "properties": {"name": "Plovdiv"}}, {"type": "Feature", "geometry": {"coordinates": [[[45.211, 42.616], [46.234, 41.912], [46.124, 41.656], [46.653, 41.197], [45.243, 41.617], [45.211, 42.616]]], "type": "Polygon"}, "properties": {"name": "Kakheti"}}, {"type": "Feature", "geometry": {"coordinates": [[[-75.536, 42.326], [-75.13, 42.453], [-74.482, 42.492], [-73.921, 41.879], [-74.626, 41.314], [-74.673, 41.357], [-75.532, 42.215], [-75.536, 42.326]]], "type": "Polygon"}, "properties": {"name": "Espachomy"}}, {"type": "Feature", "geometry": {"coordinates": [[[96.246, 41.91], [96.588, 42.506], [97.392, 41.843], [96.868, 40.984], [97.41, 40.61], [97.211, 39.357], [97.066, 39.342], [94.729, 39.279], [92.131, 38.895], [92.111, 40.665], [92.227, 40.956], [94.999, 40.917], [95.334, 41.522], [96.246, 41.91]]], "type": "Polygon"}, "properties": {"name": "Yumen"}}, {"type": "Feature", "geometry": {"coordinates": [[[-116.239, 41.904], [-115.213, 42.346], [-113.873, 42.181], [-113.063, 41.497], [-112.392, 40.578], [-111.898, 41.013], [-110.783, 40.642], [-111.223, 39.654], [-113.902, 39.041], [-116.074, 39.131], [-116.239, 41.904]]], "type": "Polygon"}, "properties": {"name": "Great Salt Lake"}}, {"type": "Feature", "geometry": {"coordinates": [[[-75.616, 42.301], [-75.536, 42.326], [-75.532, 42.215], [-76.948, 42.159], [-75.714, 41.035], [-75.47, 41.074], [-75.706, 40.766], [-75.671, 41.024], [-76.836, 40.706], [-78.545, 40.522], [-78.998, 41.021], [-77.341, 41.607], [-77.237, 42.075], [-78.453, 42.113], [-76.976, 42.169], [-75.616, 42.301]]], "type": "Polygon"}, "properties": {"name": "Atrakwaye"}}, {"type": "Feature", "geometry": {"coordinates": [[[-71.65, 42.348], [-71.07, 42.315], [-70.453, 41.732], [-69.779, 41.784], [-70.559, 41.549], [-70.724, 41.678], [-71.757, 42.21], [-71.65, 42.348]]], "type": "Polygon"}, "properties": {"name": "Wampanoag"}}, {"type": "Feature", "geometry": {"coordinates": [[[-8.61, 41.083], [-8.733, 42.364], [-8.734, 42.046], [-8.237, 42.109], [-7.877, 41.822], [-7.88, 41.187], [-8.61, 41.083]]], "type": "Polygon"}, "properties": {"name": "Porto"}}, {"type": "Feature", "geometry": {"coordinates": [[[53.08, 42.145], [54.11, 42.339], [55.87, 41.346], [55.888, 41.512], [55.976, 41.387], [56.901, 41.303], [57.439, 42.205], [58.568, 41.177], [60.379, 39.852], [61.611, 39.371], [61.152, 38.723], [59.501, 38.759], [58.531, 39.2], [55.767, 39.44], [54.579, 40.765], [54.2, 40.776], [54.016, 40.724], [54.198, 40.849], [54.765, 40.91], [53.996, 41.564], [54.199, 42.184], [53.08, 42.145]]], "type": "Polygon"}, "properties": {"name": "Kara Kum"}}, {"type": "Feature", "geometry": {"coordinates": [[[70.864, 42.374], [71.016, 42.179], [70.064, 41.595], [70.311, 41.466], [70.266, 41.01], [69.204, 40.66], [69.151, 40.297], [68.698, 40.199], [68.445, 39.63], [67.816, 39.581], [67.871, 39.923], [67.343, 40.404], [67.996, 40.869], [68.255, 40.76], [70.864, 42.374]]], "type": "Polygon"}, "properties": {"name": "Tashkent"}}, {"type": "Feature", "geometry": {"coordinates": [[[116.892, 42.281], [117.665, 42.342], [118.065, 41.959], [119.204, 42.186], [119.59, 41.802], [118.878, 40.717], [117.641, 40.686], [117.066, 41.063], [116.641, 40.818], [115.513, 41.845], [116.522, 41.877], [116.892, 42.281]]], "type": "Polygon"}, "properties": {"name": "Chengde"}}, {"type": "Feature", "geometry": {"coordinates": [[[120.876, 42.373], [121.39, 42.149], [121.103, 41.035], [119.278, 39.799], [119.317, 40.549], [118.878, 40.717], [119.59, 41.802], [120.162, 41.746], [120.876, 42.373]]], "type": "Polygon"}, "properties": {"name": "Liaoxi"}}, {"type": "Feature", "geometry": {"coordinates": [[[-116.765, 42.273], [-116.239, 41.904], [-116.074, 39.131], [-118.324, 38.487], [-119.604, 38.666], [-121.12, 39.872], [-121.279, 41.968], [-119.884, 41.49], [-116.837, 42.111], [-116.765, 42.273]]], "type": "Polygon"}, "properties": {"name": "Great Basin"}}, {"type": "Feature", "geometry": {"coordinates": [[[20.577, 42.063], [21.52, 42.273], [22.317, 42.344], [23.013, 41.342], [22.328, 41.185], [20.944, 40.837], [20.577, 42.063]]], "type": "Polygon"}, "properties": {"name": "Macedonia"}}, {"type": "Feature", "geometry": {"coordinates": [[[102.103, 42.242], [104.122, 41.82], [104.715, 41.651], [105.197, 40.987], [106.953, 40.54], [106.642, 39.645], [105.196, 37.643], [103.838, 37.364], [102.869, 38.051], [103.665, 39.138], [102.186, 39.057], [101.758, 38.689], [100.106, 39.361], [100.978, 40.187], [100.569, 40.572], [101.3, 41.2], [101.249, 41.719], [102.103, 42.242]]], "type": "Polygon"}, "properties": {"name": "Ningxia"}}, {"type": "Feature", "geometry": {"coordinates": [[[-98.69, 40.982], [-98.031, 42.205], [-96.658, 41.004], [-96.755, 40.043], [-99.716, 39.895], [-98.69, 40.982]]], "type": "Polygon"}, "properties": {"name": "Pawnee"}}, {"type": "Feature", "geometry": {"coordinates": [[[-87.436, 41.654], [-86.353, 42.19], [-85.548, 42.03], [-86.877, 40.023], [-87.429, 39.803], [-87.585, 41.211], [-87.436, 41.654]]], "type": "Polygon"}, "properties": {"name": "Wea"}}, {"type": "Feature", "geometry": {"coordinates": [[[-84.872, 42.164], [-83.514, 41.788], [-82.907, 41.474], [-82.601, 40.641], [-84.431, 40.258], [-84.656, 40.462], [-85.018, 41.945], [-84.872, 42.164]]], "type": "Polygon"}, "properties": {"name": "Wyandot"}}, {"type": "Feature", "geometry": {"coordinates": [[[-76.948, 42.159], [-75.532, 42.215], [-74.673, 41.357], [-74.904, 41.221], [-75.47, 41.074], [-75.714, 41.035], [-76.948, 42.159]]], "type": "Polygon"}, "properties": {"name": "Munsee"}}, {"type": "Feature", "geometry": {"coordinates": [[[-73.521, 42.019], [-73.5, 42.13], [-73.248, 41.953], [-72.507, 41.348], [-73.633, 41.012], [-73.521, 42.019]]], "type": "Polygon"}, "properties": {"name": "Quinnipiac"}}, {"type": "Feature", "geometry": {"coordinates": [[[-71.757, 42.21], [-70.724, 41.678], [-71.09, 41.453], [-71.172, 41.773], [-71.537, 41.331], [-72.121, 41.317], [-71.908, 41.947], [-72.189, 42.011], [-71.917, 42.017], [-71.757, 42.21]]], "type": "Polygon"}, "properties": {"name": "Narraganset"}}, {"type": "Feature", "geometry": {"coordinates": [[[-1.166, 42.215], [0.385, 41.61], [0.202, 40.742], [-0.148, 40.666], [-1.382, 39.878], [-1.86, 41.217], [-1.695, 42.006], [-1.346, 41.948], [-1.166, 42.215]]], "type": "Polygon"}, "properties": {"name": "Aragón"}}, {"type": "Feature", "geometry": {"coordinates": [[[125.149, 42.166], [125.766, 40.936], [124.184, 39.924], [124.047, 39.908], [123.402, 41.015], [123.902, 41.591], [125.149, 42.166]]], "type": "Polygon"}, "properties": {"name": "Andong"}}, {"type": "Feature", "geometry": {"coordinates": [[[-124.093, 42.002], [-122.655, 41.949], [-122.574, 39.95], [-122.533, 39.561], [-123.522, 39.55], [-124.236, 40.357], [-124.093, 42.002]]], "type": "Polygon"}, "properties": {"name": "Yuki"}}, {"type": "Feature", "geometry": {"coordinates": [[[-122.655, 41.949], [-121.378, 42.051], [-121.279, 41.968], [-121.12, 39.872], [-122.574, 39.95], [-122.655, 41.949]]], "type": "Polygon"}, "properties": {"name": "Shasta"}}, {"type": "Feature", "geometry": {"coordinates": [[[-85.548, 42.03], [-85.018, 41.945], [-84.656, 40.462], [-86.034, 39.601], [-86.877, 40.023], [-85.548, 42.03]]], "type": "Polygon"}, "properties": {"name": "Miami"}}, {"type": "Feature", "geometry": {"coordinates": [[[-82.907, 41.474], [-80.367, 42.064], [-80.473, 40.959], [-82.137, 40.267], [-82.601, 40.641], [-82.907, 41.474]]], "type": "Polygon"}, "properties": {"name": "Erie"}}, {"type": "Feature", "geometry": {"coordinates": [[[-73.248, 41.953], [-72.189, 42.011], [-71.908, 41.947], [-72.121, 41.317], [-72.23, 41.086], [-72.277, 41.131], [-72.507, 41.348], [-73.248, 41.953]]], "type": "Polygon"}, "properties": {"name": "Connecticut"}}, {"type": "Feature", "geometry": {"coordinates": [[[-7.877, 41.822], [-6.967, 42.047], [-6.233, 41.464], [-6.836, 40.807], [-7.57, 41.211], [-7.88, 41.187], [-7.877, 41.822]]], "type": "Polygon"}, "properties": {"name": "Bragança"}}, {"type": "Feature", "geometry": {"coordinates": [[[26.841, 42.115], [27.516, 41.967], [27.458, 40.916], [26.144, 40.113], [26.463, 40.633], [26.055, 40.765], [26.486, 41.847], [26.841, 42.115]]], "type": "Polygon"}, "properties": {"name": "Edirne"}}, {"type": "Feature", "geometry": {"coordinates": [[[33.142, 41.958], [34.926, 42.021], [35.896, 41.669], [35.986, 41.582], [35.73, 40.881], [35.207, 40.942], [33.983, 41.577], [33.142, 41.958]]], "type": "Polygon"}, "properties": {"name": "Sinope"}}, {"type": "Feature", "geometry": {"coordinates": [[[63.242, 41.576], [65.985, 42.057], [66.426, 41.855], [66.729, 41.251], [67.892, 41.162], [67.996, 40.869], [67.343, 40.404], [64.978, 40.5], [64.44, 40.561], [63.242, 41.576]]], "type": "Polygon"}, "properties": {"name": "Atakent"}}, {"type": "Feature", "geometry": {"coordinates": [[[128.076, 42.048], [128.928, 42.064], [129.679, 41.646], [129.699, 40.957], [128.289, 40.103], [127.62, 40.796], [126.982, 40.724], [127.542, 41.438], [128.179, 41.44], [128.076, 42.048]]], "type": "Polygon"}, "properties": {"name": "North Hamgyeong"}}, {"type": "Feature", "geometry": {"coordinates": [[[-73.921, 41.879], [-73.521, 42.019], [-73.633, 41.012], [-73.677, 40.801], [-72.277, 41.131], [-72.23, 41.086], [-72.433, 40.747], [-73.942, 40.547], [-73.908, 40.854], [-73.98, 40.898], [-74.626, 41.314], [-73.921, 41.879]]], "type": "Polygon"}, "properties": {"name": "Manhattan"}}, {"type": "Feature", "geometry": {"coordinates": [[[15.101, 41.946], [16.192, 41.944], [15.889, 41.535], [17.1, 41.062], [16.569, 40.697], [15.302, 41.153], [14.981, 41.591], [15.101, 41.946]]], "type": "Polygon"}, "properties": {"name": "Bari"}}, {"type": "Feature", "geometry": {"coordinates": [[[27.516, 41.967], [27.966, 41.825], [28.991, 41.258], [29.077, 41.226], [27.458, 40.916], [27.516, 41.967]]], "type": "Polygon"}, "properties": {"name": "Thrace"}}, {"type": "Feature", "geometry": {"coordinates": [[[32.37, 41.763], [33.142, 41.958], [33.983, 41.577], [35.207, 40.942], [34.538, 40.659], [33.684, 40.733], [32.677, 40.676], [32.37, 41.763]]], "type": "Polygon"}, "properties": {"name": "Kastamon"}}, {"type": "Feature", "geometry": {"coordinates": [[[59.045, 41.742], [59.882, 42.005], [60.113, 41.355], [61.877, 40.983], [62.237, 40.078], [61.774, 39.913], [61.611, 39.371], [60.379, 39.852], [58.568, 41.177], [59.045, 41.742]]], "type": "Polygon"}, "properties": {"name": "Khiva"}}, {"type": "Feature", "geometry": {"coordinates": [[[-5.214, 41.27], [-4.776, 41.869], [-3.456, 41.828], [-3.335, 41.298], [-5.344, 40.247], [-5.214, 41.27]]], "type": "Polygon"}, "properties": {"name": "Castilla La Vieja"}}, {"type": "Feature", "geometry": {"coordinates": [[[0.385, 41.61], [0.62, 41.908], [1.053, 41.716], [1.998, 41.865], [2.06, 41.388], [0.876, 41.036], [0.752, 40.71], [0.529, 40.573], [0.202, 40.742], [0.385, 41.61]]], "type": "Polygon"}, "properties": {"name": "Barcelona"}}, {"type": "Feature", "geometry": {"coordinates": [[[25.954, 41.38], [26.486, 41.847], [26.055, 40.765], [24.455, 40.974], [24.647, 41.456], [25.954, 41.38]]], "type": "Polygon"}, "properties": {"name": "Komotini"}}, {"type": "Feature", "geometry": {"coordinates": [[[46.234, 41.912], [47.511, 41.172], [48.143, 40.231], [45.895, 40.256], [45.447, 40.448], [45.434, 40.561], [44.908, 41.314], [45.298, 41.493], [45.243, 41.617], [46.653, 41.197], [46.124, 41.656], [46.234, 41.912]]], "type": "Polygon"}, "properties": {"name": "Qarabagh"}}, {"type": "Feature", "geometry": {"coordinates": [[[47.839, 41.353], [48.633, 41.875], [50.13, 40.424], [49.073, 38.93], [48.76, 38.852], [48.747, 38.317], [47.968, 38.77], [47.971, 39.749], [48.143, 40.231], [47.511, 41.172], [47.839, 41.353]]], "type": "Polygon"}, "properties": {"name": "Murgan"}}, {"type": "Feature", "geometry": {"coordinates": [[[110.986, 41.281], [112.115, 41.839], [113.192, 41.104], [111.59, 39.726], [111.12, 39.411], [110.829, 40.437], [108.497, 41.095], [110.986, 41.281]]], "type": "Polygon"}, "properties": {"name": "Hohhot"}}, {"type": "Feature", "geometry": {"coordinates": [[[114.988, 41.843], [115.513, 41.845], [116.641, 40.818], [116.371, 40.332], [115.695, 40.421], [115.077, 39.842], [114.674, 39.857], [114.775, 40.234], [113.981, 40.355], [113.545, 41.11], [114.243, 41.588], [114.909, 41.388], [114.988, 41.843]]], "type": "Polygon"}, "properties": {"name": "Xuan Fu"}}, {"type": "Feature", "geometry": {"coordinates": [[[-90.175, 41.74], [-89.443, 41.052], [-90.382, 38.815], [-91.394, 40.361], [-91.019, 41.357], [-90.175, 41.74]]], "type": "Polygon"}, "properties": {"name": "Cahokia"}}, {"type": "Feature", "geometry": {"coordinates": [[[13.766, 41.7], [14.981, 41.591], [15.302, 41.153], [15.731, 39.939], [15.082, 40.193], [14.607, 40.678], [13.318, 41.334], [13.766, 41.7]]], "type": "Polygon"}, "properties": {"name": "Napoli"}}, {"type": "Feature", "geometry": {"coordinates": [[[30.831, 41.106], [32.37, 41.763], [32.677, 40.676], [31.103, 40.359], [30.821, 40.594], [30.831, 41.106]]], "type": "Polygon"}, "properties": {"name": "Bolu"}}, {"type": "Feature", "geometry": {"coordinates": [[[125.766, 40.936], [126.765, 41.752], [127.542, 41.438], [126.982, 40.724], [126.941, 40.504], [125.362, 39.602], [124.184, 39.924], [125.766, 40.936]]], "type": "Polygon"}, "properties": {"name": "North Pyongan"}}, {"type": "Feature", "geometry": {"coordinates": [[[41.532, 41.506], [42.578, 41.616], [43.035, 41.327], [41.988, 40.731], [41.669, 40.885], [41.107, 41.346], [41.532, 41.506]]], "type": "Polygon"}, "properties": {"name": "Guria"}}, {"type": "Feature", "geometry": {"coordinates": [[[80.879, 41.202], [83.07, 41.625], [84.025, 41.1], [84.611, 39.769], [82.612, 39.657], [81.739, 39.375], [80.879, 41.202]]], "type": "Polygon"}, "properties": {"name": "Kuqa"}}, {"type": "Feature", "geometry": {"coordinates": [[[84.025, 41.1], [85.587, 41.656], [86.712, 41.465], [88.037, 41.396], [88.74, 40.766], [88.657, 40.03], [87.746, 39.266], [85.519, 39.848], [84.611, 39.769], [84.025, 41.1]]], "type": "Polygon"}, "properties": {"name": "Korla"}}, {"type": "Feature", "geometry": {"coordinates": [[[23.013, 41.342], [24.034, 41.561], [24.647, 41.456], [24.455, 40.974], [24.068, 40.788], [23.6, 40.776], [23.869, 40.326], [22.749, 40.589], [22.442, 40.232], [22.116, 40.352], [22.328, 41.185], [23.013, 41.342]]], "type": "Polygon"}, "properties": {"name": "Salonica"}}, {"type": "Feature", "geometry": {"coordinates": [[[35.986, 41.582], [36.186, 41.39], [38.221, 40.947], [38.619, 40.295], [37.049, 40.283], [37.28, 40.422], [35.73, 40.881], [35.986, 41.582]]], "type": "Polygon"}, "properties": {"name": "Canik"}}, {"type": "Feature", "geometry": {"coordinates": [[[61.877, 40.983], [62.854, 41.544], [63.242, 41.576], [64.44, 40.561], [64.978, 40.5], [64.741, 39.741], [64.22, 38.989], [62.237, 40.078], [61.877, 40.983]]], "type": "Polygon"}, "properties": {"name": "Bukhara"}}, {"type": "Feature", "geometry": {"coordinates": [[[70.311, 41.466], [71.581, 41.467], [72.67, 40.924], [72.988, 40.87], [70.695, 40.255], [70.157, 40.359], [70.583, 40.787], [70.266, 41.01], [70.311, 41.466]]], "type": "Polygon"}, "properties": {"name": "Kokand"}}, {"type": "Feature", "geometry": {"coordinates": [[[-6.836, 40.807], [-6.233, 41.464], [-5.214, 41.27], [-5.344, 40.247], [-5.452, 40.27], [-6.857, 40.277], [-6.836, 40.807]]], "type": "Polygon"}, "properties": {"name": "Salamanca"}}, {"type": "Feature", "geometry": {"coordinates": [[[140.78, 41.249], [140.915, 41.521], [141.367, 41.132], [140.78, 41.249]]], "type": "Polygon"}, "properties": {"name": "Mutsu"}}, {"type": "Feature", "geometry": {"coordinates": [[[-101.908, 41.322], [-101.444, 41.22], [-100.533, 39.912], [-101.146, 38.753], [-101.123, 37.794], [-103.419, 37.951], [-103.401, 37.752], [-104.571, 38.179], [-104.874, 39.946], [-103.917, 40.009], [-101.908, 41.322]]], "type": "Polygon"}, "properties": {"name": "Hinonoeino"}}, {"type": "Feature", "geometry": {"coordinates": [[[-74.904, 41.221], [-74.673, 41.357], [-74.626, 41.314], [-73.98, 40.898], [-74.302, 40.451], [-73.945, 40.146], [-74.135, 39.75], [-74.717, 40.223], [-75.024, 40.467], [-74.904, 41.221]]], "type": "Polygon"}, "properties": {"name": "Raritan"}}, {"type": "Feature", "geometry": {"coordinates": [[[-3.335, 41.298], [-2.899, 41.238], [-2.945, 40.136], [-5.196, 39.647], [-5.452, 40.27], [-5.344, 40.247], [-3.335, 41.298]]], "type": "Polygon"}, "properties": {"name": "Madrid"}}, {"type": "Feature", "geometry": {"coordinates": [[[40.282, 41.007], [41.107, 41.346], [41.669, 40.885], [39.741, 40.387], [38.619, 40.295], [38.221, 40.947], [39.297, 41.079], [40.282, 41.007]]], "type": "Polygon"}, "properties": {"name": "Trebizon"}}, {"type": "Feature", "geometry": {"coordinates": [[[43.035, 41.327], [43.238, 41.2], [43.537, 41.021], [43.832, 39.932], [43.642, 39.891], [41.988, 40.731], [43.035, 41.327]]], "type": "Polygon"}, "properties": {"name": "Samtskhe"}}, {"type": "Feature", "geometry": {"coordinates": [[[43.537, 41.021], [44.908, 41.314], [45.434, 40.561], [44.569, 40.839], [44.916, 40.29], [45.447, 40.448], [45.895, 40.256], [45.684, 39.939], [46.518, 39.009], [46.11, 38.882], [45.609, 39.457], [44.631, 39.794], [44.236, 40.067], [43.832, 39.932], [43.537, 41.021]]], "type": "Polygon"}, "properties": {"name": "Armenia"}}, {"type": "Feature", "geometry": {"coordinates": [[[106.875, 40.987], [108.497, 41.095], [110.829, 40.437], [111.12, 39.411], [110.501, 38.521], [110.275, 38.226], [109.137, 37.643], [107.651, 38.123], [106.373, 38.743], [106.642, 39.645], [106.953, 40.54], [106.875, 40.987]]], "type": "Polygon"}, "properties": {"name": "Ordos"}}, {"type": "Feature", "geometry": {"coordinates": [[[-88.949, 40.531], [-87.585, 41.211], [-87.429, 39.803], [-87.861, 38.217], [-88.728, 38.853], [-88.949, 40.531]]], "type": "Polygon"}, "properties": {"name": "Kilatika"}}, {"type": "Feature", "geometry": {"coordinates": [[[-75.47, 41.074], [-74.904, 41.221], [-75.024, 40.467], [-74.717, 40.223], [-75.105, 39.916], [-75.714, 39.782], [-76.037, 39.791], [-76.021, 40.038], [-75.706, 40.766], [-75.47, 41.074]]], "type": "Polygon"}, "properties": {"name": "Lenape"}}, {"type": "Feature", "geometry": {"coordinates": [[[-8.61, 41.083], [-7.88, 41.187], [-7.57, 41.211], [-7.803, 40.125], [-8.071, 39.959], [-8.812, 40.174], [-8.61, 41.083]]], "type": "Polygon"}, "properties": {"name": "Ribatejo"}}, {"type": "Feature", "geometry": {"coordinates": [[[-7.57, 41.211], [-6.836, 40.807], [-6.857, 40.277], [-6.954, 39.809], [-7.444, 39.569], [-7.828, 39.606], [-8.23, 39.642], [-8.071, 39.959], [-7.803, 40.125], [-7.57, 41.211]]], "type": "Polygon"}, "properties": {"name": "Beira"}}, {"type": "Feature", "geometry": {"coordinates": [[[-2.899, 41.238], [-1.86, 41.217], [-1.382, 39.878], [-1.266, 39.216], [-1.198, 39.085], [-1.75, 38.927], [-2.543, 39.433], [-2.523, 39.874], [-2.945, 40.136], [-2.899, 41.238]]], "type": "Polygon"}, "properties": {"name": "Cuenca"}}, {"type": "Feature", "geometry": {"coordinates": [[[8.213, 40.771], [9.286, 41.303], [9.516, 39.195], [9.133, 39.137], [8.391, 39.036], [8.213, 40.771]]], "type": "Polygon"}, "properties": {"name": "Sardinia"}}, {"type": "Feature", "geometry": {"coordinates": [[[15.302, 41.153], [16.569, 40.697], [16.902, 40.535], [16.69, 40.228], [15.779, 39.805], [15.731, 39.939], [15.302, 41.153]]], "type": "Polygon"}, "properties": {"name": "Lucania"}}, {"type": "Feature", "geometry": {"coordinates": [[[20.944, 40.837], [22.328, 41.185], [22.116, 40.352], [21.404, 39.526], [20.591, 40.186], [20.944, 40.837]]], "type": "Polygon"}, "properties": {"name": "Kozani"}}, {"type": "Feature", "geometry": {"coordinates": [[[29.077, 41.226], [30.831, 41.106], [30.821, 40.594], [29.13, 40.404], [28.911, 40.66], [29.661, 40.713], [29.077, 41.226]]], "type": "Polygon"}, "properties": {"name": "Bithynia"}}, {"type": "Feature", "geometry": {"coordinates": [[[79.815, 40.916], [80.879, 41.202], [81.739, 39.375], [80.302, 38.665], [79.067, 38.173], [78.501, 40.042], [79.007, 40.463], [78.842, 41.128], [79.815, 40.916]]], "type": "Polygon"}, "properties": {"name": "Uighuristan"}}, {"type": "Feature", "geometry": {"coordinates": [[[140.368, 41.261], [140.602, 40.885], [141.3, 40.917], [141.974, 39.65], [141.422, 38.418], [140.866, 38.273], [140.938, 37.162], [140.763, 37.145], [140.44, 37.115], [139.24, 37.144], [139.641, 37.848], [140.331, 37.847], [140.394, 40.488], [139.927, 40.559], [140.307, 40.826], [140.368, 41.261]]], "type": "Polygon"}, "properties": {"name": "Mutsu"}}, {"type": "Feature", "geometry": {"coordinates": [[[17.1, 41.062], [18.374, 40.259], [18.301, 39.818], [17.793, 40.288], [16.902, 40.535], [16.569, 40.697], [17.1, 41.062]]], "type": "Polygon"}, "properties": {"name": "Apulia"}}, {"type": "Feature", "geometry": {"coordinates": [[[88.74, 40.766], [91.424, 41.141], [92.1, 41.076], [92.111, 40.665], [92.131, 38.895], [89.651, 38.502], [88.62, 38.427], [87.295, 37.875], [87.178, 38.396], [87.95, 38.839], [87.746, 39.266], [88.657, 40.03], [88.74, 40.766]]], "type": "Polygon"}, "properties": {"name": "Qakilik"}}, {"type": "Feature", "geometry": {"coordinates": [[[113.192, 41.104], [113.384, 41.099], [113.545, 41.11], [113.981, 40.355], [114.775, 40.234], [114.674, 39.857], [113.985, 39.299], [112.272, 39.186], [111.59, 39.726], [113.192, 41.104]]], "type": "Polygon"}, "properties": {"name": "Datong"}}, {"type": "Feature", "geometry": {"coordinates": [[[-106.93, 40.636], [-105.292, 40.939], [-104.792, 40.013], [-103.917, 40.009], [-104.874, 39.946], [-104.571, 38.179], [-105.863, 38.235], [-106.266, 37.635], [-107.938, 37.588], [-108.646, 38.767], [-108.247, 40.311], [-106.93, 40.636]]], "type": "Polygon"}, "properties": {"name": "Colorado"}}, {"type": "Feature", "geometry": {"coordinates": [[[-96.658, 41.004], [-95.732, 40.761], [-95.632, 40.462], [-93.709, 40.54], [-93.047, 40.476], [-92.488, 38.881], [-92.791, 38.271], [-94.354, 38.445], [-95.936, 38.633], [-97.461, 38.137], [-97.715, 38.533], [-96.755, 40.043], [-96.658, 41.004]]], "type": "Polygon"}, "properties": {"name": "Missouri"}}, {"type": "Feature", "geometry": {"coordinates": [[[-90.382, 38.815], [-89.443, 41.052], [-88.949, 40.531], [-88.728, 38.853], [-89.883, 37.848], [-90.357, 38.121], [-90.382, 38.815]]], "type": "Polygon"}, "properties": {"name": "Kaskaskia"}}, {"type": "Feature", "geometry": {"coordinates": [[[-82.137, 40.267], [-80.473, 40.959], [-80.519, 40.643], [-80.569, 40.189], [-81.379, 39.249], [-82.458, 38.335], [-83.537, 38.619], [-82.137, 40.267]]], "type": "Polygon"}, "properties": {"name": "Ohio"}}, {"type": "Feature", "geometry": {"coordinates": [[[-80.519, 40.643], [-78.998, 41.021], [-78.545, 40.522], [-79.304, 39.703], [-79.422, 39.7], [-80.473, 39.713], [-80.569, 40.189], [-80.519, 40.643]]], "type": "Polygon"}, "properties": {"name": "Honniasont"}}, {"type": "Feature", "geometry": {"coordinates": [[[-76.836, 40.706], [-75.671, 41.024], [-75.706, 40.766], [-76.021, 40.038], [-76.754, 39.628], [-77.238, 39.802], [-76.836, 40.706]]], "type": "Polygon"}, "properties": {"name": "Susquehanna"}}, {"type": "Feature", "geometry": {"coordinates": [[[52.72, 41.016], [54.016, 40.724], [54.2, 40.776], [54.579, 40.765], [55.767, 39.44], [54.927, 37.961], [53.747, 37.317], [53.743, 38.928], [53.224, 39.395], [52.899, 38.655], [53.356, 39.65], [52.569, 40.083], [52.72, 41.016]]], "type": "Polygon"}, "properties": {"name": "Kizil-Su"}}, {"type": "Feature", "geometry": {"coordinates": [[[69.204, 40.66], [70.266, 41.01], [70.583, 40.787], [70.157, 40.359], [70.695, 40.255], [70.45, 40.006], [69.588, 40.18], [69.111, 39.892], [69.204, 39.495], [68.511, 38.874], [67.896, 38.91], [67.186, 39.252], [67.405, 39.587], [67.816, 39.581], [68.445, 39.63], [68.698, 40.199], [69.151, 40.297], [69.204, 40.66]]], "type": "Polygon"}, "properties": {"name": "Khujand"}}, {"type": "Feature", "geometry": {"coordinates": [[[116.641, 40.818], [117.066, 41.063], [117.641, 40.686], [118.878, 40.717], [119.317, 40.549], [119.278, 39.799], [118.991, 39.285], [117.609, 39.25], [116.147, 38.974], [115.077, 39.842], [115.695, 40.421], [116.371, 40.332], [116.641, 40.818]]], "type": "Polygon"}, "properties": {"name": "Hejian"}}, {"type": "Feature", "geometry": {"coordinates": [[[122.526, 40.928], [123.115, 40.786], [123.402, 41.015], [124.047, 39.908], [122.619, 39.574], [122.255, 39.789], [121.672, 39.361], [121.241, 39.503], [122.246, 40.54], [122.526, 40.928]]], "type": "Polygon"}, "properties": {"name": "Gaizhou"}}, {"type": "Feature", "geometry": {"coordinates": [[[-78.545, 40.522], [-76.836, 40.706], [-77.238, 39.802], [-79.304, 39.703], [-78.545, 40.522]]], "type": "Polygon"}, "properties": {"name": "Juniata"}}, {"type": "Feature", "geometry": {"coordinates": [[[34.538, 40.659], [35.207, 40.942], [35.73, 40.881], [37.28, 40.422], [37.049, 40.283], [35.495, 39.602], [34.539, 40.076], [34.538, 40.659]]], "type": "Polygon"}, "properties": {"name": "Yozgat"}}, {"type": "Feature", "geometry": {"coordinates": [[[41.669, 40.885], [41.988, 40.731], [43.642, 39.891], [42.485, 39.421], [41.659, 39.425], [40.818, 39.199], [39.39, 39.613], [39.741, 40.387], [41.669, 40.885]]], "type": "Polygon"}, "properties": {"name": "Erserum"}}, {"type": "Feature", "geometry": {"coordinates": [[[72.988, 40.87], [73.677, 40.746], [73.918, 40.108], [73.573, 39.481], [71.297, 39.46], [69.204, 39.495], [69.111, 39.892], [69.588, 40.18], [70.45, 40.006], [70.695, 40.255], [72.988, 40.87]]], "type": "Polygon"}, "properties": {"name": "Uzkend"}}, {"type": "Feature", "geometry": {"coordinates": [[[-110.783, 40.642], [-110.551, 40.745], [-109.493, 40.442], [-108.247, 40.311], [-108.646, 38.767], [-107.938, 37.588], [-108.708, 37.135], [-110.859, 37.531], [-112.145, 36.496], [-113.494, 36.745], [-114.079, 37.706], [-113.902, 39.041], [-111.223, 39.654], [-110.783, 40.642]]], "type": "Polygon"}, "properties": {"name": "Utah"}}, {"type": "Feature", "geometry": {"coordinates": [[[33.684, 40.733], [34.538, 40.659], [34.539, 40.076], [35.495, 39.602], [35.314, 39.41], [33.648, 38.954], [33.684, 40.733]]], "type": "Polygon"}, "properties": {"name": "Bozok"}}, {"type": "Feature", "geometry": {"coordinates": [[[64.978, 40.5], [67.343, 40.404], [67.871, 39.923], [67.816, 39.581], [67.405, 39.587], [67.186, 39.252], [64.741, 39.741], [64.978, 40.5]]], "type": "Polygon"}, "properties": {"name": "Samarkand"}}, {"type": "Feature", "geometry": {"coordinates": [[[126.982, 40.724], [127.62, 40.796], [128.289, 40.103], [127.456, 39.832], [127.366, 39.271], [128.336, 38.487], [127.816, 38.259], [127.356, 38.39], [126.579, 39.176], [126.941, 40.504], [126.982, 40.724]]], "type": "Polygon"}, "properties": {"name": "Hamgyeong"}}, {"type": "Feature", "geometry": {"coordinates": [[[-0.148, 40.666], [0.202, 40.742], [0.529, 40.573], [-0.382, 39.302], [-1.266, 39.216], [-1.382, 39.878], [-0.148, 40.666]]], "type": "Polygon"}, "properties": {"name": "València"}}, {"type": "Feature", "geometry": {"coordinates": [[[27.749, 40.355], [27.61, 40.643], [28.299, 40.366], [27.912, 39.268], [27.585, 39.301], [26.848, 39.396], [26.845, 39.628], [26.04, 39.514], [27.749, 40.355]]], "type": "Polygon"}, "properties": {"name": "Biga"}}, {"type": "Feature", "geometry": {"coordinates": [[[28.876, 40.431], [28.911, 40.66], [29.13, 40.404], [30.821, 40.594], [31.103, 40.359], [30.999, 40.057], [29.007, 39.287], [27.912, 39.268], [28.299, 40.366], [28.876, 40.431]]], "type": "Polygon"}, "properties": {"name": "Bursa"}}, {"type": "Feature", "geometry": {"coordinates": [[[31.103, 40.359], [32.677, 40.676], [33.684, 40.733], [33.648, 38.954], [33.353, 38.92], [32.973, 39.144], [32.122, 39.188], [30.999, 40.057], [31.103, 40.359]]], "type": "Polygon"}, "properties": {"name": "Angora"}}, {"type": "Feature", "geometry": {"coordinates": [[[-93.047, 40.476], [-91.394, 40.361], [-90.382, 38.815], [-90.357, 38.121], [-91.791, 38.727], [-92.488, 38.881], [-93.047, 40.476]]], "type": "Polygon"}, "properties": {"name": "Tamaroa"}}, {"type": "Feature", "geometry": {"coordinates": [[[-84.431, 40.258], [-82.601, 40.641], [-82.137, 40.267], [-83.537, 38.619], [-84.695, 39.102], [-84.431, 40.258]]], "type": "Polygon"}, "properties": {"name": "Chillicothe"}}, {"type": "Feature", "geometry": {"coordinates": [[[73.918, 40.108], [75.126, 40.532], [76.276, 40.379], [77.34, 39.777], [76.139, 38.473], [75.007, 38.729], [73.65, 38.745], [73.573, 39.481], [73.918, 40.108]]], "type": "Polygon"}, "properties": {"name": "Kashgar"}}, {"type": "Feature", "geometry": {"coordinates": [[[97.41, 40.61], [99.67, 40.37], [100.106, 39.361], [101.758, 38.689], [101.101, 38.126], [100.306, 37.823], [98.848, 38.81], [97.211, 39.357], [97.41, 40.61]]], "type": "Polygon"}, "properties": {"name": "Gansu"}}, {"type": "Feature", "geometry": {"coordinates": [[[139.927, 40.559], [140.394, 40.488], [140.331, 37.847], [139.641, 37.848], [139.543, 38.496], [139.788, 39.999], [139.927, 40.559]]], "type": "Polygon"}, "properties": {"name": "Dewa"}}, {"type": "Feature", "geometry": {"coordinates": [[[-86.034, 39.601], [-84.656, 40.462], [-84.431, 40.258], [-84.695, 39.102], [-84.78, 38.753], [-85.312, 38.507], [-86.766, 37.827], [-86.894, 38.282], [-86.034, 39.601]]], "type": "Polygon"}, "properties": {"name": "Wabash"}}, {"type": "Feature", "geometry": {"coordinates": [[[45.895, 40.256], [48.143, 40.231], [47.971, 39.749], [47.195, 39.333], [46.518, 39.009], [45.684, 39.939], [45.895, 40.256]]], "type": "Polygon"}, "properties": {"name": "Melikates"}}, {"type": "Feature", "geometry": {"coordinates": [[[125.362, 39.602], [126.941, 40.504], [126.579, 39.176], [126.01, 38.686], [125.262, 38.608], [125.145, 38.82], [125.362, 39.602]]], "type": "Polygon"}, "properties": {"name": "Uiji"}}, {"type": "Feature", "geometry": {"coordinates": [[[-6.857, 40.277], [-5.452, 40.27], [-5.196, 39.647], [-4.949, 39.357], [-6.99, 39.024], [-7.444, 39.569], [-6.954, 39.809], [-6.857, 40.277]]], "type": "Polygon"}, "properties": {"name": "Caceres"}}, {"type": "Feature", "geometry": {"coordinates": [[[22.116, 40.352], [22.442, 40.232], [23.051, 39.392], [22.756, 39.215], [22.059, 38.942], [21.404, 39.526], [22.116, 40.352]]], "type": "Polygon"}, "properties": {"name": "Larissa"}}, {"type": "Feature", "geometry": {"coordinates": [[[37.049, 40.283], [38.619, 40.295], [39.741, 40.387], [39.39, 39.613], [38.361, 39.358], [37.342, 38.871], [35.938, 39.027], [35.314, 39.41], [35.495, 39.602], [37.049, 40.283]]], "type": "Polygon"}, "properties": {"name": "Sivas"}}, {"type": "Feature", "geometry": {"coordinates": [[[-75.105, 39.916], [-74.717, 40.223], [-74.135, 39.75], [-74.796, 38.998], [-75.26, 39.662], [-75.105, 39.916]]], "type": "Polygon"}, "properties": {"name": "Unami"}}, {"type": "Feature", "geometry": {"coordinates": [[[15.779, 39.805], [16.69, 40.228], [16.49, 39.82], [17.142, 39.023], [15.577, 37.907], [16.091, 38.926], [15.779, 39.805]]], "type": "Polygon"}, "properties": {"name": "Calabria"}}, {"type": "Feature", "geometry": {"coordinates": [[[-81.379, 39.249], [-80.569, 40.189], [-80.473, 39.713], [-79.422, 39.7], [-79.416, 39.295], [-80.591, 38.366], [-81.379, 39.249]]], "type": "Polygon"}, "properties": {"name": "Monongahela"}}, {"type": "Feature", "geometry": {"coordinates": [[[-8.812, 40.174], [-8.071, 39.959], [-8.23, 39.642], [-7.828, 39.606], [-8.96, 38.759], [-9.451, 38.707], [-8.812, 40.174]]], "type": "Polygon"}, "properties": {"name": "Lisboa"}}, {"type": "Feature", "geometry": {"coordinates": [[[-5.196, 39.647], [-2.945, 40.136], [-2.523, 39.874], [-2.543, 39.433], [-3.727, 39.423], [-4.794, 39.334], [-4.949, 39.357], [-5.196, 39.647]]], "type": "Polygon"}, "properties": {"name": "Toledo"}}, {"type": "Feature", "geometry": {"coordinates": [[[20.591, 40.186], [21.404, 39.526], [22.059, 38.942], [22.105, 38.368], [21.143, 38.328], [20.494, 38.621], [20.664, 38.874], [21.084, 38.909], [20.374, 38.97], [19.275, 39.863], [19.863, 39.947], [20.003, 39.647], [20.591, 40.186]]], "type": "Polygon"}, "properties": {"name": "Janina"}}, {"type": "Feature", "geometry": {"coordinates": [[[24.88, 39.815], [25.436, 40.134], [25.437, 39.827], [24.88, 39.815]]], "type": "Polygon"}, "properties": {"name": "Komotini"}}, {"type": "Feature", "geometry": {"coordinates": [[[-99.716, 39.895], [-96.755, 40.043], [-97.715, 38.533], [-101.146, 38.753], [-100.533, 39.912], [-99.716, 39.895]]], "type": "Polygon"}, "properties": {"name": "Kitkehaki"}}, {"type": "Feature", "geometry": {"coordinates": [[[-87.429, 39.803], [-86.877, 40.023], [-86.034, 39.601], [-86.894, 38.282], [-86.766, 37.827], [-87.965, 37.73], [-87.861, 38.217], [-87.429, 39.803]]], "type": "Polygon"}, "properties": {"name": "Piankeshaw"}}, {"type": "Feature", "geometry": {"coordinates": [[[-76.754, 39.628], [-76.021, 40.038], [-76.037, 39.791], [-75.714, 39.782], [-75.586, 38.631], [-75.124, 38.504], [-75.041, 38.481], [-75.987, 37.27], [-75.671, 37.743], [-76.143, 38.392], [-75.84, 39.542], [-76.574, 39.149], [-76.859, 39.438], [-76.754, 39.628]]], "type": "Polygon"}, "properties": {"name": "Nanticoke"}}, {"type": "Feature", "geometry": {"coordinates": [[[29.007, 39.287], [30.999, 40.057], [32.122, 39.188], [31.199, 38.504], [30.254, 38.876], [29.922, 38.734], [29.007, 39.287]]], "type": "Polygon"}, "properties": {"name": "Anatolia"}}, {"type": "Feature", "geometry": {"coordinates": [[[43.832, 39.932], [44.236, 40.067], [44.631, 39.794], [44.663, 39.753], [44.051, 39.286], [44.282, 37.852], [42.882, 38.142], [42.631, 38.331], [43.084, 38.275], [43.163, 38.839], [42.439, 38.707], [41.659, 39.425], [42.485, 39.421], [43.642, 39.891], [43.832, 39.932]]], "type": "Polygon"}, "properties": {"name": "Van"}}, {"type": "Feature", "geometry": {"coordinates": [[[61.774, 39.913], [62.237, 40.078], [64.22, 38.989], [66.42, 38.084], [66.371, 37.436], [66.001, 37.485], [65.702, 37.539], [64.649, 37.192], [64.533, 36.779], [63.389, 36.903], [63.166, 37.676], [61.859, 38.444], [61.364, 38.366], [61.152, 38.723], [61.611, 39.371], [61.774, 39.913]]], "type": "Polygon"}, "properties": {"name": "Charjuy"}}, {"type": "Feature", "geometry": {"coordinates": [[[77.34, 39.777], [78.501, 40.042], [79.067, 38.173], [78.758, 37.424], [78.511, 35.955], [77.965, 34.942], [77.698, 35.39], [76.411, 36.733], [76.139, 38.473], [77.34, 39.777]]], "type": "Polygon"}, "properties": {"name": "Yarkand"}}, {"type": "Feature", "geometry": {"coordinates": [[[-122.574, 39.95], [-121.12, 39.872], [-119.604, 38.666], [-119.628, 37.888], [-120.587, 37.822], [-121.987, 38.622], [-122.533, 39.561], [-122.574, 39.95]]], "type": "Polygon"}, "properties": {"name": "Maidu"}}, {"type": "Feature", "geometry": {"coordinates": [[[-75.714, 39.782], [-75.105, 39.916], [-75.26, 39.662], [-75.575, 39.59], [-75.124, 38.504], [-75.586, 38.631], [-75.714, 39.782]]], "type": "Polygon"}, "properties": {"name": "Delaware"}}, {"type": "Feature", "geometry": {"coordinates": [[[2.408, 39.606], [2.887, 39.903], [3.469, 39.764], [3.147, 39.248], [2.408, 39.606]]], "type": "Polygon"}, "properties": {"name": "Balears"}}, {"type": "Feature", "geometry": {"coordinates": [[[85.519, 39.848], [87.746, 39.266], [87.95, 38.839], [87.178, 38.396], [84.458, 37.946], [82.213, 36.876], [80.079, 36.869], [78.758, 37.424], [79.067, 38.173], [80.302, 38.665], [81.739, 39.375], [82.612, 39.657], [84.611, 39.769], [85.519, 39.848]]], "type": "Polygon"}, "properties": {"name": "Takla Makan"}}, {"type": "Feature", "geometry": {"coordinates": [[[-79.304, 39.703], [-77.238, 39.802], [-76.754, 39.628], [-76.859, 39.438], [-77.272, 39.073], [-77.492, 39.162], [-77.971, 39.327], [-79.416, 39.295], [-79.422, 39.7], [-79.304, 39.703]]], "type": "Polygon"}, "properties": {"name": "Potomac"}}, {"type": "Feature", "geometry": {"coordinates": [[[44.631, 39.794], [45.609, 39.457], [46.11, 38.882], [45.694, 38.776], [44.663, 39.753], [44.631, 39.794]]], "type": "Polygon"}, "properties": {"name": "Nakhchivan"}}, {"type": "Feature", "geometry": {"coordinates": [[[113.985, 39.299], [114.674, 39.857], [115.077, 39.842], [116.147, 38.974], [115.882, 37.306], [116.054, 37.368], [115.571, 36.932], [113.66, 37.309], [113.693, 37.429], [113.525, 38.498], [113.985, 39.299]]], "type": "Polygon"}, "properties": {"name": "Handan"}}, {"type": "Feature", "geometry": {"coordinates": [[[44.051, 39.286], [44.663, 39.753], [45.694, 38.776], [45.217, 38.31], [45.454, 36.953], [44.84, 36.807], [44.716, 37.152], [44.282, 37.852], [44.051, 39.286]]], "type": "Polygon"}, "properties": {"name": "Urmia"}}, {"type": "Feature", "geometry": {"coordinates": [[[47.195, 39.333], [47.971, 39.749], [47.968, 38.77], [48.747, 38.317], [48.753, 38.053], [48.406, 37.721], [48.088, 37.511], [47.247, 38.517], [47.195, 39.333]]], "type": "Polygon"}, "properties": {"name": "Shirva"}}, {"type": "Feature", "geometry": {"coordinates": [[[64.741, 39.741], [67.186, 39.252], [67.896, 38.91], [68.195, 38.265], [67.529, 37.251], [66.371, 37.436], [66.42, 38.084], [64.22, 38.989], [64.741, 39.741]]], "type": "Polygon"}, "properties": {"name": "Qarshi"}}, {"type": "Feature", "geometry": {"coordinates": [[[111.12, 39.411], [111.59, 39.726], [112.272, 39.186], [113.985, 39.299], [113.525, 38.498], [113.693, 37.429], [112.663, 37.789], [110.501, 38.521], [111.12, 39.411]]], "type": "Polygon"}, "properties": {"name": "Sanguan"}}, {"type": "Feature", "geometry": {"coordinates": [[[121.672, 39.361], [122.255, 39.789], [122.619, 39.574], [120.98, 38.719], [121.672, 39.361]]], "type": "Polygon"}, "properties": {"name": "Dalian"}}, {"type": "Feature", "geometry": {"coordinates": [[[-123.522, 39.55], [-122.533, 39.561], [-121.987, 38.622], [-122.31, 38.172], [-122.85, 38.238], [-123.633, 39.541], [-123.522, 39.55]]], "type": "Polygon"}, "properties": {"name": "Pomo"}}, {"type": "Feature", "geometry": {"coordinates": [[[-7.828, 39.606], [-7.444, 39.569], [-6.99, 39.024], [-7.004, 38.042], [-7.501, 37.499], [-8.776, 37.426], [-8.765, 38.387], [-9.126, 38.48], [-8.96, 38.759], [-7.828, 39.606]]], "type": "Polygon"}, "properties": {"name": "Alentejo"}}, {"type": "Feature", "geometry": {"coordinates": [[[38.361, 39.358], [39.39, 39.613], [40.818, 39.199], [39.98, 38.186], [39.218, 38.145], [38.333, 38.476], [38.815, 38.848], [38.361, 39.358]]], "type": "Polygon"}, "properties": {"name": "Erzincan"}}, {"type": "Feature", "geometry": {"coordinates": [[[69.204, 39.495], [71.297, 39.46], [70.843, 38.682], [70.065, 37.706], [69.35, 37.631], [69.147, 37.311], [68.193, 37.154], [67.529, 37.251], [68.195, 38.265], [67.896, 38.91], [68.511, 38.874], [69.204, 39.495]]], "type": "Polygon"}, "properties": {"name": "Kulob"}}, {"type": "Feature", "geometry": {"coordinates": [[[105.196, 37.643], [106.642, 39.645], [106.373, 38.743], [107.651, 38.123], [107.231, 37.494], [105.537, 37.048], [105.196, 37.643]]], "type": "Polygon"}, "properties": {"name": "Guyuan"}}, {"type": "Feature", "geometry": {"coordinates": [[[-79.416, 39.295], [-77.971, 39.327], [-78.959, 38.737], [-80.202, 37.749], [-80.329, 37.564], [-80.591, 38.366], [-79.416, 39.295]]], "type": "Polygon"}, "properties": {"name": "Manahoac"}}, {"type": "Feature", "geometry": {"coordinates": [[[-4.794, 39.334], [-3.727, 39.423], [-2.543, 39.433], [-1.75, 38.927], [-2.326, 38.403], [-4.197, 38.375], [-4.973, 38.732], [-4.794, 39.334]]], "type": "Polygon"}, "properties": {"name": "La Mancha"}}, {"type": "Feature", "geometry": {"coordinates": [[[55.767, 39.44], [58.531, 39.2], [58.553, 38.432], [58.04, 37.73], [56.938, 38.212], [56.008, 38.13], [54.927, 37.961], [55.767, 39.44]]], "type": "Polygon"}, "properties": {"name": "Atak"}}, {"type": "Feature", "geometry": {"coordinates": [[[71.297, 39.46], [73.573, 39.481], [73.65, 38.745], [75.007, 38.729], [74.609, 38.77], [74.961, 37.415], [74.385, 37.409], [73.603, 37.369], [73.284, 37.559], [71.379, 36.703], [70.843, 38.682], [71.297, 39.46]]], "type": "Polygon"}, "properties": {"name": "Badakhshan"}}, {"type": "Feature", "geometry": {"coordinates": [[[-77.272, 39.073], [-76.859, 39.438], [-76.574, 39.149], [-76.684, 38.294], [-77.2, 38.321], [-77.221, 38.543], [-77.179, 38.576], [-77.224, 38.575], [-77.035, 38.811], [-77.272, 39.073]]], "type": "Polygon"}, "properties": {"name": "Conoy"}}, {"type": "Feature", "geometry": {"coordinates": [[[-6.99, 39.024], [-4.949, 39.357], [-4.794, 39.334], [-4.973, 38.732], [-5.533, 38.408], [-5.428, 38.056], [-7.004, 38.042], [-6.99, 39.024]]], "type": "Polygon"}, "properties": {"name": "Badajoz"}}, {"type": "Feature", "geometry": {"coordinates": [[[25.739, 39.225], [26.299, 39.402], [26.61, 38.915], [25.739, 39.225]]], "type": "Polygon"}, "properties": {"name": "Lesbos"}}, {"type": "Feature", "geometry": {"coordinates": [[[26.848, 39.396], [27.585, 39.301], [27.773, 37.943], [27.303, 37.874], [26.301, 38.579], [26.888, 38.191], [26.848, 39.396]]], "type": "Polygon"}, "properties": {"name": "Smyrna"}}, {"type": "Feature", "geometry": {"coordinates": [[[33.648, 38.954], [35.314, 39.41], [35.938, 39.027], [36.195, 38.811], [35.445, 37.71], [34.521, 37.72], [33.77, 38.357], [33.587, 38.603], [33.353, 38.92], [33.648, 38.954]]], "type": "Polygon"}, "properties": {"name": "Kayseri"}}, {"type": "Feature", "geometry": {"coordinates": [[[37.342, 38.871], [38.361, 39.358], [38.815, 38.848], [38.333, 38.476], [39.218, 38.145], [37.801, 37.233], [37.324, 37.963], [37.342, 38.871]]], "type": "Polygon"}, "properties": {"name": "Malatya"}}, {"type": "Feature", "geometry": {"coordinates": [[[40.818, 39.199], [41.659, 39.425], [42.439, 38.707], [42.27, 38.421], [42.631, 38.331], [42.882, 38.142], [41.411, 37.366], [39.98, 38.186], [40.818, 39.199]]], "type": "Polygon"}, "properties": {"name": "Mush"}}, {"type": "Feature", "geometry": {"coordinates": [[[97.066, 39.342], [97.211, 39.357], [98.848, 38.81], [100.306, 37.823], [100.872, 37.095], [100.638, 36.875], [99.722, 37.453], [95.857, 37.856], [94.469, 36.753], [91.18, 36.727], [89.651, 38.502], [92.131, 38.895], [94.729, 39.279], [97.066, 39.342]]], "type": "Polygon"}, "properties": {"name": "Sarig Yogir"}}, {"type": "Feature", "geometry": {"coordinates": [[[-116.074, 39.131], [-113.902, 39.041], [-114.079, 37.706], [-113.494, 36.745], [-114.101, 36.059], [-114.614, 35.979], [-114.61, 35.328], [-116.618, 35.708], [-118.077, 36.349], [-119.628, 37.888], [-119.604, 38.666], [-118.324, 38.487], [-116.074, 39.131]]], "type": "Polygon"}, "properties": {"name": "Nevada"}}, {"type": "Feature", "geometry": {"coordinates": [[[-82.458, 38.335], [-81.379, 39.249], [-80.591, 38.366], [-80.329, 37.564], [-80.508, 37.219], [-82.053, 37.428], [-82.458, 38.335]]], "type": "Polygon"}, "properties": {"name": "Kanawha"}}, {"type": "Feature", "geometry": {"coordinates": [[[-78.959, 38.737], [-77.971, 39.327], [-77.492, 39.162], [-78.08, 38.082], [-78.93, 37.717], [-80.202, 37.749], [-78.959, 38.737]]], "type": "Polygon"}, "properties": {"name": "Manahoac"}}, {"type": "Feature", "geometry": {"coordinates": [[[-1.266, 39.216], [-0.382, 39.302], [0.078, 38.733], [-0.824, 37.787], [-1.198, 39.085], [-1.266, 39.216]]], "type": "Polygon"}, "properties": {"name": "Alicante"}}, {"type": "Feature", "geometry": {"coordinates": [[[27.585, 39.301], [27.912, 39.268], [29.007, 39.287], [29.922, 38.734], [28.861, 37.781], [27.773, 37.943], [27.585, 39.301]]], "type": "Polygon"}, "properties": {"name": "Saruhan"}}, {"type": "Feature", "geometry": {"coordinates": [[[46.518, 39.009], [47.195, 39.333], [47.247, 38.517], [48.088, 37.511], [47.692, 37.173], [45.816, 37.344], [45.217, 38.31], [45.694, 38.776], [46.11, 38.882], [46.518, 39.009]]], "type": "Polygon"}, "properties": {"name": "Azerbaijan"}}, {"type": "Feature", "geometry": {"coordinates": [[[116.147, 38.974], [117.609, 39.25], [117.581, 38.282], [117.495, 37.844], [116.861, 37.622], [116.054, 37.368], [115.882, 37.306], [116.147, 38.974]]], "type": "Polygon"}, "properties": {"name": "Beijing"}}, {"type": "Feature", "geometry": {"coordinates": [[[-77.492, 39.162], [-77.272, 39.073], [-77.035, 38.811], [-77.224, 38.575], [-77.221, 38.543], [-77.2, 38.321], [-76.26, 37.628], [-76.905, 37.813], [-78.135, 37.859], [-78.08, 38.082], [-77.492, 39.162]]], "type": "Polygon"}, "properties": {"name": "Doeg"}}, {"type": "Feature", "geometry": {"coordinates": [[[22.059, 38.942], [22.756, 39.215], [22.867, 39.006], [22.784, 38.697], [23.608, 38.416], [23.189, 38.82], [24.054, 38.57], [24.065, 38.355], [23.984, 37.698], [22.967, 37.946], [23.09, 38.167], [22.105, 38.368], [22.059, 38.942]]], "type": "Polygon"}, "properties": {"name": "Athens"}}, {"type": "Feature", "geometry": {"coordinates": [[[31.199, 38.504], [32.122, 39.188], [32.973, 39.144], [33.01, 38.544], [33.587, 38.603], [33.77, 38.357], [32.689, 37.644], [31.708, 37.388], [31.33, 37.613], [31.199, 38.504]]], "type": "Polygon"}, "properties": {"name": "Konya"}}, {"type": "Feature", "geometry": {"coordinates": [[[58.531, 39.2], [59.501, 38.759], [61.152, 38.723], [61.364, 38.366], [60.925, 36.581], [58.514, 37.621], [58.04, 37.73], [58.553, 38.432], [58.531, 39.2]]], "type": "Polygon"}, "properties": {"name": "Konjikala"}}, {"type": "Feature", "geometry": {"coordinates": [[[102.186, 39.057], [103.665, 39.138], [102.869, 38.051], [103.838, 37.364], [103.727, 36.585], [102.858, 35.852], [102.302, 37.225], [101.101, 38.126], [101.758, 38.689], [102.186, 39.057]]], "type": "Polygon"}, "properties": {"name": "Liangzhou"}}, {"type": "Feature", "geometry": {"coordinates": [[[126.579, 39.176], [127.356, 38.39], [126.818, 38.092], [126.525, 37.816], [124.874, 37.97], [124.959, 38.59], [125.262, 38.608], [126.01, 38.686], [126.579, 39.176]]], "type": "Polygon"}, "properties": {"name": "Pyeongan"}}, {"type": "Feature", "geometry": {"coordinates": [[[-84.78, 38.753], [-84.695, 39.102], [-83.537, 38.619], [-82.458, 38.335], [-82.053, 37.428], [-82.792, 36.939], [-84.646, 37.794], [-85.312, 38.507], [-84.78, 38.753]]], "type": "Polygon"}, "properties": {"name": "Shatteras"}}, {"type": "Feature", "geometry": {"coordinates": [[[-1.75, 38.927], [-1.198, 39.085], [-0.824, 37.787], [-0.871, 37.576], [-1.657, 37.369], [-2.403, 38.023], [-2.326, 38.403], [-1.75, 38.927]]], "type": "Polygon"}, "properties": {"name": "Murcia"}}, {"type": "Feature", "geometry": {"coordinates": [[[35.938, 39.027], [37.342, 38.871], [37.324, 37.963], [37.801, 37.233], [38.008, 36.804], [38.041, 36.71], [37.095, 36.477], [36.751, 36.788], [36.37, 37.019], [36.481, 37.074], [35.445, 37.71], [36.195, 38.811], [35.938, 39.027]]], "type": "Polygon"}, "properties": {"name": "Mus"}}, {"type": "Feature", "geometry": {"coordinates": [[[-92.488, 38.881], [-91.791, 38.727], [-90.357, 38.121], [-89.883, 37.848], [-89.347, 36.926], [-89.005, 36.977], [-89.642, 35.918], [-89.705, 35.915], [-90.254, 35.903], [-90.102, 36.363], [-90.813, 36.476], [-90.73, 36.902], [-92.791, 38.271], [-92.488, 38.881]]], "type": "Polygon"}, "properties": {"name": "Michigamea"}}, {"type": "Feature", "geometry": {"coordinates": [[[-89.883, 37.848], [-88.728, 38.853], [-87.861, 38.217], [-87.965, 37.73], [-88.405, 37.146], [-89.005, 36.977], [-89.347, 36.926], [-89.883, 37.848]]], "type": "Polygon"}, "properties": {"name": "Mengkonkia"}}, {"type": "Feature", "geometry": {"coordinates": [[[29.922, 38.734], [30.254, 38.876], [31.199, 38.504], [31.33, 37.613], [29.98, 37.263], [28.861, 37.781], [29.922, 38.734]]], "type": "Polygon"}, "properties": {"name": "Hamid"}}, {"type": "Feature", "geometry": {"coordinates": [[[-101.123, 37.794], [-101.146, 38.753], [-97.715, 38.533], [-97.461, 38.137], [-96.918, 37.053], [-97.155, 36.977], [-99.91, 36.965], [-99.905, 37.542], [-101.123, 37.794]]], "type": "Polygon"}, "properties": {"name": "Kiowa"}}, {"type": "Feature", "geometry": {"coordinates": [[[-95.936, 38.633], [-94.354, 38.445], [-94.613, 37.377], [-94.076, 36.401], [-94.464, 36.346], [-94.472, 36.142], [-96.85, 36.868], [-97.155, 36.977], [-96.918, 37.053], [-97.461, 38.137], [-95.936, 38.633]]], "type": "Polygon"}, "properties": {"name": "Utsetha"}}, {"type": "Feature", "geometry": {"coordinates": [[[-5.533, 38.408], [-4.973, 38.732], [-4.197, 38.375], [-4.117, 37.417], [-4.85, 37.183], [-5.428, 38.056], [-5.533, 38.408]]], "type": "Polygon"}, "properties": {"name": "Córdoba"}}, {"type": "Feature", "geometry": {"coordinates": [[[74.609, 38.77], [75.007, 38.729], [76.139, 38.473], [76.411, 36.733], [77.698, 35.39], [77.467, 35.262], [75.988, 35.699], [75.647, 36.662], [74.735, 37.086], [74.385, 37.409], [74.961, 37.415], [74.609, 38.77]]], "type": "Polygon"}, "properties": {"name": "Karakoram"}}, {"type": "Feature", "geometry": {"coordinates": [[[-121.987, 38.622], [-120.587, 37.822], [-120.53, 36.582], [-121.724, 36.907], [-122.427, 37.595], [-121.967, 37.487], [-122.121, 37.918], [-121.594, 37.987], [-121.721, 38.172], [-122.554, 37.866], [-122.85, 38.238], [-122.31, 38.172], [-121.987, 38.622]]], "type": "Polygon"}, "properties": {"name": "Miwok"}}, {"type": "Feature", "geometry": {"coordinates": [[[25.739, 38.607], [26.161, 38.57], [25.931, 38.006], [25.739, 38.607]]], "type": "Polygon"}, "properties": {"name": "Lesbos"}}, {"type": "Feature", "geometry": {"coordinates": [[[70.065, 37.706], [70.843, 38.682], [71.379, 36.703], [73.284, 37.559], [73.603, 37.369], [74.385, 37.409], [74.735, 37.086], [72.875, 36.894], [71.06, 35.895], [70.383, 36.511], [69.976, 36.867], [70.065, 37.706]]], "type": "Polygon"}, "properties": {"name": "Dakhshan"}}, {"type": "Feature", "geometry": {"coordinates": [[[-86.766, 37.827], [-85.312, 38.507], [-84.646, 37.794], [-86.96, 36.466], [-87.664, 36.502], [-88.405, 37.146], [-87.965, 37.73], [-86.766, 37.827]]], "type": "Polygon"}, "properties": {"name": "Kentucky"}}, {"type": "Feature", "geometry": {"coordinates": [[[-4.197, 38.375], [-2.326, 38.403], [-2.403, 38.023], [-2.718, 37.597], [-4.117, 37.417], [-4.197, 38.375]]], "type": "Polygon"}, "properties": {"name": "La Mancha"}}, {"type": "Feature", "geometry": {"coordinates": [[[84.458, 37.946], [87.178, 38.396], [87.295, 37.875], [86.575, 37.73], [85.754, 37.031], [84.238, 36.55], [83.555, 35.957], [82.838, 36.001], [82.44, 36.211], [82.82, 36.312], [82.059, 36.425], [82.213, 36.876], [84.458, 37.946]]], "type": "Polygon"}, "properties": {"name": "Qarqan"}}, {"type": "Feature", "geometry": {"coordinates": [[[88.62, 38.427], [89.651, 38.502], [91.18, 36.727], [91.832, 35.361], [91.932, 34.558], [90.631, 34.452], [90.018, 33.967], [88.566, 34.523], [87.292, 34.307], [86.612, 34.627], [86.266, 34.05], [84.887, 34.117], [83.895, 33.894], [81.138, 33.635], [79.358, 33.842], [78.795, 34.209], [77.965, 34.942], [78.511, 35.955], [81.064, 35.489], [82.838, 36.001], [83.555, 35.957], [84.238, 36.55], [85.754, 37.031], [86.575, 37.73], [87.295, 37.875], [88.62, 38.427]]], "type": "Polygon"}, "properties": {"name": "Kulun Shan"}}, {"type": "Feature", "geometry": {"coordinates": [[[110.275, 38.226], [110.501, 38.521], [112.663, 37.789], [111.425, 36.944], [110.227, 36.718], [110.252, 36.448], [110.275, 38.226]]], "type": "Polygon"}, "properties": {"name": "Taiyuan"}}, {"type": "Feature", "geometry": {"coordinates": [[[127.816, 38.259], [128.336, 38.487], [129.304, 36.946], [128.892, 36.944], [127.816, 38.259]]], "type": "Polygon"}, "properties": {"name": "Gangwon"}}, {"type": "Feature", "geometry": {"coordinates": [[[-94.354, 38.445], [-92.791, 38.271], [-90.73, 36.902], [-90.813, 36.476], [-91.454, 36.381], [-94.076, 36.401], [-94.613, 37.377], [-94.354, 38.445]]], "type": "Polygon"}, "properties": {"name": "Osage"}}, {"type": "Feature", "geometry": {"coordinates": [[[20.2, 38.051], [20.646, 38.431], [20.822, 38.066], [20.2, 38.051]]], "type": "Polygon"}, "properties": {"name": "Janina"}}, {"type": "Feature", "geometry": {"coordinates": [[[61.364, 38.366], [61.859, 38.444], [63.166, 37.676], [63.389, 36.903], [64.533, 36.779], [64.317, 36.126], [62.858, 35.245], [61.268, 35.371], [60.925, 36.581], [61.364, 38.366]]], "type": "Polygon"}, "properties": {"name": "Marv"}}, {"type": "Feature", "geometry": {"coordinates": [[[126.818, 38.092], [127.356, 38.39], [127.816, 38.259], [128.892, 36.944], [128.296, 36.688], [127.878, 36.859], [126.818, 38.092]]], "type": "Polygon"}, "properties": {"name": "West Gangwon"}}, {"type": "Feature", "geometry": {"coordinates": [[[139.543, 38.496], [139.641, 37.848], [139.24, 37.144], [138.347, 37.098], [139.154, 37.881], [139.543, 38.496]]], "type": "Polygon"}, "properties": {"name": "Echigo"}}, {"type": "Feature", "geometry": {"coordinates": [[[-105.863, 38.235], [-104.571, 38.179], [-103.401, 37.752], [-103.407, 34.647], [-104.998, 34.977], [-104.812, 36.566], [-105.616, 37.114], [-106.266, 37.635], [-105.863, 38.235]]], "type": "Polygon"}, "properties": {"name": "Jicarilla West"}}, {"type": "Feature", "geometry": {"coordinates": [[[21.093, 37.925], [21.793, 38.295], [23.093, 37.733], [23.459, 37.344], [22.791, 37.408], [22.761, 37.292], [22.609, 37.611], [21.998, 37.473], [21.946, 36.985], [21.706, 36.663], [21.093, 37.925]]], "type": "Polygon"}, "properties": {"name": "Achaea"}}, {"type": "Feature", "geometry": {"coordinates": [[[32.689, 37.644], [33.77, 38.357], [34.521, 37.72], [33.945, 37.061], [33.089, 36.754], [31.916, 37.205], [31.708, 37.388], [32.689, 37.644]]], "type": "Polygon"}, "properties": {"name": "Karaman"}}, {"type": "Feature", "geometry": {"coordinates": [[[117.581, 38.282], [118.587, 37.804], [118.909, 37.259], [118.058, 36.705], [116.861, 37.622], [117.495, 37.844], [117.581, 38.282]]], "type": "Polygon"}, "properties": {"name": "Wuding"}}, {"type": "Feature", "geometry": {"coordinates": [[[12.513, 37.999], [13.274, 38.135], [13.802, 37.88], [13.995, 37.062], [12.461, 37.642], [12.513, 37.999]]], "type": "Polygon"}, "properties": {"name": "Palermo"}}, {"type": "Feature", "geometry": {"coordinates": [[[39.218, 38.145], [39.98, 38.186], [41.411, 37.366], [41.54, 37.018], [40.07, 36.776], [38.008, 36.804], [37.801, 37.233], [39.218, 38.145]]], "type": "Polygon"}, "properties": {"name": "Diyarbakir"}}, {"type": "Feature", "geometry": {"coordinates": [[[42.882, 38.142], [44.282, 37.852], [44.716, 37.152], [44.287, 37.013], [42.254, 37.098], [41.54, 37.018], [41.411, 37.366], [42.882, 38.142]]], "type": "Polygon"}, "properties": {"name": "Cizre"}}, {"type": "Feature", "geometry": {"coordinates": [[[54.927, 37.961], [56.008, 38.13], [55.465, 36.736], [54.696, 36.637], [53.849, 36.689], [53.747, 37.317], [54.927, 37.961]]], "type": "Polygon"}, "properties": {"name": "Gurgan"}}, {"type": "Feature", "geometry": {"coordinates": [[[56.008, 38.13], [56.938, 38.212], [58.04, 37.73], [58.514, 37.621], [58.396, 35.993], [57.963, 36.142], [58.04, 36.376], [57.551, 36.465], [56.914, 35.979], [56.467, 36.77], [55.465, 36.736], [56.008, 38.13]]], "type": "Polygon"}, "properties": {"name": "Bojnord"}}, {"type": "Feature", "geometry": {"coordinates": [[[107.651, 38.123], [109.137, 37.643], [110.275, 38.226], [110.252, 36.448], [110.042, 34.611], [109.235, 34.821], [108.972, 35.329], [107.869, 35.38], [108.309, 35.481], [108.443, 36.915], [107.231, 37.494], [107.651, 38.123]]], "type": "Polygon"}, "properties": {"name": "Yan'an"}}, {"type": "Feature", "geometry": {"coordinates": [[[-78.93, 37.717], [-78.08, 38.082], [-78.135, 37.859], [-77.538, 36.762], [-77.69, 36.552], [-78.017, 36.484], [-79.828, 36.53], [-78.93, 37.717]]], "type": "Polygon"}, "properties": {"name": "Moratok"}}, {"type": "Feature", "geometry": {"coordinates": [[[-7.004, 38.042], [-5.428, 38.056], [-4.85, 37.183], [-5.358, 36.935], [-6.49, 37.008], [-7.331, 37.145], [-7.501, 37.499], [-7.004, 38.042]]], "type": "Polygon"}, "properties": {"name": "Andalucía"}}, {"type": "Feature", "geometry": {"coordinates": [[[13.802, 37.88], [15.355, 38.112], [14.943, 36.645], [13.995, 37.062], [13.802, 37.88]]], "type": "Polygon"}, "properties": {"name": "Messina"}}, {"type": "Feature", "geometry": {"coordinates": [[[48.406, 37.721], [48.753, 38.053], [50.613, 36.739], [50.322, 35.938], [49.807, 36.413], [49.267, 36.535], [48.406, 37.721]]], "type": "Polygon"}, "properties": {"name": "Gilan"}}, {"type": "Feature", "geometry": {"coordinates": [[[95.857, 37.856], [99.722, 37.453], [99.401, 36.936], [100.495, 36.663], [100.638, 36.875], [100.872, 37.095], [100.954, 35.914], [101.644, 34.694], [102.378, 33.833], [102.179, 33.202], [100.646, 33.73], [98.895, 33.707], [98.782, 34.397], [98.46, 34.329], [97.717, 34.877], [97.142, 34.742], [93.624, 35.026], [91.932, 34.558], [91.832, 35.361], [91.18, 36.727], [94.469, 36.753], [95.857, 37.856]]], "type": "Polygon"}, "properties": {"name": "Amdo"}}, {"type": "Feature", "geometry": {"coordinates": [[[100.306, 37.823], [101.101, 38.126], [102.302, 37.225], [102.858, 35.852], [102.828, 35.179], [101.644, 34.694], [100.954, 35.914], [100.872, 37.095], [100.306, 37.823]]], "type": "Polygon"}, "properties": {"name": "Xining"}}, {"type": "Feature", "geometry": {"coordinates": [[[126.525, 37.816], [126.818, 38.092], [127.878, 36.859], [126.857, 36.75], [126.525, 37.816]]], "type": "Polygon"}, "properties": {"name": "Gyeonggi"}}, {"type": "Feature", "geometry": {"coordinates": [[[-103.419, 37.951], [-101.123, 37.794], [-99.905, 37.542], [-99.91, 36.965], [-99.942, 34.462], [-100.684, 33.487], [-101.966, 33.008], [-102.946, 33.969], [-103.407, 34.647], [-103.401, 37.752], [-103.419, 37.951]]], "type": "Polygon"}, "properties": {"name": "Comanche"}}, {"type": "Feature", "geometry": {"coordinates": [[[-2.718, 37.597], [-2.403, 38.023], [-1.657, 37.369], [-2.082, 36.834], [-3.023, 36.688], [-2.718, 37.597]]], "type": "Polygon"}, "properties": {"name": "Almería"}}, {"type": "Feature", "geometry": {"coordinates": [[[27.303, 37.874], [27.773, 37.943], [28.861, 37.781], [29.98, 37.263], [29.521, 35.977], [28.444, 36.756], [27.791, 36.466], [27.493, 36.633], [28.228, 36.9], [27.27, 36.941], [27.403, 37.101], [27.303, 37.874]]], "type": "Polygon"}, "properties": {"name": "Antalya"}}, {"type": "Feature", "geometry": {"coordinates": [[[-120.587, 37.822], [-119.628, 37.888], [-118.077, 36.349], [-119.964, 35.626], [-120.53, 36.582], [-120.587, 37.822]]], "type": "Polygon"}, "properties": {"name": "Yorkuts"}}, {"type": "Feature", "geometry": {"coordinates": [[[-84.646, 37.794], [-82.792, 36.939], [-83.089, 36.653], [-84.036, 36.567], [-86.96, 36.466], [-84.646, 37.794]]], "type": "Polygon"}, "properties": {"name": "Cumberland"}}, {"type": "Feature", "geometry": {"coordinates": [[[-78.135, 37.859], [-76.905, 37.813], [-76.3, 37.359], [-76.87, 37.233], [-77.538, 36.762], [-78.135, 37.859]]], "type": "Polygon"}, "properties": {"name": "Manahoac"}}, {"type": "Feature", "geometry": {"coordinates": [[[34.521, 37.72], [35.445, 37.71], [36.481, 37.074], [36.37, 37.019], [36.059, 36.872], [35.362, 36.497], [34.15, 36.439], [33.945, 37.061], [34.521, 37.72]]], "type": "Polygon"}, "properties": {"name": "Adana"}}, {"type": "Feature", "geometry": {"coordinates": [[[120.052, 37.472], [120.932, 37.748], [122.496, 37.437], [122.336, 37.04], [120.677, 36.694], [119.661, 36.025], [119.153, 37.025], [120.052, 37.472]]], "type": "Polygon"}, "properties": {"name": "Shandong Bandao"}}, {"type": "Feature", "geometry": {"coordinates": [[[-107.938, 37.588], [-106.266, 37.635], [-105.616, 37.114], [-105.907, 35.842], [-107.007, 36.368], [-107.39, 35.73], [-108.195, 35.491], [-108.817, 35.897], [-108.708, 37.135], [-107.938, 37.588]]], "type": "Polygon"}, "properties": {"name": "Navajo"}}, {"type": "Feature", "geometry": {"coordinates": [[[-80.329, 37.564], [-80.202, 37.749], [-78.93, 37.717], [-79.828, 36.53], [-80.481, 36.49], [-80.865, 36.534], [-80.508, 37.219], [-80.329, 37.564]]], "type": "Polygon"}, "properties": {"name": "Monacan"}}, {"type": "Feature", "geometry": {"coordinates": [[[48.088, 37.511], [48.406, 37.721], [49.267, 36.535], [49.14, 35.385], [47.716, 36.11], [47.692, 37.173], [48.088, 37.511]]], "type": "Polygon"}, "properties": {"name": "Zanjan"}}, {"type": "Feature", "geometry": {"coordinates": [[[69.35, 37.631], [70.065, 37.706], [69.976, 36.867], [70.383, 36.511], [69.76, 35.23], [68.567, 35.502], [68.193, 37.154], [69.147, 37.311], [69.35, 37.631]]], "type": "Polygon"}, "properties": {"name": "Kunduz"}}, {"type": "Feature", "geometry": {"coordinates": [[[111.425, 36.944], [112.663, 37.789], [113.693, 37.429], [113.66, 37.309], [113.542, 36.804], [113.282, 35.826], [112.592, 34.729], [111.64, 34.973], [111.631, 35.674], [112.066, 36.244], [111.668, 36.997], [111.425, 36.944]]], "type": "Polygon"}, "properties": {"name": "Lu'an"}}, {"type": "Feature", "geometry": {"coordinates": [[[-110.859, 37.531], [-108.708, 37.135], [-108.817, 35.897], [-109.712, 35.278], [-110.581, 35.907], [-111.978, 35.425], [-112.145, 36.496], [-110.859, 37.531]]], "type": "Polygon"}, "properties": {"name": "Canyon"}}, {"type": "Feature", "geometry": {"coordinates": [[[-4.117, 37.417], [-2.718, 37.597], [-3.023, 36.688], [-5.078, 36.313], [-5.497, 36.632], [-5.358, 36.935], [-4.85, 37.183], [-4.117, 37.417]]], "type": "Polygon"}, "properties": {"name": "Granada"}}, {"type": "Feature", "geometry": {"coordinates": [[[21.998, 37.473], [22.609, 37.611], [22.761, 37.292], [23.034, 36.039], [22.884, 36.063], [22.531, 36.721], [22.428, 36.37], [21.946, 36.985], [21.998, 37.473]]], "type": "Polygon"}, "properties": {"name": "Morea"}}, {"type": "Feature", "geometry": {"coordinates": [[[29.98, 37.263], [31.33, 37.613], [31.708, 37.388], [31.916, 37.205], [31.611, 36.616], [30.502, 36.839], [30.488, 36.241], [29.521, 35.977], [29.98, 37.263]]], "type": "Polygon"}, "properties": {"name": "Tekke"}}, {"type": "Feature", "geometry": {"coordinates": [[[58.514, 37.621], [60.925, 36.581], [61.268, 35.371], [60.485, 33.802], [58.363, 34.077], [58.396, 35.993], [58.514, 37.621]]], "type": "Polygon"}, "properties": {"name": "Khurasan"}}, {"type": "Feature", "geometry": {"coordinates": [[[103.838, 37.364], [105.196, 37.643], [105.537, 37.048], [105.084, 37.024], [105.094, 35.235], [104.73, 34.423], [102.828, 35.179], [102.858, 35.852], [103.727, 36.585], [103.838, 37.364]]], "type": "Polygon"}, "properties": {"name": "Lanzhou"}}, {"type": "Feature", "geometry": {"coordinates": [[[116.054, 37.368], [116.861, 37.622], [118.058, 36.705], [117.623, 35.664], [116.717, 35.828], [115.595, 36.791], [115.571, 36.932], [116.054, 37.368]]], "type": "Polygon"}, "properties": {"name": "Jinan"}}, {"type": "Feature", "geometry": {"coordinates": [[[-8.776, 37.426], [-7.501, 37.499], [-7.331, 37.145], [-8.823, 37.047], [-8.776, 37.426]]], "type": "Polygon"}, "properties": {"name": "Algarve"}}, {"type": "Feature", "geometry": {"coordinates": [[[45.816, 37.344], [47.692, 37.173], [47.716, 36.11], [45.897, 35.494], [45.26, 35.716], [45.235, 36.047], [44.947, 36.371], [44.84, 36.807], [45.454, 36.953], [45.816, 37.344]]], "type": "Polygon"}, "properties": {"name": "Maragheh"}}, {"type": "Feature", "geometry": {"coordinates": [[[64.649, 37.192], [65.702, 37.539], [66.001, 37.485], [66.23, 35.43], [65.06, 35.067], [63.863, 34.972], [62.858, 35.245], [64.317, 36.126], [64.533, 36.779], [64.649, 37.192]]], "type": "Polygon"}, "properties": {"name": "Maymana"}}, {"type": "Feature", "geometry": {"coordinates": [[[66.001, 37.485], [66.371, 37.436], [67.529, 37.251], [68.193, 37.154], [68.567, 35.502], [66.677, 35.497], [66.23, 35.43], [66.001, 37.485]]], "type": "Polygon"}, "properties": {"name": "Balkh"}}, {"type": "Feature", "geometry": {"coordinates": [[[105.537, 37.048], [107.231, 37.494], [108.443, 36.915], [108.309, 35.481], [107.869, 35.38], [107.493, 35.303], [107.471, 34.937], [105.094, 35.235], [105.084, 37.024], [105.537, 37.048]]], "type": "Polygon"}, "properties": {"name": "Pingliang"}}, {"type": "Feature", "geometry": {"coordinates": [[[-82.792, 36.939], [-82.053, 37.428], [-80.508, 37.219], [-80.865, 36.534], [-81.684, 36.5], [-83.089, 36.653], [-82.792, 36.939]]], "type": "Polygon"}, "properties": {"name": "Tutelo"}}, {"type": "Feature", "geometry": {"coordinates": [[[78.511, 35.955], [78.758, 37.424], [80.079, 36.869], [82.213, 36.876], [82.059, 36.425], [82.82, 36.312], [82.44, 36.211], [82.838, 36.001], [81.064, 35.489], [78.511, 35.955]]], "type": "Polygon"}, "properties": {"name": "Hotan"}}, {"type": "Feature", "geometry": {"coordinates": [[[-77.538, 36.762], [-76.87, 37.233], [-76.534, 36.837], [-75.947, 36.821], [-76.015, 36.381], [-77.69, 36.552], [-77.538, 36.762]]], "type": "Polygon"}, "properties": {"name": "Powhatan"}}, {"type": "Feature", "geometry": {"coordinates": [[[42.254, 37.098], [44.287, 37.013], [44.716, 37.152], [44.84, 36.807], [44.947, 36.371], [44.981, 36.031], [43.354, 35.189], [42.556, 35.812], [42.332, 36.926], [42.254, 37.098]]], "type": "Polygon"}, "properties": {"name": "Mosul"}}, {"type": "Feature", "geometry": {"coordinates": [[[113.542, 36.804], [113.66, 37.309], [115.571, 36.932], [115.595, 36.791], [115, 36.328], [115.238, 35.609], [114.778, 34.734], [114.091, 34.966], [113.542, 36.804]]], "type": "Polygon"}, "properties": {"name": "Daming"}}, {"type": "Feature", "geometry": {"coordinates": [[[136.398, 36.23], [136.967, 37.311], [137.071, 36.92], [137.841, 37.107], [137.791, 36.714], [137.071, 36.697], [136.927, 36.125], [136.398, 36.23]]], "type": "Polygon"}, "properties": {"name": "Etchu"}}, {"type": "Feature", "geometry": {"coordinates": [[[-89.005, 36.977], [-88.405, 37.146], [-87.664, 36.502], [-87.982, 36.157], [-89.642, 35.918], [-89.005, 36.977]]], "type": "Polygon"}, "properties": {"name": "Pennyrile"}}, {"type": "Feature", "geometry": {"coordinates": [[[-6.49, 37.008], [-5.358, 36.935], [-5.497, 36.632], [-5.608, 35.86], [-5.601, 35.783], [-5.893, 35.757], [-6.49, 37.008]]], "type": "Polygon"}, "properties": {"name": "Cadiz"}}, {"type": "Feature", "geometry": {"coordinates": [[[8.699, 36.893], [10.162, 37.169], [10.138, 37.016], [9.266, 36.058], [8.285, 36.363], [8.289, 36.484], [8.699, 36.893]]], "type": "Polygon"}, "properties": {"name": "Bizerte"}}, {"type": "Feature", "geometry": {"coordinates": [[[31.916, 37.205], [33.089, 36.754], [33.945, 37.061], [34.15, 36.439], [32.528, 35.977], [31.611, 36.616], [31.916, 37.205]]], "type": "Polygon"}, "properties": {"name": "Icel"}}, {"type": "Feature", "geometry": {"coordinates": [[[118.058, 36.705], [118.909, 37.259], [119.153, 37.025], [119.661, 36.025], [120.084, 35.963], [119.232, 35.018], [118.689, 34.826], [117.623, 35.664], [118.058, 36.705]]], "type": "Polygon"}, "properties": {"name": "Qingzhou"}}, {"type": "Feature", "geometry": {"coordinates": [[[137.841, 37.107], [138.347, 37.098], [138.537, 37.084], [138.722, 35.988], [138.944, 35.393], [137.669, 35.255], [137.791, 36.714], [137.841, 37.107]]], "type": "Polygon"}, "properties": {"name": "Shinano"}}, {"type": "Feature", "geometry": {"coordinates": [[[138.347, 37.098], [139.24, 37.144], [140.44, 37.115], [139.996, 36.29], [138.722, 35.988], [138.537, 37.084], [138.347, 37.098]]], "type": "Polygon"}, "properties": {"name": "Kozuke"}}, {"type": "Feature", "geometry": {"coordinates": [[[140.44, 37.115], [140.763, 37.145], [140.725, 35.717], [140.317, 35.114], [139.765, 34.855], [139.975, 35.732], [139.996, 36.29], [140.44, 37.115]]], "type": "Polygon"}, "properties": {"name": "Hitachi"}}, {"type": "Feature", "geometry": {"coordinates": [[[-105.616, 37.114], [-104.812, 36.566], [-104.998, 34.977], [-105.505, 34.993], [-105.443, 34.287], [-106.649, 34.657], [-105.907, 35.842], [-105.616, 37.114]]], "type": "Polygon"}, "properties": {"name": "Pueblo"}}, {"type": "Feature", "geometry": {"coordinates": [[[40.07, 36.776], [41.54, 37.018], [42.254, 37.098], [42.332, 36.926], [41.269, 36.248], [41.154, 34.739], [40.87, 34.236], [39.364, 35.506], [38.34, 35.548], [38.041, 36.71], [38.008, 36.804], [40.07, 36.776]]], "type": "Polygon"}, "properties": {"name": "Dayr Az Zor"}}, {"type": "Feature", "geometry": {"coordinates": [[[72.875, 36.894], [74.735, 37.086], [75.647, 36.662], [75.988, 35.699], [77.467, 35.262], [76.691, 34.64], [75.695, 34.448], [74.003, 34.756], [72.409, 34.689], [71.54, 35.294], [71.06, 35.895], [72.875, 36.894]]], "type": "Polygon"}, "properties": {"name": "Kashmir"}}, {"type": "Feature", "geometry": {"coordinates": [[[-121.724, 36.907], [-120.53, 36.582], [-119.964, 35.626], [-119.746, 35.227], [-120.465, 35.103], [-120.584, 35.083], [-121.724, 36.907]]], "type": "Polygon"}, "properties": {"name": "Salinan"}}, {"type": "Feature", "geometry": {"coordinates": [[[-99.942, 34.462], [-99.91, 36.965], [-97.155, 36.977], [-96.85, 36.868], [-97.012, 36.165], [-98.03, 35.815], [-98.4, 34.959], [-99.33, 34.291], [-99.942, 34.462]]], "type": "Polygon"}, "properties": {"name": "Jicarilla East"}}, {"type": "Feature", "geometry": {"coordinates": [[[6.132, 36.876], [7.153, 36.905], [8.699, 36.893], [8.289, 36.484], [8.285, 36.363], [8.295, 35.871], [6.36, 36.718], [6.132, 36.876]]], "type": "Polygon"}, "properties": {"name": "Bône"}}, {"type": "Feature", "geometry": {"coordinates": [[[9.266, 36.058], [10.138, 37.016], [10.337, 36.685], [11.132, 37.018], [10.434, 36.135], [10.523, 35.857], [9.617, 35.548], [9.266, 36.058]]], "type": "Polygon"}, "properties": {"name": "Tunis"}}, {"type": "Feature", "geometry": {"coordinates": [[[36.059, 36.872], [36.37, 37.019], [36.751, 36.788], [36.539, 35.927], [35.814, 35.618], [36.059, 36.872]]], "type": "Polygon"}, "properties": {"name": "Antioch"}}, {"type": "Feature", "geometry": {"coordinates": [[[110.227, 36.718], [111.425, 36.944], [111.668, 36.997], [112.066, 36.244], [111.631, 35.674], [111.64, 34.973], [110.118, 34.484], [110.042, 34.611], [110.252, 36.448], [110.227, 36.718]]], "type": "Polygon"}, "properties": {"name": "Changzhi"}}, {"type": "Feature", "geometry": {"coordinates": [[[126.096, 36.845], [126.857, 36.75], [127.878, 36.859], [128.296, 36.688], [128.502, 36.598], [127.667, 35.521], [126.641, 35.52], [126.096, 36.845]]], "type": "Polygon"}, "properties": {"name": "Chungcheong"}}, {"type": "Feature", "geometry": {"coordinates": [[[128.296, 36.688], [128.892, 36.944], [129.304, 36.946], [129.398, 35.751], [128.941, 34.834], [128.749, 36.265], [128.502, 36.598], [128.296, 36.688]]], "type": "Polygon"}, "properties": {"name": "Gyeongsang"}}, {"type": "Feature", "geometry": {"coordinates": [[[-96.85, 36.868], [-94.472, 36.142], [-94.637, 35.007], [-95.126, 33.858], [-97.039, 33.778], [-99.33, 34.291], [-98.4, 34.959], [-98.03, 35.815], [-97.012, 36.165], [-96.85, 36.868]]], "type": "Polygon"}, "properties": {"name": "Wichita"}}, {"type": "Feature", "geometry": {"coordinates": [[[3.566, 36.775], [5.282, 36.7], [5.727, 36.688], [6.132, 36.876], [6.36, 36.718], [5.998, 35.796], [4.387, 35.835], [3.901, 36.075], [3.566, 36.775]]], "type": "Polygon"}, "properties": {"name": "Kabylia"}}, {"type": "Feature", "geometry": {"coordinates": [[[41.269, 36.248], [42.332, 36.926], [42.556, 35.812], [43.354, 35.189], [43.214, 35.127], [42.542, 34.576], [41.154, 34.739], [41.269, 36.248]]], "type": "Polygon"}, "properties": {"name": "Sinjar"}}, {"type": "Feature", "geometry": {"coordinates": [[[54.696, 36.637], [55.465, 36.736], [56.467, 36.77], [56.914, 35.979], [56.207, 34.155], [55.708, 34.139], [54.772, 35.645], [54.254, 35.85], [54.655, 35.958], [54.696, 36.637]]], "type": "Polygon"}, "properties": {"name": "Qumis"}}, {"type": "Feature", "geometry": {"coordinates": [[[-114.101, 36.059], [-113.494, 36.745], [-112.145, 36.496], [-111.978, 35.425], [-111.87, 35.067], [-112.139, 34.559], [-113.085, 34.518], [-114.163, 34.242], [-114.61, 35.328], [-114.614, 35.979], [-114.101, 36.059]]], "type": "Polygon"}, "properties": {"name": "Hualapai"}}, {"type": "Feature", "geometry": {"coordinates": [[[-84.036, 36.567], [-83.089, 36.653], [-81.684, 36.5], [-84.379, 34.909], [-83.154, 34.893], [-83.319, 34.595], [-83.729, 33.953], [-83.723, 34.129], [-85.392, 34.069], [-85.425, 34.233], [-85.566, 34.884], [-84.76, 34.913], [-85.051, 35.707], [-84.036, 36.567]]], "type": "Polygon"}, "properties": {"name": "Cherokee"}}, {"type": "Feature", "geometry": {"coordinates": [[[2.06, 36.502], [3.566, 36.775], [3.901, 36.075], [2.591, 35.695], [2.22, 35.949], [2.06, 36.502]]], "type": "Polygon"}, "properties": {"name": "Al-Djazair"}}, {"type": "Feature", "geometry": {"coordinates": [[[6.36, 36.718], [8.295, 35.871], [8.304, 34.743], [8.041, 34.533], [6.689, 35.294], [5.998, 35.796], [6.36, 36.718]]], "type": "Polygon"}, "properties": {"name": "Constantine"}}, {"type": "Feature", "geometry": {"coordinates": [[[36.539, 35.927], [36.751, 36.788], [37.095, 36.477], [38.041, 36.71], [38.34, 35.548], [38.487, 35.314], [36.92, 35.196], [36.539, 35.927]]], "type": "Polygon"}, "properties": {"name": "Aleppo"}}, {"type": "Feature", "geometry": {"coordinates": [[[50.613, 36.739], [53.849, 36.689], [54.696, 36.637], [54.655, 35.958], [54.254, 35.85], [53.475, 35.609], [51.162, 35.826], [50.322, 35.938], [50.613, 36.739]]], "type": "Polygon"}, "properties": {"name": "Mazandaran"}}, {"type": "Feature", "geometry": {"coordinates": [[[113.282, 35.826], [113.542, 36.804], [114.091, 34.966], [112.816, 34.744], [112.592, 34.729], [113.282, 35.826]]], "type": "Polygon"}, "properties": {"name": "Huaiqing"}}, {"type": "Feature", "geometry": {"coordinates": [[[115, 36.328], [115.595, 36.791], [116.717, 35.828], [117.623, 35.664], [118.689, 34.826], [118.168, 34.583], [117.513, 34.57], [116.497, 34.996], [115.825, 34.364], [115.129, 34.619], [114.778, 34.734], [115.238, 35.609], [115, 36.328]]], "type": "Polygon"}, "properties": {"name": "Yanzhou"}}, {"type": "Feature", "geometry": {"coordinates": [[[119.661, 36.025], [120.677, 36.694], [120.564, 35.901], [120.084, 35.963], [119.661, 36.025]]], "type": "Polygon"}, "properties": {"name": "Qingdao"}}, {"type": "Feature", "geometry": {"coordinates": [[[137.071, 36.697], [137.791, 36.714], [137.669, 35.255], [138.944, 35.393], [138.879, 35.134], [138.079, 34.585], [137.068, 34.81], [137.427, 35.111], [137.108, 35.382], [136.521, 35.173], [136.33, 35.686], [136.927, 36.125], [137.071, 36.697]]], "type": "Polygon"}, "properties": {"name": "Etchu"}}, {"type": "Feature", "geometry": {"coordinates": [[[-86.96, 36.466], [-84.036, 36.567], [-85.051, 35.707], [-87.817, 35.721], [-87.982, 36.157], [-87.664, 36.502], [-86.96, 36.466]]], "type": "Polygon"}, "properties": {"name": "Shawnee"}}, {"type": "Feature", "geometry": {"coordinates": [[[-81.684, 36.5], [-80.865, 36.534], [-80.481, 36.49], [-81.84, 35.112], [-82.113, 35.1], [-83.154, 34.893], [-84.379, 34.909], [-81.684, 36.5]]], "type": "Polygon"}, "properties": {"name": "Cheraw"}}, {"type": "Feature", "geometry": {"coordinates": [[[-80.481, 36.49], [-79.828, 36.53], [-78.017, 36.484], [-77.974, 36.422], [-79.089, 36.368], [-79.601, 35.68], [-79.405, 35.502], [-79.776, 35.613], [-81.197, 35.113], [-81.84, 35.112], [-80.481, 36.49]]], "type": "Polygon"}, "properties": {"name": "Yadkin"}}, {"type": "Feature", "geometry": {"coordinates": [[[-78.017, 36.484], [-77.69, 36.552], [-76.015, 36.381], [-75.847, 36.177], [-76.334, 35.874], [-75.64, 35.827], [-76.173, 35.264], [-76.54, 35.448], [-77.347, 35.686], [-77.974, 36.422], [-78.017, 36.484]]], "type": "Polygon"}, "properties": {"name": "Roanoke"}}, {"type": "Feature", "geometry": {"coordinates": [[[-5.608, 35.86], [-5.497, 36.632], [-5.078, 36.313], [-4.912, 36.186], [-5.49, 35.919], [-5.608, 35.86]]], "type": "Polygon"}, "properties": {"name": "Gibraltar"}}, {"type": "Feature", "geometry": {"coordinates": [[[128.502, 36.598], [128.749, 36.265], [128.941, 34.834], [127.571, 34.599], [127.667, 35.521], [128.502, 36.598]]], "type": "Polygon"}, "properties": {"name": "West Gyeongsang"}}, {"type": "Feature", "geometry": {"coordinates": [[[-91.454, 36.381], [-90.813, 36.476], [-90.102, 36.363], [-90.254, 35.903], [-89.705, 35.915], [-90.286, 34.899], [-90.454, 34.68], [-92.293, 34.03], [-93.117, 34.732], [-91.454, 36.381]]], "type": "Polygon"}, "properties": {"name": "Quapaw"}}, {"type": "Feature", "geometry": {"coordinates": [[[0.04, 35.822], [2.06, 36.502], [2.22, 35.949], [0.209, 35.408], [0.04, 35.822]]], "type": "Polygon"}, "properties": {"name": "Dahra"}}, {"type": "Feature", "geometry": {"coordinates": [[[49.14, 35.385], [49.267, 36.535], [49.807, 36.413], [50.322, 35.938], [51.162, 35.826], [50.939, 35.54], [51.223, 35.182], [50.929, 34.841], [49.85, 34.598], [49.337, 35.123], [49.14, 35.385]]], "type": "Polygon"}, "properties": {"name": "Qazvin"}}, {"type": "Feature", "geometry": {"coordinates": [[[57.551, 36.465], [58.04, 36.376], [57.963, 36.142], [58.396, 35.993], [58.363, 34.077], [56.951, 33.769], [56.94, 33.701], [56.207, 34.155], [56.914, 35.979], [57.551, 36.465]]], "type": "Polygon"}, "properties": {"name": "Sabzevar"}}, {"type": "Feature", "geometry": {"coordinates": [[[70.383, 36.511], [71.06, 35.895], [71.54, 35.294], [70.887, 34.079], [70.089, 33.821], [69.583, 33.832], [69.379, 34.874], [69.76, 35.23], [70.383, 36.511]]], "type": "Polygon"}, "properties": {"name": "Jalalabad"}}, {"type": "Feature", "geometry": {"coordinates": [[[-118.077, 36.349], [-116.618, 35.708], [-116.765, 34.758], [-117.917, 34.475], [-119.746, 35.227], [-119.964, 35.626], [-118.077, 36.349]]], "type": "Polygon"}, "properties": {"name": "Tachi"}}, {"type": "Feature", "geometry": {"coordinates": [[[-107.007, 36.368], [-105.907, 35.842], [-106.649, 34.657], [-107.066, 32.768], [-107.196, 33.086], [-108.281, 33.956], [-107.499, 34.868], [-108.195, 35.491], [-107.39, 35.73], [-107.007, 36.368]]], "type": "Polygon"}, "properties": {"name": "Acoma"}}, {"type": "Feature", "geometry": {"coordinates": [[[-94.464, 36.346], [-94.076, 36.401], [-91.454, 36.381], [-93.117, 34.732], [-94.637, 35.007], [-94.472, 36.142], [-94.464, 36.346]]], "type": "Polygon"}, "properties": {"name": "Satuskhdin"}}, {"type": "Feature", "geometry": {"coordinates": [[[-79.601, 35.68], [-79.089, 36.368], [-77.974, 36.422], [-77.347, 35.686], [-78.157, 35.072], [-78.415, 35.137], [-79.405, 35.502], [-79.601, 35.68]]], "type": "Polygon"}, "properties": {"name": "Tuscarora"}}, {"type": "Feature", "geometry": {"coordinates": [[[8.285, 36.363], [9.266, 36.058], [9.617, 35.548], [9.929, 34.887], [9.273, 34.42], [8.304, 34.743], [8.295, 35.871], [8.285, 36.363]]], "type": "Polygon"}, "properties": {"name": "Kef"}}, {"type": "Feature", "geometry": {"coordinates": [[[138.722, 35.988], [139.996, 36.29], [139.975, 35.732], [139.601, 35.34], [138.79, 34.582], [138.879, 35.134], [138.944, 35.393], [138.722, 35.988]]], "type": "Polygon"}, "properties": {"name": "Musachi"}}, {"type": "Feature", "geometry": {"coordinates": [[[135.866, 35.364], [136.398, 36.23], [136.927, 36.125], [136.33, 35.686], [135.866, 35.364]]], "type": "Polygon"}, "properties": {"name": "Echizen"}}, {"type": "Feature", "geometry": {"coordinates": [[[-89.642, 35.918], [-87.982, 36.157], [-87.817, 35.721], [-87.902, 35.149], [-88.079, 34.887], [-89.829, 34.891], [-90.286, 34.899], [-89.705, 35.915], [-89.642, 35.918]]], "type": "Polygon"}, "properties": {"name": "Tennessee"}}, {"type": "Feature", "geometry": {"coordinates": [[[47.716, 36.11], [49.14, 35.385], [49.337, 35.123], [47.384, 34.868], [46.094, 34.998], [45.897, 35.494], [47.716, 36.11]]], "type": "Polygon"}, "properties": {"name": "Ardalan"}}, {"type": "Feature", "geometry": {"coordinates": [[[2.591, 35.695], [3.901, 36.075], [4.387, 35.835], [4.62, 34.556], [2.587, 34.272], [2.591, 35.695]]], "type": "Polygon"}, "properties": {"name": "Titteri"}}, {"type": "Feature", "geometry": {"coordinates": [[[43.354, 35.189], [44.981, 36.031], [45.235, 36.047], [45.26, 35.716], [45.897, 35.494], [46.094, 34.998], [45.29, 33.818], [44.989, 33.974], [43.214, 35.127], [43.354, 35.189]]], "type": "Polygon"}, "properties": {"name": "Sharizhor"}}, {"type": "Feature", "geometry": {"coordinates": [[[-111.978, 35.425], [-110.581, 35.907], [-109.712, 35.278], [-109.078, 34.724], [-109.132, 33.925], [-111.87, 35.067], [-111.978, 35.425]]], "type": "Polygon"}, "properties": {"name": "Hopi"}}, {"type": "Feature", "geometry": {"coordinates": [[[-108.817, 35.897], [-108.195, 35.491], [-107.499, 34.868], [-108.281, 33.956], [-108.862, 33.668], [-109.132, 33.925], [-109.078, 34.724], [-109.712, 35.278], [-108.817, 35.897]]], "type": "Polygon"}, "properties": {"name": "Zuni"}}, {"type": "Feature", "geometry": {"coordinates": [[[-5.608, 35.86], [-5.49, 35.919], [-4.657, 35.185], [-3.765, 35.205], [-3.212, 34.645], [-2.756, 33.602], [-3.841, 33.153], [-5.092, 34.043], [-5.054, 34.298], [-5.36, 34.645], [-5.601, 35.783], [-5.608, 35.86]]], "type": "Polygon"}, "properties": {"name": "Fez"}}, {"type": "Feature", "geometry": {"coordinates": [[[0.209, 35.408], [2.22, 35.949], [2.591, 35.695], [2.587, 34.272], [1.874, 34.031], [0.222, 34.075], [-0.206, 34.539], [-0.577, 35.055], [0.209, 35.408]]], "type": "Polygon"}, "properties": {"name": "Ouarsenis"}}, {"type": "Feature", "geometry": {"coordinates": [[[4.387, 35.835], [5.998, 35.796], [6.689, 35.294], [5.197, 34.398], [4.62, 34.556], [4.387, 35.835]]], "type": "Polygon"}, "properties": {"name": "Hodna"}}, {"type": "Feature", "geometry": {"coordinates": [[[35.814, 35.618], [36.539, 35.927], [36.92, 35.196], [36.286, 34.426], [35.92, 34.319], [35.814, 35.618]]], "type": "Polygon"}, "properties": {"name": "Latakia"}}, {"type": "Feature", "geometry": {"coordinates": [[[-5.893, 35.757], [-5.601, 35.783], [-5.36, 34.645], [-6.29, 34.78], [-5.893, 35.757]]], "type": "Polygon"}, "properties": {"name": "Tangiers"}}, {"type": "Feature", "geometry": {"coordinates": [[[-1.034, 35.671], [0.04, 35.822], [0.209, 35.408], [-0.577, 35.055], [-1.379, 35.23], [-1.034, 35.671]]], "type": "Polygon"}, "properties": {"name": "Oran"}}, {"type": "Feature", "geometry": {"coordinates": [[[9.617, 35.548], [10.523, 35.857], [11.022, 35.462], [10.683, 34.671], [9.929, 34.887], [9.617, 35.548]]], "type": "Polygon"}, "properties": {"name": "Souss"}}, {"type": "Feature", "geometry": {"coordinates": [[[51.162, 35.826], [53.475, 35.609], [53.702, 34.779], [53.039, 34.458], [50.929, 34.841], [51.223, 35.182], [50.939, 35.54], [51.162, 35.826]]], "type": "Polygon"}, "properties": {"name": "Ajam"}}, {"type": "Feature", "geometry": {"coordinates": [[[53.475, 35.609], [54.254, 35.85], [54.772, 35.645], [55.708, 34.139], [53.388, 33.585], [53.148, 33.548], [53.039, 34.458], [53.702, 34.779], [53.475, 35.609]]], "type": "Polygon"}, "properties": {"name": "Semnan"}}, {"type": "Feature", "geometry": {"coordinates": [[[-116.618, 35.708], [-114.61, 35.328], [-114.163, 34.242], [-114.648, 33.212], [-117.145, 33.876], [-117.917, 34.475], [-116.765, 34.758], [-116.618, 35.708]]], "type": "Polygon"}, "properties": {"name": "Mojave"}}, {"type": "Feature", "geometry": {"coordinates": [[[-87.817, 35.721], [-85.051, 35.707], [-84.76, 34.913], [-85.566, 34.884], [-87.835, 35.002], [-87.902, 35.149], [-87.817, 35.721]]], "type": "Polygon"}, "properties": {"name": "Chickamauga"}}, {"type": "Feature", "geometry": {"coordinates": [[[-79.776, 35.613], [-79.405, 35.502], [-78.415, 35.137], [-79.405, 34.552], [-80.03, 34.736], [-81.197, 35.113], [-79.776, 35.613]]], "type": "Polygon"}, "properties": {"name": "Waxhaw"}}, {"type": "Feature", "geometry": {"coordinates": [[[-77.347, 35.686], [-76.54, 35.448], [-77.035, 35.42], [-76.579, 35.174], [-76.419, 34.749], [-77.308, 34.569], [-78.157, 35.072], [-77.347, 35.686]]], "type": "Polygon"}, "properties": {"name": "Pamlico"}}, {"type": "Feature", "geometry": {"coordinates": [[[133.725, 35.436], [135.104, 35.68], [135.866, 35.364], [135.516, 35.107], [134.271, 35.202], [133.879, 35.218], [133.725, 35.436]]], "type": "Polygon"}, "properties": {"name": "Tajima"}}, {"type": "Feature", "geometry": {"coordinates": [[[135.866, 35.364], [136.33, 35.686], [136.521, 35.173], [136.223, 34.532], [135.878, 34.635], [135.516, 35.107], [135.866, 35.364]]], "type": "Polygon"}, "properties": {"name": "Kyoto"}}, {"type": "Feature", "geometry": {"coordinates": [[[23.593, 35.609], [26.294, 35.198], [26.165, 34.999], [23.478, 35.242], [23.593, 35.609]]], "type": "Polygon"}, "properties": {"name": "Crete"}}, {"type": "Feature", "geometry": {"coordinates": [[[38.34, 35.548], [39.364, 35.506], [40.87, 34.236], [40.492, 33.974], [39.874, 33.736], [38.736, 34.816], [38.487, 35.314], [38.34, 35.548]]], "type": "Polygon"}, "properties": {"name": "Rahba"}}, {"type": "Feature", "geometry": {"coordinates": [[[66.677, 35.497], [68.567, 35.502], [69.76, 35.23], [69.379, 34.874], [69.583, 33.832], [68.003, 34.066], [66.795, 34.512], [66.677, 35.497]]], "type": "Polygon"}, "properties": {"name": "Kabulistan"}}, {"type": "Feature", "geometry": {"coordinates": [[[126.641, 35.52], [127.667, 35.521], [127.571, 34.599], [126.378, 34.037], [126.466, 34.465], [126.641, 35.52]]], "type": "Polygon"}, "properties": {"name": "Jeolla"}}, {"type": "Feature", "geometry": {"coordinates": [[[32.348, 34.954], [34.325, 35.413], [33.951, 35.09], [33.928, 34.778], [32.129, 34.593], [32.348, 34.954]]], "type": "Polygon"}, "properties": {"name": "Cyprus"}}, {"type": "Feature", "geometry": {"coordinates": [[[65.06, 35.067], [66.23, 35.43], [66.677, 35.497], [66.795, 34.512], [65.225, 33.691], [64.179, 32.343], [63.75, 32.628], [63.586, 33.166], [63.249, 33.202], [63.863, 34.972], [65.06, 35.067]]], "type": "Polygon"}, "properties": {"name": "Gharchistan"}}, {"type": "Feature", "geometry": {"coordinates": [[[132.698, 35.462], [133.725, 35.436], [133.879, 35.218], [133.406, 35.143], [132.709, 34.994], [132.7, 35.369], [132.698, 35.462]]], "type": "Polygon"}, "properties": {"name": "Izumo"}}, {"type": "Feature", "geometry": {"coordinates": [[[-3.765, 35.205], [-2.973, 35.253], [-2.741, 35.103], [-3.212, 34.645], [-3.765, 35.205]]], "type": "Polygon"}, "properties": {"name": "Mellila"}}, {"type": "Feature", "geometry": {"coordinates": [[[36.92, 35.196], [38.487, 35.314], [38.736, 34.816], [37.432, 33.918], [36.495, 33.963], [36.286, 34.426], [36.92, 35.196]]], "type": "Polygon"}, "properties": {"name": "Hamah "}}, {"type": "Feature", "geometry": {"coordinates": [[[60.485, 33.802], [61.268, 35.371], [62.858, 35.245], [63.863, 34.972], [63.249, 33.202], [60.569, 32.995], [60.485, 33.802]]], "type": "Polygon"}, "properties": {"name": "Herat"}}, {"type": "Feature", "geometry": {"coordinates": [[[77.467, 35.262], [77.698, 35.39], [77.965, 34.942], [78.795, 34.209], [78.707, 33.495], [79.303, 32.395], [78.27, 32.432], [76.761, 32.981], [75.695, 34.448], [76.691, 34.64], [77.467, 35.262]]], "type": "Polygon"}, "properties": {"name": "Ladakh"}}, {"type": "Feature", "geometry": {"coordinates": [[[107.493, 35.303], [107.869, 35.38], [108.972, 35.329], [109.235, 34.821], [110.042, 34.611], [110.118, 34.484], [110.719, 33.68], [110.71, 33.257], [109.709, 33.213], [107.547, 33.927], [108.085, 34.237], [108.062, 34.921], [107.471, 34.937], [107.493, 35.303]]], "type": "Polygon"}, "properties": {"name": "Shaanxi"}}, {"type": "Feature", "geometry": {"coordinates": [[[130.918, 34.35], [132.7, 35.369], [132.709, 34.994], [132.143, 34.286], [132.222, 33.889], [130.888, 33.955], [130.918, 34.35]]], "type": "Polygon"}, "properties": {"name": "Nagato"}}, {"type": "Feature", "geometry": {"coordinates": [[[136.521, 35.173], [137.108, 35.382], [137.427, 35.111], [137.068, 34.81], [136.674, 35.003], [136.821, 34.25], [136.305, 34.176], [136.223, 34.532], [136.521, 35.173]]], "type": "Polygon"}, "properties": {"name": "Owari"}}, {"type": "Feature", "geometry": {"coordinates": [[[-120.465, 35.103], [-119.746, 35.227], [-117.917, 34.475], [-117.145, 33.876], [-117.589, 33.52], [-120.447, 34.499], [-120.465, 35.103]]], "type": "Polygon"}, "properties": {"name": "Chumash"}}, {"type": "Feature", "geometry": {"coordinates": [[[-2.481, 35.08], [-1.379, 35.23], [-0.577, 35.055], [-0.206, 34.539], [-0.138, 34.288], [-1.681, 34.189], [-2.024, 35.035], [-2.481, 35.08]]], "type": "Polygon"}, "properties": {"name": "Tlemcen"}}, {"type": "Feature", "geometry": {"coordinates": [[[5.197, 34.398], [6.689, 35.294], [8.041, 34.533], [7.965, 34.47], [7.44, 34.011], [7.595, 33.586], [7.544, 33.362], [5.152, 33.601], [5.197, 34.398]]], "type": "Polygon"}, "properties": {"name": "Biskra"}}, {"type": "Feature", "geometry": {"coordinates": [[[71.54, 35.294], [72.409, 34.689], [72.148, 33.754], [71.229, 32.853], [70.697, 31.456], [69.209, 31.961], [69.351, 32.651], [70.003, 33.179], [70.089, 33.821], [70.887, 34.079], [71.54, 35.294]]], "type": "Polygon"}, "properties": {"name": "Khyber"}}, {"type": "Feature", "geometry": {"coordinates": [[[101.644, 34.694], [102.828, 35.179], [104.73, 34.423], [104.816, 33.876], [106.117, 33.819], [105.814, 33.682], [105.839, 32.703], [104.655, 32.528], [103.683, 33.627], [102.378, 33.833], [101.644, 34.694]]], "type": "Polygon"}, "properties": {"name": "Taozhou"}}, {"type": "Feature", "geometry": {"coordinates": [[[105.094, 35.235], [107.471, 34.937], [108.062, 34.921], [108.085, 34.237], [107.547, 33.927], [106.117, 33.819], [104.816, 33.876], [104.73, 34.423], [105.094, 35.235]]], "type": "Polygon"}, "properties": {"name": "Tianshui"}}, {"type": "Feature", "geometry": {"coordinates": [[[133.406, 35.143], [133.879, 35.218], [134.271, 35.202], [135.15, 35.125], [135.193, 34.635], [134.199, 34.605], [133.65, 34.526], [133.406, 35.143]]], "type": "Polygon"}, "properties": {"name": "Harima"}}, {"type": "Feature", "geometry": {"coordinates": [[[134.271, 35.202], [135.516, 35.107], [135.878, 34.635], [135.219, 34.159], [135.193, 34.635], [135.15, 35.125], [134.271, 35.202]]], "type": "Polygon"}, "properties": {"name": "Settsu"}}, {"type": "Feature", "geometry": {"coordinates": [[[-88.079, 34.887], [-87.902, 35.149], [-87.835, 35.002], [-85.566, 34.884], [-85.425, 34.233], [-86.482, 33.549], [-87.556, 33.898], [-88.187, 33.774], [-88.079, 34.887]]], "type": "Polygon"}, "properties": {"name": "Napochi"}}, {"type": "Feature", "geometry": {"coordinates": [[[-83.154, 34.893], [-82.113, 35.1], [-80.799, 33.65], [-81.008, 33.574], [-81.067, 33.261], [-81.568, 32.938], [-81.763, 33.148], [-83.319, 34.595], [-83.154, 34.893]]], "type": "Polygon"}, "properties": {"name": "Saluda"}}, {"type": "Feature", "geometry": {"coordinates": [[[-82.113, 35.1], [-81.84, 35.112], [-81.197, 35.113], [-80.03, 34.736], [-80.071, 33.897], [-80.799, 33.65], [-82.113, 35.1]]], "type": "Polygon"}, "properties": {"name": "Catawba"}}, {"type": "Feature", "geometry": {"coordinates": [[[-78.415, 35.137], [-78.157, 35.072], [-77.308, 34.569], [-78.009, 33.842], [-78.616, 33.837], [-79.405, 34.552], [-78.415, 35.137]]], "type": "Polygon"}, "properties": {"name": "Chicora"}}, {"type": "Feature", "geometry": {"coordinates": [[[-2.741, 35.103], [-2.481, 35.08], [-2.024, 35.035], [-1.681, 34.189], [-1.664, 33.302], [-2.756, 33.602], [-3.212, 34.645], [-2.741, 35.103]]], "type": "Polygon"}, "properties": {"name": "Oujda"}}, {"type": "Feature", "geometry": {"coordinates": [[[42.542, 34.576], [43.214, 35.127], [44.989, 33.974], [43.931, 33.022], [43.581, 33.237], [42.542, 34.576]]], "type": "Polygon"}, "properties": {"name": "Tikrit"}}, {"type": "Feature", "geometry": {"coordinates": [[[47.384, 34.868], [49.337, 35.123], [49.85, 34.598], [49.714, 34.334], [50.018, 33.098], [48.043, 33.258], [48.191, 33.69], [47.384, 34.868]]], "type": "Polygon"}, "properties": {"name": "Hamadan"}}, {"type": "Feature", "geometry": {"coordinates": [[[132.709, 34.994], [133.406, 35.143], [133.65, 34.526], [132.143, 34.286], [132.709, 34.994]]], "type": "Polygon"}, "properties": {"name": "Aki"}}, {"type": "Feature", "geometry": {"coordinates": [[[-112.139, 34.559], [-111.87, 35.067], [-109.132, 33.925], [-108.862, 33.668], [-109.126, 32.016], [-111.249, 33.433], [-112.139, 34.559]]], "type": "Polygon"}, "properties": {"name": "Apache"}}, {"type": "Feature", "geometry": {"coordinates": [[[-105.505, 34.993], [-104.998, 34.977], [-103.407, 34.647], [-102.946, 33.969], [-103.062, 32.645], [-104.023, 31.929], [-105.196, 31.946], [-105.412, 32.994], [-105.443, 34.287], [-105.505, 34.993]]], "type": "Polygon"}, "properties": {"name": "Mescalero"}}, {"type": "Feature", "geometry": {"coordinates": [[[-95.126, 33.858], [-94.637, 35.007], [-93.117, 34.732], [-92.293, 34.03], [-92.306, 32.874], [-93.075, 32.866], [-93.934, 32.944], [-94.09, 33.449], [-95.126, 33.858]]], "type": "Polygon"}, "properties": {"name": "Caddo"}}, {"type": "Feature", "geometry": {"coordinates": [[[46.094, 34.998], [47.384, 34.868], [48.191, 33.69], [48.043, 33.258], [47.823, 33.024], [46.965, 33.195], [46.265, 32.817], [46.179, 32.754], [45.29, 33.818], [46.094, 34.998]]], "type": "Polygon"}, "properties": {"name": "Kirmanshah"}}, {"type": "Feature", "geometry": {"coordinates": [[[91.932, 34.558], [93.624, 35.026], [97.142, 34.742], [97.717, 34.877], [98.46, 34.329], [97.687, 33.849], [96.442, 32.48], [95.738, 32.043], [94.49, 32.049], [92.437, 32.325], [91.401, 32.892], [90.018, 33.967], [90.631, 34.452], [91.932, 34.558]]], "type": "Polygon"}, "properties": {"name": "Dangla"}}, {"type": "Feature", "geometry": {"coordinates": [[[111.64, 34.973], [112.592, 34.729], [112.816, 34.744], [113.116, 33.558], [111.995, 33.627], [110.719, 33.68], [110.118, 34.484], [111.64, 34.973]]], "type": "Polygon"}, "properties": {"name": "Luoyang"}}, {"type": "Feature", "geometry": {"coordinates": [[[112.816, 34.744], [114.091, 34.966], [114.778, 34.734], [115.129, 34.619], [114.03, 34.023], [113.941, 33.49], [113.835, 33.501], [113.116, 33.558], [112.816, 34.744]]], "type": "Polygon"}, "properties": {"name": "Kaifeng"}}, {"type": "Feature", "geometry": {"coordinates": [[[115.825, 34.364], [116.497, 34.996], [117.513, 34.57], [118.168, 34.583], [118.521, 33.794], [118.326, 33.599], [116.586, 34.097], [115.825, 34.364]]], "type": "Polygon"}, "properties": {"name": "Xuzhou"}}, {"type": "Feature", "geometry": {"coordinates": [[[118.689, 34.826], [119.232, 35.018], [119.096, 34.739], [120.239, 34.003], [120.474, 33.236], [119.192, 33.348], [118.691, 33.147], [118.563, 33.225], [118.521, 33.794], [118.168, 34.583], [118.689, 34.826]]], "type": "Polygon"}, "properties": {"name": "Huai'an"}}, {"type": "Feature", "geometry": {"coordinates": [[[-90.286, 34.899], [-89.829, 34.891], [-89.533, 33.501], [-90.107, 32.627], [-91.046, 32.921], [-90.454, 34.68], [-90.286, 34.899]]], "type": "Polygon"}, "properties": {"name": "Yazoo"}}, {"type": "Feature", "geometry": {"coordinates": [[[-89.829, 34.891], [-88.079, 34.887], [-88.187, 33.774], [-88.295, 33.079], [-89.533, 33.501], [-89.829, 34.891]]], "type": "Polygon"}, "properties": {"name": "Chickasaw"}}, {"type": "Feature", "geometry": {"coordinates": [[[9.273, 34.42], [9.929, 34.887], [10.683, 34.671], [10.041, 34.065], [10.415, 33.656], [9.799, 33.043], [9.037, 33.79], [9.265, 34.17], [9.273, 34.42]]], "type": "Polygon"}, "properties": {"name": "Sfax"}}, {"type": "Feature", "geometry": {"coordinates": [[[49.85, 34.598], [50.929, 34.841], [53.039, 34.458], [53.148, 33.548], [52.141, 33.239], [51.148, 33.609], [50.377, 33.167], [50.018, 33.098], [49.714, 34.334], [49.85, 34.598]]], "type": "Polygon"}, "properties": {"name": "Markazi"}}, {"type": "Feature", "geometry": {"coordinates": [[[72.409, 34.689], [74.003, 34.756], [73.816, 34.202], [73.993, 32.882], [73.063, 32.489], [72.549, 33.561], [72.148, 33.754], [72.409, 34.689]]], "type": "Polygon"}, "properties": {"name": "Margalla"}}, {"type": "Feature", "geometry": {"coordinates": [[[-80.03, 34.736], [-79.405, 34.552], [-78.616, 33.837], [-79.237, 33.338], [-80.071, 33.897], [-80.03, 34.736]]], "type": "Polygon"}, "properties": {"name": "Waccamaw"}}, {"type": "Feature", "geometry": {"coordinates": [[[-6.29, 34.78], [-5.36, 34.645], [-5.054, 34.298], [-5.092, 34.043], [-6.427, 33.403], [-7.146, 33.751], [-6.29, 34.78]]], "type": "Polygon"}, "properties": {"name": "Gharb"}}, {"type": "Feature", "geometry": {"coordinates": [[[37.432, 33.918], [38.736, 34.816], [39.874, 33.736], [38.695, 33.165], [37.63, 32.615], [37.432, 33.918]]], "type": "Polygon"}, "properties": {"name": "Tadmor"}}, {"type": "Feature", "geometry": {"coordinates": [[[41.154, 34.739], [42.542, 34.576], [43.581, 33.237], [43.399, 32.753], [42.259, 33.344], [40.492, 33.974], [40.87, 34.236], [41.154, 34.739]]], "type": "Polygon"}, "properties": {"name": "As Sahiliyah"}}, {"type": "Feature", "geometry": {"coordinates": [[[74.003, 34.756], [75.695, 34.448], [76.761, 32.981], [75.491, 32.309], [75.215, 32.269], [73.993, 32.882], [73.816, 34.202], [74.003, 34.756]]], "type": "Polygon"}, "properties": {"name": "Jammu"}}, {"type": "Feature", "geometry": {"coordinates": [[[-113.085, 34.518], [-112.139, 34.559], [-111.249, 33.433], [-112.282, 33.36], [-112.26, 32.843], [-114.046, 32.295], [-114.719, 32.5], [-114.619, 32.634], [-114.424, 32.854], [-114.648, 33.212], [-114.163, 34.242], [-113.085, 34.518]]], "type": "Polygon"}, "properties": {"name": "Yavapai"}}, {"type": "Feature", "geometry": {"coordinates": [[[-107.066, 32.768], [-106.649, 34.657], [-105.443, 34.287], [-105.412, 32.994], [-105.196, 31.946], [-106.515, 31.922], [-107.066, 32.768]]], "type": "Polygon"}, "properties": {"name": "Piro"}}, {"type": "Feature", "geometry": {"coordinates": [[[-92.293, 34.03], [-90.454, 34.68], [-91.046, 32.921], [-91.05, 32.797], [-93.075, 32.866], [-92.306, 32.874], [-92.293, 34.03]]], "type": "Polygon"}, "properties": {"name": "Arkansas"}}, {"type": "Feature", "geometry": {"coordinates": [[[2.587, 34.272], [4.62, 34.556], [5.197, 34.398], [5.152, 33.601], [4.712, 32.893], [1.789, 32.15], [1.483, 32.276], [1.874, 34.031], [2.587, 34.272]]], "type": "Polygon"}, "properties": {"name": "Aures"}}, {"type": "Feature", "geometry": {"coordinates": [[[8.041, 34.533], [8.304, 34.743], [9.273, 34.42], [9.265, 34.17], [9.037, 33.79], [9.799, 33.043], [10.372, 31.764], [10.36, 31.724], [10.039, 30.523], [9.468, 30.198], [9.03, 31.93], [7.595, 33.586], [7.44, 34.011], [8.651, 33.715], [8.63, 34.243], [7.965, 34.47], [8.041, 34.533]]], "type": "Polygon"}, "properties": {"name": "Gafsa"}}, {"type": "Feature", "geometry": {"coordinates": [[[86.612, 34.627], [87.292, 34.307], [88.566, 34.523], [90.018, 33.967], [91.401, 32.892], [90.749, 31.266], [88.562, 30.394], [86.579, 30.065], [84.564, 30.924], [83.115, 31.389], [82.234, 32.006], [80.912, 33.636], [79.358, 33.842], [81.138, 33.635], [83.895, 33.894], [84.887, 34.117], [86.266, 34.05], [86.612, 34.627]]], "type": "Polygon"}, "properties": {"name": "U-Tsang"}}, {"type": "Feature", "geometry": {"coordinates": [[[115.129, 34.619], [115.825, 34.364], [116.586, 34.097], [116.326, 34.032], [114.801, 33.078], [113.941, 33.49], [114.03, 34.023], [115.129, 34.619]]], "type": "Polygon"}, "properties": {"name": "Shangqiu"}}, {"type": "Feature", "geometry": {"coordinates": [[[135.878, 34.635], [136.223, 34.532], [136.305, 34.176], [135.78, 33.36], [135.1, 34.101], [135.219, 34.159], [135.878, 34.635]]], "type": "Polygon"}, "properties": {"name": "Yamato"}}, {"type": "Feature", "geometry": {"coordinates": [[[-83.319, 34.595], [-81.763, 33.148], [-82.379, 32.849], [-83.833, 33.443], [-83.729, 33.953], [-83.319, 34.595]]], "type": "Polygon"}, "properties": {"name": "Coweta"}}, {"type": "Feature", "geometry": {"coordinates": [[[-0.206, 34.539], [0.222, 34.075], [1.874, 34.031], [1.483, 32.276], [-0.43, 32.091], [-1.05, 32.513], [-1.664, 33.302], [-1.681, 34.189], [-0.138, 34.288], [-0.206, 34.539]]], "type": "Polygon"}, "properties": {"name": "Kasdir"}}, {"type": "Feature", "geometry": {"coordinates": [[[66.795, 34.512], [68.003, 34.066], [67.776, 33.034], [66.242, 32.195], [65.954, 31.976], [64.713, 31.924], [63.9, 32.314], [63.878, 32.319], [63.75, 32.628], [64.179, 32.343], [65.225, 33.691], [66.795, 34.512]]], "type": "Polygon"}, "properties": {"name": "Bamyan"}}, {"type": "Feature", "geometry": {"coordinates": [[[-99.942, 34.462], [-99.33, 34.291], [-97.039, 33.778], [-96.914, 33.256], [-97.382, 32.341], [-97.796, 31.736], [-100.684, 33.487], [-99.942, 34.462]]], "type": "Polygon"}, "properties": {"name": "Waco"}}, {"type": "Feature", "geometry": {"coordinates": [[[35.92, 34.319], [36.286, 34.426], [36.495, 33.963], [36.061, 33.539], [35.558, 33.696], [35.92, 34.319]]], "type": "Polygon"}, "properties": {"name": "Beirut"}}, {"type": "Feature", "geometry": {"coordinates": [[[98.46, 34.329], [98.782, 34.397], [98.895, 33.707], [100.646, 33.73], [100.865, 32.183], [100.434, 31.838], [99.317, 31.585], [97.687, 33.849], [98.46, 34.329]]], "type": "Polygon"}, "properties": {"name": "Dege"}}, {"type": "Feature", "geometry": {"coordinates": [[[133.542, 33.913], [134.359, 34.238], [134.71, 33.736], [134.353, 33.567], [133.542, 33.913]]], "type": "Polygon"}, "properties": {"name": "Awa"}}, {"type": "Feature", "geometry": {"coordinates": [[[-86.482, 33.549], [-85.425, 34.233], [-85.392, 34.069], [-85.099, 32.652], [-85.066, 31.138], [-85.009, 31.013], [-85.885, 30.99], [-85.937, 30.99], [-86.044, 31.776], [-86.027, 32.892], [-86.485, 33.433], [-86.482, 33.549]]], "type": "Polygon"}, "properties": {"name": "Tuskegee"}}, {"type": "Feature", "geometry": {"coordinates": [[[-85.392, 34.069], [-83.723, 34.129], [-83.729, 33.953], [-83.833, 33.443], [-83.912, 32.445], [-85.066, 31.138], [-85.099, 32.652], [-85.392, 34.069]]], "type": "Polygon"}, "properties": {"name": "Yamasee"}}, {"type": "Feature", "geometry": {"coordinates": [[[55.708, 34.139], [56.207, 34.155], [56.94, 33.701], [56.842, 32.864], [54.905, 32.56], [53.327, 32.556], [53.388, 33.585], [55.708, 34.139]]], "type": "Polygon"}, "properties": {"name": "Ardakan"}}, {"type": "Feature", "geometry": {"coordinates": [[[78.795, 34.209], [79.358, 33.842], [80.912, 33.636], [82.234, 32.006], [81.815, 31.408], [79.756, 31.902], [79.303, 32.395], [78.707, 33.495], [78.795, 34.209]]], "type": "Polygon"}, "properties": {"name": "Guge"}}, {"type": "Feature", "geometry": {"coordinates": [[[56.951, 33.769], [58.363, 34.077], [60.485, 33.802], [60.569, 32.995], [60.616, 32.553], [60.613, 31.556], [59.058, 31.879], [57.854, 31.206], [57.323, 31.899], [56.632, 31.989], [56.842, 32.864], [56.94, 33.701], [56.951, 33.769]]], "type": "Polygon"}, "properties": {"name": "Birjand"}}, {"type": "Feature", "geometry": {"coordinates": [[[68.003, 34.066], [69.583, 33.832], [70.089, 33.821], [70.003, 33.179], [69.351, 32.651], [69.209, 31.961], [68.895, 31.605], [67.567, 31.455], [66.565, 31.827], [66.242, 32.195], [67.776, 33.034], [68.003, 34.066]]], "type": "Polygon"}, "properties": {"name": "Gazni"}}, {"type": "Feature", "geometry": {"coordinates": [[[106.117, 33.819], [107.547, 33.927], [109.709, 33.213], [109.943, 32.656], [109.356, 31.996], [109.027, 32.266], [107.468, 32.134], [105.839, 32.703], [105.814, 33.682], [106.117, 33.819]]], "type": "Polygon"}, "properties": {"name": "Fengyuan"}}, {"type": "Feature", "geometry": {"coordinates": [[[116.326, 34.032], [116.586, 34.097], [118.326, 33.599], [118.041, 33.138], [118.563, 33.225], [118.691, 33.147], [119.206, 32.646], [117.338, 32.294], [116.328, 32.276], [116.34, 32.892], [116.829, 33.076], [116.326, 34.032]]], "type": "Polygon"}, "properties": {"name": "Fengyang"}}, {"type": "Feature", "geometry": {"coordinates": [[[-117.145, 33.876], [-114.648, 33.212], [-114.424, 32.854], [-114.619, 32.634], [-117.03, 32.484], [-117.589, 33.52], [-117.145, 33.876]]], "type": "Polygon"}, "properties": {"name": "Kumeyaay"}}, {"type": "Feature", "geometry": {"coordinates": [[[-108.862, 33.668], [-108.281, 33.956], [-107.196, 33.086], [-107.066, 32.768], [-106.515, 31.922], [-106.446, 31.839], [-108.073, 31.755], [-108.227, 31.36], [-108.878, 31.342], [-109.126, 32.016], [-108.862, 33.668]]], "type": "Polygon"}, "properties": {"name": "Chiricahua"}}, {"type": "Feature", "geometry": {"coordinates": [[[-102.946, 33.969], [-101.966, 33.008], [-100.741, 30.911], [-100.667, 30.634], [-102.722, 30.443], [-104.023, 31.929], [-103.062, 32.645], [-102.946, 33.969]]], "type": "Polygon"}, "properties": {"name": "Lipiyanes"}}, {"type": "Feature", "geometry": {"coordinates": [[[-88.187, 33.774], [-87.556, 33.898], [-86.482, 33.549], [-86.485, 33.433], [-86.5, 32.945], [-87.281, 32.643], [-87.731, 31.644], [-88.434, 31.61], [-88.295, 33.079], [-88.187, 33.774]]], "type": "Polygon"}, "properties": {"name": "Tohome"}}, {"type": "Feature", "geometry": {"coordinates": [[[-6.427, 33.403], [-5.092, 34.043], [-3.841, 33.153], [-4.17, 32.849], [-4.688, 32.797], [-6.435, 33.086], [-6.427, 33.403]]], "type": "Polygon"}, "properties": {"name": "Meknes"}}, {"type": "Feature", "geometry": {"coordinates": [[[36.495, 33.963], [37.432, 33.918], [37.63, 32.615], [36.768, 32.264], [35.577, 32.532], [35.658, 33.108], [36.061, 33.539], [36.495, 33.963]]], "type": "Polygon"}, "properties": {"name": "Damascus"}}, {"type": "Feature", "geometry": {"coordinates": [[[39.874, 33.736], [40.492, 33.974], [42.259, 33.344], [43.399, 32.753], [42.976, 30.337], [39.093, 31.985], [38.695, 33.165], [39.874, 33.736]]], "type": "Polygon"}, "properties": {"name": "Badiyat Ash Sham"}}, {"type": "Feature", "geometry": {"coordinates": [[[44.989, 33.974], [45.29, 33.818], [46.179, 32.754], [45.496, 32.063], [44.796, 32.27], [43.931, 33.022], [44.989, 33.974]]], "type": "Polygon"}, "properties": {"name": "Iraq-i-Arab"}}, {"type": "Feature", "geometry": {"coordinates": [[[114.801, 33.078], [116.326, 34.032], [116.829, 33.076], [116.34, 32.892], [116.328, 32.276], [115.674, 32.062], [115.711, 32.539], [114.801, 33.078]]], "type": "Polygon"}, "properties": {"name": "Fuyang"}}, {"type": "Feature", "geometry": {"coordinates": [[[132.367, 33.327], [132.847, 33.934], [133.542, 33.913], [134.353, 33.567], [134.106, 33.307], [133.69, 33.554], [132.698, 32.647], [132.367, 33.327]]], "type": "Polygon"}, "properties": {"name": "Tosa"}}, {"type": "Feature", "geometry": {"coordinates": [[[-97.039, 33.778], [-95.126, 33.858], [-94.09, 33.449], [-93.934, 32.944], [-93.902, 31.893], [-94.709, 32.118], [-95.882, 32.711], [-97.382, 32.341], [-96.914, 33.256], [-97.039, 33.778]]], "type": "Polygon"}, "properties": {"name": "Hasinai"}}, {"type": "Feature", "geometry": {"coordinates": [[[-80.799, 33.65], [-80.071, 33.897], [-79.237, 33.338], [-79.314, 33.068], [-79.852, 32.822], [-81.067, 33.261], [-81.008, 33.574], [-80.799, 33.65]]], "type": "Polygon"}, "properties": {"name": "Santee"}}, {"type": "Feature", "geometry": {"coordinates": [[[96.442, 32.48], [97.687, 33.849], [99.317, 31.585], [99.188, 31.374], [97.302, 30.065], [96.332, 30.475], [96.442, 32.48]]], "type": "Polygon"}, "properties": {"name": "Qamdo"}}, {"type": "Feature", "geometry": {"coordinates": [[[102.378, 33.833], [103.683, 33.627], [104.655, 32.528], [104.495, 31.794], [102.546, 31.533], [102.179, 33.202], [102.378, 33.833]]], "type": "Polygon"}, "properties": {"name": "Songqu"}}, {"type": "Feature", "geometry": {"coordinates": [[[129.459, 33.219], [130.65, 33.898], [131.281, 33.452], [130.953, 33.31], [130.852, 33.018], [130.489, 33.002], [130.172, 32.989], [130.3, 32.532], [129.459, 33.219]]], "type": "Polygon"}, "properties": {"name": "Chikuzen"}}, {"type": "Feature", "geometry": {"coordinates": [[[-8.313, 33.307], [-7.146, 33.751], [-6.427, 33.403], [-6.435, 33.086], [-7.2, 33.076], [-7.707, 32.582], [-8.313, 33.307]]], "type": "Polygon"}, "properties": {"name": "Toubkhal"}}, {"type": "Feature", "geometry": {"coordinates": [[[35.067, 32.885], [35.558, 33.696], [36.061, 33.539], [35.658, 33.108], [35.577, 32.532], [35.513, 32.553], [35.512, 33.003], [35.067, 32.885]]], "type": "Polygon"}, "properties": {"name": "Sidon"}}, {"type": "Feature", "geometry": {"coordinates": [[[71.229, 32.853], [72.148, 33.754], [72.549, 33.561], [73.063, 32.489], [72.174, 31.795], [72.008, 31.355], [70.778, 30.988], [70.697, 31.456], [71.229, 32.853]]], "type": "Polygon"}, "properties": {"name": "Sind Sagar"}}, {"type": "Feature", "geometry": {"coordinates": [[[100.646, 33.73], [102.179, 33.202], [102.546, 31.533], [102.733, 30.504], [101.115, 30.374], [100.434, 31.838], [100.865, 32.183], [100.646, 33.73]]], "type": "Polygon"}, "properties": {"name": "Kham"}}, {"type": "Feature", "geometry": {"coordinates": [[[110.719, 33.68], [111.995, 33.627], [110.766, 33.633], [111.717, 32.547], [112.975, 32.426], [112.564, 31.73], [113.195, 31.327], [113.22, 31.078], [111.226, 31.392], [110.019, 31.305], [109.521, 31.585], [109.356, 31.996], [109.943, 32.656], [109.709, 33.213], [110.71, 33.257], [110.719, 33.68]]], "type": "Polygon"}, "properties": {"name": "Xiangxang"}}, {"type": "Feature", "geometry": {"coordinates": [[[-3.841, 33.153], [-2.756, 33.602], [-1.664, 33.302], [-1.05, 32.513], [-1.329, 32.11], [-2.791, 32.135], [-4.17, 32.849], [-3.841, 33.153]]], "type": "Polygon"}, "properties": {"name": "Atlas"}}, {"type": "Feature", "geometry": {"coordinates": [[[5.152, 33.601], [7.544, 33.362], [7.595, 33.586], [9.03, 31.93], [8.119, 31.724], [7.004, 32.007], [5.583, 32.016], [4.712, 32.893], [5.152, 33.601]]], "type": "Polygon"}, "properties": {"name": "Touggourt"}}, {"type": "Feature", "geometry": {"coordinates": [[[10.415, 33.656], [11.558, 33.154], [11.396, 32.495], [10.372, 31.764], [9.799, 33.043], [10.415, 33.656]]], "type": "Polygon"}, "properties": {"name": "Gabes"}}, {"type": "Feature", "geometry": {"coordinates": [[[50.377, 33.167], [51.148, 33.609], [52.141, 33.239], [53.148, 33.548], [53.388, 33.585], [53.327, 32.556], [53.167, 31.644], [52.476, 31.32], [52.014, 32.165], [50.654, 32.418], [50.828, 32.831], [50.377, 33.167]]], "type": "Polygon"}, "properties": {"name": "Fars"}}, {"type": "Feature", "geometry": {"coordinates": [[[110.766, 33.633], [111.995, 33.627], [113.116, 33.558], [113.835, 33.501], [113.391, 33.483], [113.47, 32.532], [112.975, 32.426], [111.717, 32.547], [110.766, 33.633]]], "type": "Polygon"}, "properties": {"name": "Nanyang"}}, {"type": "Feature", "geometry": {"coordinates": [[[131.281, 33.452], [131.555, 33.57], [131.776, 32.627], [131.594, 32.588], [130.918, 32.063], [130.489, 32.136], [130.489, 33.002], [130.852, 33.018], [130.953, 33.31], [131.281, 33.452]]], "type": "Polygon"}, "properties": {"name": "Bungo"}}, {"type": "Feature", "geometry": {"coordinates": [[[-112.282, 33.36], [-111.249, 33.433], [-109.126, 32.016], [-108.878, 31.342], [-109.919, 31.323], [-114.046, 32.295], [-112.26, 32.843], [-112.282, 33.36]]], "type": "Polygon"}, "properties": {"name": "Pima"}}, {"type": "Feature", "geometry": {"coordinates": [[[-101.966, 33.008], [-100.684, 33.487], [-97.796, 31.736], [-100.741, 30.911], [-101.966, 33.008]]], "type": "Polygon"}, "properties": {"name": "Querecho"}}, {"type": "Feature", "geometry": {"coordinates": [[[-89.533, 33.501], [-88.295, 33.079], [-88.434, 31.61], [-89.43, 31.386], [-90.107, 32.627], [-89.533, 33.501]]], "type": "Polygon"}, "properties": {"name": "Choctaw"}}, {"type": "Feature", "geometry": {"coordinates": [[[-83.912, 32.445], [-83.833, 33.443], [-82.379, 32.849], [-82.117, 31.74], [-82.502, 31.241], [-83.146, 31.964], [-83.912, 32.445]]], "type": "Polygon"}, "properties": {"name": "Yamasee"}}, {"type": "Feature", "geometry": {"coordinates": [[[113.391, 33.483], [113.835, 33.501], [113.941, 33.49], [114.801, 33.078], [115.711, 32.539], [115.674, 32.062], [115.192, 31.539], [113.47, 32.532], [113.391, 33.483]]], "type": "Polygon"}, "properties": {"name": "Running"}}, {"type": "Feature", "geometry": {"coordinates": [[[119.192, 33.348], [120.474, 33.236], [121.793, 31.702], [120.345, 31.997], [119.388, 32.337], [119.206, 32.646], [118.691, 33.147], [119.192, 33.348]]], "type": "Polygon"}, "properties": {"name": "Yangzhou"}}, {"type": "Feature", "geometry": {"coordinates": [[[-86.485, 33.433], [-86.027, 32.892], [-86.044, 31.776], [-85.937, 30.99], [-86.915, 30.988], [-87.731, 31.644], [-87.281, 32.643], [-86.5, 32.945], [-86.485, 33.433]]], "type": "Polygon"}, "properties": {"name": "Alabama"}}, {"type": "Feature", "geometry": {"coordinates": [[[48.043, 33.258], [50.018, 33.098], [50.377, 33.167], [50.828, 32.831], [50.654, 32.418], [49.6, 31.777], [48.613, 31.786], [47.823, 33.024], [48.043, 33.258]]], "type": "Polygon"}, "properties": {"name": "Luristan"}}, {"type": "Feature", "geometry": {"coordinates": [[[-81.568, 32.938], [-81.067, 33.261], [-79.852, 32.822], [-80.672, 32.502], [-80.855, 31.961], [-81.568, 32.938]]], "type": "Polygon"}, "properties": {"name": "Cusabo"}}, {"type": "Feature", "geometry": {"coordinates": [[[-9.461, 31.923], [-8.313, 33.307], [-7.707, 32.582], [-7.684, 32.553], [-8.638, 31.719], [-9.461, 31.923]]], "type": "Polygon"}, "properties": {"name": "Safi"}}, {"type": "Feature", "geometry": {"coordinates": [[[43.581, 33.237], [43.931, 33.022], [44.796, 32.27], [45.496, 32.063], [45.298, 31.81], [44.726, 31.202], [44.024, 29.674], [43.309, 30.108], [42.976, 30.337], [43.399, 32.753], [43.581, 33.237]]], "type": "Polygon"}, "properties": {"name": "Karbala"}}, {"type": "Feature", "geometry": {"coordinates": [[[46.965, 33.195], [47.823, 33.024], [48.613, 31.786], [47.788, 30.879], [47.64, 31.374], [47.482, 32.039], [46.265, 32.817], [46.965, 33.195]]], "type": "Polygon"}, "properties": {"name": "Ilam"}}, {"type": "Feature", "geometry": {"coordinates": [[[60.569, 32.995], [63.249, 33.202], [63.586, 33.166], [63.75, 32.628], [63.878, 32.319], [63.9, 32.314], [63.874, 32.318], [63.922, 31.426], [63.114, 30.934], [62.67, 32.003], [60.66, 32.281], [60.616, 32.553], [60.569, 32.995]]], "type": "Polygon"}, "properties": {"name": "Ferah"}}, {"type": "Feature", "geometry": {"coordinates": [[[-82.379, 32.849], [-81.763, 33.148], [-81.568, 32.938], [-80.855, 31.961], [-81.197, 31.51], [-82.117, 31.74], [-82.379, 32.849]]], "type": "Polygon"}, "properties": {"name": "Muskogee"}}, {"type": "Feature", "geometry": {"coordinates": [[[-7.2, 33.076], [-6.435, 33.086], [-4.688, 32.797], [-5.762, 31.694], [-6.53, 31.658], [-7.684, 32.553], [-7.707, 32.582], [-7.2, 33.076]]], "type": "Polygon"}, "properties": {"name": "Tadla"}}, {"type": "Feature", "geometry": {"coordinates": [[[11.558, 33.154], [12.722, 32.781], [12.629, 30.681], [12.23, 30.795], [10.36, 31.724], [10.372, 31.764], [11.396, 32.495], [11.558, 33.154]]], "type": "Polygon"}, "properties": {"name": "Zuwarah"}}, {"type": "Feature", "geometry": {"coordinates": [[[37.63, 32.615], [38.695, 33.165], [39.093, 31.985], [36.974, 31.409], [36.327, 31.291], [35.595, 31.368], [35.475, 31.674], [35.503, 32.337], [35.513, 32.553], [35.577, 32.532], [36.768, 32.264], [37.63, 32.615]]], "type": "Polygon"}, "properties": {"name": "Hawran"}}, {"type": "Feature", "geometry": {"coordinates": [[[76.761, 32.981], [78.27, 32.432], [78.456, 31.692], [77.48, 31.34], [75.491, 32.309], [76.761, 32.981]]], "type": "Polygon"}, "properties": {"name": "Kangra"}}, {"type": "Feature", "geometry": {"coordinates": [[[-93.934, 32.944], [-93.075, 32.866], [-91.05, 32.797], [-91.688, 30.968], [-91.715, 30.849], [-92.22, 30.743], [-93.481, 31.135], [-93.902, 31.893], [-93.934, 32.944]]], "type": "Polygon"}, "properties": {"name": "Natchitoches"}}, {"type": "Feature", "geometry": {"coordinates": [[[-91.05, 32.797], [-91.046, 32.921], [-90.107, 32.627], [-89.43, 31.386], [-89.833, 31.005], [-91.688, 30.968], [-91.05, 32.797]]], "type": "Polygon"}, "properties": {"name": "Natchez"}}, {"type": "Feature", "geometry": {"coordinates": [[[-4.688, 32.797], [-4.17, 32.849], [-2.791, 32.135], [-3.786, 31.585], [-3.719, 30.984], [-5.014, 30.424], [-5.762, 31.694], [-4.688, 32.797]]], "type": "Polygon"}, "properties": {"name": "Figuig"}}, {"type": "Feature", "geometry": {"coordinates": [[[1.789, 32.15], [4.712, 32.893], [5.583, 32.016], [4.627, 30.277], [4.56, 30.004], [2.282, 30.693], [1.789, 32.15]]], "type": "Polygon"}, "properties": {"name": "Mzab"}}, {"type": "Feature", "geometry": {"coordinates": [[[12.722, 32.781], [14.427, 32.558], [14.876, 30.432], [12.629, 30.681], [12.722, 32.781]]], "type": "Polygon"}, "properties": {"name": "Tripolitania"}}, {"type": "Feature", "geometry": {"coordinates": [[[21.11, 32.802], [22.593, 32.812], [23.402, 32.222], [23.185, 29.867], [21.644, 30.063], [21.371, 31.204], [21.11, 32.802]]], "type": "Polygon"}, "properties": {"name": "Darnah"}}, {"type": "Feature", "geometry": {"coordinates": [[[35.067, 32.885], [35.512, 33.003], [35.513, 32.553], [35.503, 32.337], [34.956, 32.286], [34.927, 31.203], [34.253, 30.95], [34.187, 31.103], [35.067, 32.885]]], "type": "Polygon"}, "properties": {"name": "Acre"}}, {"type": "Feature", "geometry": {"coordinates": [[[54.905, 32.56], [56.842, 32.864], [56.632, 31.989], [54.13, 30.701], [53.167, 31.644], [53.327, 32.556], [54.905, 32.56]]], "type": "Polygon"}, "properties": {"name": "Dash-i-Lut"}}, {"type": "Feature", "geometry": {"coordinates": [[[73.063, 32.489], [73.993, 32.882], [75.215, 32.269], [74.419, 31.798], [73.617, 32.013], [73.008, 31.722], [72.174, 31.795], [73.063, 32.489]]], "type": "Polygon"}, "properties": {"name": "Sialkot"}}, {"type": "Feature", "geometry": {"coordinates": [[[91.401, 32.892], [92.437, 32.325], [92.374, 30.964], [92.399, 29.523], [92.621, 28.122], [91.592, 27.705], [91.36, 28.003], [89.805, 28.312], [89.19, 27.909], [88.562, 30.394], [90.749, 31.266], [91.401, 32.892]]], "type": "Polygon"}, "properties": {"name": "Lhasa"}}, {"type": "Feature", "geometry": {"coordinates": [[[20.032, 32.013], [21.11, 32.802], [21.371, 31.204], [21.644, 30.063], [19.785, 29.255], [19.264, 30.168], [20.139, 30.979], [20.032, 32.013]]], "type": "Polygon"}, "properties": {"name": "Cyrenaica"}}, {"type": "Feature", "geometry": {"coordinates": [[[46.179, 32.754], [46.265, 32.817], [47.482, 32.039], [47.64, 31.374], [46.968, 30.955], [45.298, 31.81], [45.496, 32.063], [46.179, 32.754]]], "type": "Polygon"}, "properties": {"name": "Wasit"}}, {"type": "Feature", "geometry": {"coordinates": [[[-117.03, 32.484], [-114.619, 32.634], [-114.719, 32.5], [-114.953, 31.959], [-114.719, 31.848], [-114.602, 30.588], [-115.488, 29.675], [-117.03, 32.484]]], "type": "Polygon"}, "properties": {"name": "Nakipa"}}, {"type": "Feature", "geometry": {"coordinates": [[[-97.382, 32.341], [-95.882, 32.711], [-94.709, 32.118], [-95.148, 31.537], [-96.215, 31.198], [-96.24, 30.554], [-97.887, 29.647], [-98.563, 28.459], [-98.717, 28.204], [-99.217, 28.327], [-99.88, 29.391], [-100.667, 30.634], [-100.741, 30.911], [-97.796, 31.736], [-97.382, 32.341]]], "type": "Polygon"}, "properties": {"name": "Tonkawa"}}, {"type": "Feature", "geometry": {"coordinates": [[[104.655, 32.528], [105.839, 32.703], [107.468, 32.134], [109.027, 32.266], [109.356, 31.996], [109.521, 31.585], [106.157, 30.202], [105.176, 31.59], [104.495, 31.794], [104.655, 32.528]]], "type": "Polygon"}, "properties": {"name": "Langzhong"}}, {"type": "Feature", "geometry": {"coordinates": [[[117.338, 32.294], [119.206, 32.646], [119.545, 31.442], [119.645, 31.308], [118.684, 31.356], [117.661, 32.266], [117.338, 32.294]]], "type": "Polygon"}, "properties": {"name": "Nanjing"}}, {"type": "Feature", "geometry": {"coordinates": [[[119.206, 32.646], [119.388, 32.337], [120.345, 31.997], [120.9, 31.676], [120.376, 31.298], [119.916, 31.794], [119.545, 31.442], [119.206, 32.646]]], "type": "Polygon"}, "properties": {"name": "Zhenjiang"}}, {"type": "Feature", "geometry": {"coordinates": [[[-114.953, 31.959], [-114.719, 32.5], [-114.046, 32.295], [-109.919, 31.323], [-109.899, 30.651], [-110.53, 29.982], [-112.098, 29.304], [-112.959, 30.727], [-112.975, 31.206], [-113.665, 31.545], [-114.719, 31.848], [-114.953, 31.959]]], "type": "Polygon"}, "properties": {"name": "Seri"}}, {"type": "Feature", "geometry": {"coordinates": [[[-8.638, 31.719], [-7.684, 32.553], [-6.53, 31.658], [-6.389, 31.46], [-7.407, 31.199], [-7.817, 31.106], [-8.638, 31.719]]], "type": "Polygon"}, "properties": {"name": "Marrakech"}}, {"type": "Feature", "geometry": {"coordinates": [[[-1.05, 32.513], [-0.43, 32.091], [-0.586, 31.026], [-1.315, 29.767], [-2.585, 28.941], [-5.285, 29.976], [-5.014, 30.424], [-3.719, 30.984], [-3.786, 31.585], [-2.791, 32.135], [-1.329, 32.11], [-1.05, 32.513]]], "type": "Polygon"}, "properties": {"name": "Saoura"}}, {"type": "Feature", "geometry": {"coordinates": [[[14.427, 32.558], [15.202, 32.345], [15.714, 31.436], [16.71, 31.22], [16.59, 31.197], [15.992, 30.11], [14.876, 30.432], [14.427, 32.558]]], "type": "Polygon"}, "properties": {"name": "Thubaqt"}}, {"type": "Feature", "geometry": {"coordinates": [[[60.616, 32.553], [60.66, 32.281], [60.717, 31.535], [61.756, 31.295], [60.84, 29.991], [59.687, 29.685], [58.098, 29.816], [56.657, 29.621], [56.527, 30.45], [57.854, 31.206], [59.058, 31.879], [60.613, 31.556], [60.616, 32.553]]], "type": "Polygon"}, "properties": {"name": "Kerman"}}, {"type": "Feature", "geometry": {"coordinates": [[[112.975, 32.426], [113.47, 32.532], [115.192, 31.539], [114.977, 31.052], [115.996, 29.948], [114.205, 29.489], [113.722, 30.225], [113.22, 31.078], [113.195, 31.327], [112.564, 31.73], [112.975, 32.426]]], "type": "Polygon"}, "properties": {"name": "Hanyang"}}, {"type": "Feature", "geometry": {"coordinates": [[[130.918, 32.063], [131.594, 32.588], [131.262, 31.479], [130.771, 31.091], [130.781, 31.755], [130.349, 31.319], [130.32, 32.165], [130.489, 32.136], [130.918, 32.063]]], "type": "Polygon"}, "properties": {"name": "Satsuma"}}, {"type": "Feature", "geometry": {"coordinates": [[[-83.912, 32.445], [-83.146, 31.964], [-82.502, 31.241], [-82.629, 30.593], [-82.821, 30.602], [-84.429, 30.669], [-84.863, 30.744], [-85.009, 31.013], [-85.066, 31.138], [-83.912, 32.445]]], "type": "Polygon"}, "properties": {"name": "Hitchiti"}}, {"type": "Feature", "geometry": {"coordinates": [[[49.6, 31.777], [50.654, 32.418], [52.014, 32.165], [52.476, 31.32], [51.608, 30.099], [51.262, 30.602], [50.747, 30.607], [50.338, 30.589], [50.105, 31.67], [49.6, 31.777]]], "type": "Polygon"}, "properties": {"name": "Yasuj"}}, {"type": "Feature", "geometry": {"coordinates": [[[78.27, 32.432], [79.303, 32.395], [79.756, 31.902], [81.815, 31.408], [83.642, 29.314], [82.934, 29.634], [81.753, 30.329], [81.015, 30.121], [80.728, 30.265], [79.925, 30.761], [78.456, 31.692], [78.27, 32.432]]], "type": "Polygon"}, "properties": {"name": "Himalaya"}}, {"type": "Feature", "geometry": {"coordinates": [[[95.738, 32.043], [96.442, 32.48], [96.332, 30.475], [96.207, 29.4], [94.489, 29.284], [92.621, 28.122], [92.399, 29.523], [92.374, 30.964], [92.437, 32.325], [94.49, 32.049], [95.738, 32.043]]], "type": "Polygon"}, "properties": {"name": "Nyingchi"}}, {"type": "Feature", "geometry": {"coordinates": [[[-0.43, 32.091], [1.483, 32.276], [1.789, 32.15], [2.282, 30.693], [4.56, 30.004], [3.764, 26.946], [0.374, 26.521], [0.037, 27.99], [-1.315, 29.767], [-0.586, 31.026], [-0.43, 32.091]]], "type": "Polygon"}, "properties": {"name": "Tademait"}}, {"type": "Feature", "geometry": {"coordinates": [[[34.956, 32.286], [35.503, 32.337], [35.475, 31.674], [35.22, 31.296], [34.927, 31.203], [34.956, 32.286]]], "type": "Polygon"}, "properties": {"name": "Judea"}}, {"type": "Feature", "geometry": {"coordinates": [[[60.66, 32.281], [62.67, 32.003], [63.114, 30.934], [62.874, 29.785], [62.584, 29.449], [60.96, 29.763], [60.84, 29.991], [61.756, 31.295], [60.717, 31.535], [60.66, 32.281]]], "type": "Polygon"}, "properties": {"name": "Sistan"}}, {"type": "Feature", "geometry": {"coordinates": [[[63.9, 32.314], [64.713, 31.924], [65.055, 30.662], [64.514, 29.623], [62.915, 29.526], [62.874, 29.785], [63.114, 30.934], [63.922, 31.426], [63.874, 32.318], [63.9, 32.314]]], "type": "Polygon"}, "properties": {"name": "Bust"}}, {"type": "Feature", "geometry": {"coordinates": [[[75.215, 32.269], [75.491, 32.309], [77.48, 31.34], [77.202, 31.245], [75.886, 30.92], [74.457, 31.105], [74.419, 31.798], [75.215, 32.269]]], "type": "Polygon"}, "properties": {"name": "Doaba"}}, {"type": "Feature", "geometry": {"coordinates": [[[115.674, 32.062], [116.328, 32.276], [117.338, 32.294], [117.661, 32.266], [118.684, 31.356], [118.158, 30.927], [114.977, 31.052], [115.192, 31.539], [115.674, 32.062]]], "type": "Polygon"}, "properties": {"name": "Hefei"}}, {"type": "Feature", "geometry": {"coordinates": [[[-94.709, 32.118], [-93.902, 31.893], [-93.481, 31.135], [-93.871, 29.894], [-94.076, 29.637], [-96.24, 30.554], [-96.215, 31.198], [-95.148, 31.537], [-94.709, 32.118]]], "type": "Polygon"}, "properties": {"name": "Eyeish"}}, {"type": "Feature", "geometry": {"coordinates": [[[23.402, 32.222], [24.915, 31.942], [25.091, 31.615], [24.765, 29.674], [23.185, 29.867], [23.402, 32.222]]], "type": "Polygon"}, "properties": {"name": "Bardiyah"}}, {"type": "Feature", "geometry": {"coordinates": [[[65.954, 31.976], [66.242, 32.195], [66.565, 31.827], [67.567, 31.455], [66.388, 30.976], [66.108, 29.866], [65.717, 29.774], [64.514, 29.623], [65.055, 30.662], [64.713, 31.924], [65.954, 31.976]]], "type": "Polygon"}, "properties": {"name": "Kandahar"}}, {"type": "Feature", "geometry": {"coordinates": [[[5.583, 32.016], [7.004, 32.007], [8.119, 31.724], [9.03, 31.93], [9.468, 30.198], [9.816, 29.215], [7.715, 29.901], [5.883, 30.118], [4.627, 30.277], [5.583, 32.016]]], "type": "Polygon"}, "properties": {"name": "Ouargla"}}, {"type": "Feature", "geometry": {"coordinates": [[[73.008, 31.722], [73.617, 32.013], [74.419, 31.798], [74.457, 31.105], [74.247, 30.881], [73.754, 30.494], [72.008, 31.355], [72.174, 31.795], [73.008, 31.722]]], "type": "Polygon"}, "properties": {"name": "Punjab"}}, {"type": "Feature", "geometry": {"coordinates": [[[-106.515, 31.922], [-105.196, 31.946], [-104.023, 31.929], [-102.722, 30.443], [-102.317, 29.885], [-103.107, 28.941], [-104.469, 29.637], [-106.446, 31.839], [-106.515, 31.922]]], "type": "Polygon"}, "properties": {"name": "Jumano"}}, {"type": "Feature", "geometry": {"coordinates": [[[-9.637, 30.331], [-9.461, 31.923], [-8.638, 31.719], [-7.817, 31.106], [-8.535, 30.798], [-9.527, 30.576], [-9.637, 30.331]]], "type": "Polygon"}, "properties": {"name": "Haha"}}, {"type": "Feature", "geometry": {"coordinates": [[[36.974, 31.409], [39.093, 31.985], [42.976, 30.337], [43.309, 30.108], [41.624, 29.454], [41.076, 28.558], [39.493, 27.894], [38.41, 29.144], [37.857, 30.352], [36.974, 31.409]]], "type": "Polygon"}, "properties": {"name": "Dumat"}}, {"type": "Feature", "geometry": {"coordinates": [[[54.13, 30.701], [56.632, 31.989], [57.323, 31.899], [57.854, 31.206], [56.527, 30.45], [56.657, 29.621], [55.753, 29.508], [54.042, 30.404], [54.13, 30.701]]], "type": "Polygon"}, "properties": {"name": "Rafsanjan"}}, {"type": "Feature", "geometry": {"coordinates": [[[68.895, 31.605], [69.209, 31.961], [70.697, 31.456], [70.778, 30.988], [71.014, 29.328], [69.872, 28.534], [69.436, 28.815], [69.573, 29.819], [68.956, 30.452], [68.895, 31.605]]], "type": "Polygon"}, "properties": {"name": "Derajat"}}, {"type": "Feature", "geometry": {"coordinates": [[[81.815, 31.408], [82.234, 32.006], [83.115, 31.389], [84.564, 30.924], [86.579, 30.065], [88.562, 30.394], [89.19, 27.909], [88.757, 27.386], [88.623, 28.128], [87.945, 27.937], [86.431, 28.028], [86.37, 27.528], [86.359, 28], [84.756, 28.547], [83.642, 29.314], [81.815, 31.408]]], "type": "Polygon"}, "properties": {"name": "Shigatse"}}, {"type": "Feature", "geometry": {"coordinates": [[[-108.073, 31.755], [-106.446, 31.839], [-104.469, 29.637], [-108.953, 29.526], [-109.899, 30.651], [-109.919, 31.323], [-108.878, 31.342], [-108.227, 31.36], [-108.073, 31.755]]], "type": "Polygon"}, "properties": {"name": "Suma"}}, {"type": "Feature", "geometry": {"coordinates": [[[44.726, 31.202], [45.298, 31.81], [46.968, 30.955], [46.272, 30.013], [46.834, 29.754], [46.514, 29.078], [46.169, 29.078], [44.311, 29.328], [44.024, 29.674], [44.726, 31.202]]], "type": "Polygon"}, "properties": {"name": "Samayah"}}, {"type": "Feature", "geometry": {"coordinates": [[[48.613, 31.786], [49.6, 31.777], [50.105, 31.67], [50.338, 30.589], [50.747, 30.607], [50.327, 30.521], [49.992, 30.086], [49.075, 30.136], [49.061, 30.551], [48.663, 30.006], [48.453, 29.938], [47.788, 30.879], [48.613, 31.786]]], "type": "Polygon"}, "properties": {"name": "Khuzestan"}}, {"type": "Feature", "geometry": {"coordinates": [[[99.317, 31.585], [100.434, 31.838], [101.115, 30.374], [102.733, 30.504], [101.813, 30.041], [102.438, 29.152], [101.082, 28.083], [100.95, 29.024], [99.195, 28.431], [99.177, 29.135], [99.188, 31.374], [99.317, 31.585]]], "type": "Polygon"}, "properties": {"name": "Tachieilu"}}, {"type": "Feature", "geometry": {"coordinates": [[[102.546, 31.533], [104.495, 31.794], [105.176, 31.59], [106.157, 30.202], [105.882, 29.79], [105.298, 29.634], [105.821, 28.981], [104.702, 28.237], [104.308, 28.566], [103.783, 29.03], [102.438, 29.152], [101.813, 30.041], [102.733, 30.504], [102.546, 31.533]]], "type": "Polygon"}, "properties": {"name": "Sichuan Pendi"}}, {"type": "Feature", "geometry": {"coordinates": [[[-82.502, 31.241], [-82.117, 31.74], [-81.197, 31.51], [-81.53, 30.811], [-82.004, 30.673], [-82.041, 30.385], [-82.629, 30.593], [-82.502, 31.241]]], "type": "Polygon"}, "properties": {"name": "Mocama"}}, {"type": "Feature", "geometry": {"coordinates": [[[-6.53, 31.658], [-5.762, 31.694], [-5.014, 30.424], [-5.285, 29.976], [-7.11, 29.575], [-7.407, 31.199], [-6.389, 31.46], [-6.53, 31.658]]], "type": "Polygon"}, "properties": {"name": "Ouarzazate"}}, {"type": "Feature", "geometry": {"coordinates": [[[10.039, 30.523], [10.36, 31.724], [12.23, 30.795], [12.324, 28.859], [12.032, 28.467], [9.878, 28.441], [9.816, 29.215], [9.468, 30.198], [10.039, 30.523]]], "type": "Polygon"}, "properties": {"name": "Ghadames"}}, {"type": "Feature", "geometry": {"coordinates": [[[67.567, 31.455], [68.895, 31.605], [68.956, 30.452], [67.828, 29.58], [67.469, 29.499], [66.108, 29.866], [66.388, 30.976], [67.567, 31.455]]], "type": "Polygon"}, "properties": {"name": "Quetta"}}, {"type": "Feature", "geometry": {"coordinates": [[[77.48, 31.34], [78.456, 31.692], [79.925, 30.761], [78.806, 30.06], [77.882, 30.392], [77.549, 30.644], [77.202, 31.245], [77.48, 31.34]]], "type": "Polygon"}, "properties": {"name": "Garhwal"}}, {"type": "Feature", "geometry": {"coordinates": [[[120.9, 31.676], [121.786, 30.939], [120.745, 30.498], [120.032, 31.046], [120.376, 31.298], [120.9, 31.676]]], "type": "Polygon"}, "properties": {"name": "Shangai"}}, {"type": "Feature", "geometry": {"coordinates": [[[-89.43, 31.386], [-88.434, 31.61], [-88.36, 30.364], [-89.667, 30.196], [-89.833, 31.005], [-89.43, 31.386]]], "type": "Polygon"}, "properties": {"name": "Biloxi"}}, {"type": "Feature", "geometry": {"coordinates": [[[-88.434, 31.61], [-87.731, 31.644], [-86.915, 30.988], [-87.537, 30.97], [-87.441, 30.482], [-87.539, 30.236], [-87.928, 30.62], [-88.36, 30.364], [-88.434, 31.61]]], "type": "Polygon"}, "properties": {"name": "Mobile"}}, {"type": "Feature", "geometry": {"coordinates": [[[25.091, 31.615], [28.056, 31.093], [27.965, 29.492], [27.129, 27.685], [26.002, 28.111], [24.995, 29.088], [24.765, 29.674], [25.091, 31.615]]], "type": "Polygon"}, "properties": {"name": "Libya"}}, {"type": "Feature", "geometry": {"coordinates": [[[52.476, 31.32], [53.167, 31.644], [54.13, 30.701], [54.042, 30.404], [53.523, 29.144], [52.061, 28.408], [51.608, 30.099], [52.476, 31.32]]], "type": "Polygon"}, "properties": {"name": "Sarvestan"}}, {"type": "Feature", "geometry": {"coordinates": [[[106.157, 30.202], [109.521, 31.585], [110.019, 31.305], [109.908, 30.822], [108.555, 30.121], [108.937, 29.374], [109.307, 28.985], [109.058, 28.583], [108.55, 28.566], [107.976, 29.075], [107.125, 29.026], [105.821, 28.981], [105.298, 29.634], [105.882, 29.79], [106.157, 30.202]]], "type": "Polygon"}, "properties": {"name": "Shenquing"}}, {"type": "Feature", "geometry": {"coordinates": [[[30.11, 31.22], [31.401, 31.493], [31.401, 30.709], [30.43, 30.503], [30.11, 31.22]]], "type": "Polygon"}, "properties": {"name": "Delta"}}, {"type": "Feature", "geometry": {"coordinates": [[[31.401, 31.493], [32.6, 30.938], [32.86, 30.447], [32.106, 30.307], [31.401, 30.709], [31.401, 31.493]]], "type": "Polygon"}, "properties": {"name": "Diamientia"}}, {"type": "Feature", "geometry": {"coordinates": [[[36.327, 31.291], [36.974, 31.409], [37.857, 30.352], [36.641, 29.661], [34.975, 29.304], [34.867, 29.514], [35.794, 30.347], [36.327, 31.291]]], "type": "Polygon"}, "properties": {"name": "Ma'an"}}, {"type": "Feature", "geometry": {"coordinates": [[[110.019, 31.305], [111.226, 31.392], [111.048, 30.357], [111.439, 30.046], [108.937, 29.374], [108.555, 30.121], [109.908, 30.822], [110.019, 31.305]]], "type": "Polygon"}, "properties": {"name": "Yichang"}}, {"type": "Feature", "geometry": {"coordinates": [[[35.259, 30.715], [35.595, 31.368], [36.327, 31.291], [35.794, 30.347], [34.867, 29.514], [34.836, 29.578], [34.824, 29.606], [35.259, 30.715]]], "type": "Polygon"}, "properties": {"name": "Al Karak"}}, {"type": "Feature", "geometry": {"coordinates": [[[46.968, 30.955], [47.64, 31.374], [47.788, 30.879], [48.453, 29.938], [47.857, 29.995], [46.834, 29.754], [46.272, 30.013], [46.968, 30.955]]], "type": "Polygon"}, "properties": {"name": "Basra"}}, {"type": "Feature", "geometry": {"coordinates": [[[70.778, 30.988], [72.008, 31.355], [73.754, 30.494], [73.844, 30.137], [73.336, 30.053], [71.014, 29.328], [70.778, 30.988]]], "type": "Polygon"}, "properties": {"name": "Multan"}}, {"type": "Feature", "geometry": {"coordinates": [[[99.188, 31.374], [99.177, 29.135], [98.915, 29.512], [97.92, 28.397], [97.475, 28.497], [97.317, 28.274], [96.449, 28.526], [96.41, 28.933], [96.207, 29.4], [96.332, 30.475], [97.302, 30.065], [99.188, 31.374]]], "type": "Polygon"}, "properties": {"name": "Markam"}}, {"type": "Feature", "geometry": {"coordinates": [[[111.048, 30.357], [111.226, 31.392], [113.22, 31.078], [113.722, 30.225], [112.914, 29.589], [111.439, 30.046], [111.048, 30.357]]], "type": "Polygon"}, "properties": {"name": "Yichuan"}}, {"type": "Feature", "geometry": {"coordinates": [[[118.684, 31.356], [119.645, 31.308], [119.971, 31.087], [118.837, 30.005], [117.871, 30.51], [118.158, 30.927], [118.684, 31.356]]], "type": "Polygon"}, "properties": {"name": "Ningguo"}}, {"type": "Feature", "geometry": {"coordinates": [[[-7.817, 31.106], [-7.407, 31.199], [-7.11, 29.575], [-8.566, 28.784], [-9.385, 28.504], [-8.535, 30.798], [-7.817, 31.106]]], "type": "Polygon"}, "properties": {"name": "Sus"}}, {"type": "Feature", "geometry": {"coordinates": [[[16.59, 31.197], [16.71, 31.22], [19.264, 30.168], [19.785, 29.255], [17.762, 28.668], [15.992, 30.11], [16.59, 31.197]]], "type": "Polygon"}, "properties": {"name": "Sirt"}}, {"type": "Feature", "geometry": {"coordinates": [[[28.056, 31.093], [30.11, 31.22], [30.43, 30.503], [30.183, 29.818], [28.921, 29.557], [27.965, 29.492], [28.056, 31.093]]], "type": "Polygon"}, "properties": {"name": "Alexandria"}}, {"type": "Feature", "geometry": {"coordinates": [[[34.253, 30.95], [34.927, 31.203], [35.22, 31.296], [35.259, 30.715], [34.824, 29.606], [34.371, 30.698], [34.253, 30.95]]], "type": "Polygon"}, "properties": {"name": "Negev"}}, {"type": "Feature", "geometry": {"coordinates": [[[75.886, 30.92], [77.202, 31.245], [77.549, 30.644], [76.104, 29.971], [75.29, 30.011], [74.247, 30.881], [74.457, 31.105], [75.886, 30.92]]], "type": "Polygon"}, "properties": {"name": "Sirhind"}}, {"type": "Feature", "geometry": {"coordinates": [[[114.977, 31.052], [118.158, 30.927], [117.871, 30.51], [116.879, 29.61], [116.402, 29.607], [116.473, 29.961], [115.996, 29.948], [114.977, 31.052]]], "type": "Polygon"}, "properties": {"name": "Anqing"}}, {"type": "Feature", "geometry": {"coordinates": [[[-93.481, 31.135], [-92.22, 30.743], [-91.502, 29.709], [-92.154, 29.832], [-92.137, 29.515], [-93.871, 29.894], [-93.481, 31.135]]], "type": "Polygon"}, "properties": {"name": "Adai"}}, {"type": "Feature", "geometry": {"coordinates": [[[32.6, 30.938], [34.187, 31.103], [34.253, 30.95], [34.371, 30.698], [33.017, 30.266], [32.86, 30.447], [32.6, 30.938]]], "type": "Polygon"}, "properties": {"name": "Gaza"}}, {"type": "Feature", "geometry": {"coordinates": [[[119.971, 31.087], [120.032, 31.046], [120.745, 30.498], [120.254, 30.327], [120.108, 30.197], [119.149, 29.251], [118.295, 29.402], [118.837, 30.005], [119.971, 31.087]]], "type": "Polygon"}, "properties": {"name": "Hangzhou"}}, {"type": "Feature", "geometry": {"coordinates": [[[-91.688, 30.968], [-89.833, 31.005], [-89.667, 30.196], [-90.226, 30.377], [-90.402, 30], [-91.715, 30.849], [-91.688, 30.968]]], "type": "Polygon"}, "properties": {"name": "Bayougoula"}}, {"type": "Feature", "geometry": {"coordinates": [[[-87.537, 30.97], [-86.915, 30.988], [-85.937, 30.99], [-85.885, 30.99], [-86.184, 30.486], [-87.441, 30.482], [-87.537, 30.97]]], "type": "Polygon"}, "properties": {"name": "Pensacola"}}, {"type": "Feature", "geometry": {"coordinates": [[[-85.885, 30.99], [-85.009, 31.013], [-84.863, 30.744], [-84.429, 30.669], [-84.853, 30.607], [-84.98, 29.805], [-85.086, 29.748], [-86.184, 30.486], [-85.885, 30.99]]], "type": "Polygon"}, "properties": {"name": "Chatot"}}, {"type": "Feature", "geometry": {"coordinates": [[[-92.22, 30.743], [-91.715, 30.849], [-90.402, 30], [-89.348, 29.91], [-89.675, 29.558], [-88.959, 29.006], [-89.958, 29.457], [-90.802, 29.189], [-91.475, 29.649], [-91.502, 29.709], [-92.22, 30.743]]], "type": "Polygon"}, "properties": {"name": "Chitimacha"}}, {"type": "Feature", "geometry": {"coordinates": [[[-82.004, 30.673], [-81.53, 30.811], [-81.067, 29.282], [-81.606, 28.955], [-82.092, 29.626], [-82.041, 30.385], [-82.004, 30.673]]], "type": "Polygon"}, "properties": {"name": "Timucua"}}, {"type": "Feature", "geometry": {"coordinates": [[[73.754, 30.494], [74.247, 30.881], [75.29, 30.011], [76.104, 29.971], [76.253, 28.755], [75.731, 28.756], [75.281, 29.038], [74.405, 29.221], [73.844, 30.137], [73.754, 30.494]]], "type": "Polygon"}, "properties": {"name": "Bathlana"}}, {"type": "Feature", "geometry": {"coordinates": [[[-9.527, 30.576], [-8.535, 30.798], [-9.385, 28.504], [-11.048, 28.637], [-9.637, 30.331], [-9.527, 30.576]]], "type": "Polygon"}, "properties": {"name": "Agadir"}}, {"type": "Feature", "geometry": {"coordinates": [[[12.23, 30.795], [12.629, 30.681], [14.876, 30.432], [15.992, 30.11], [17.762, 28.668], [17.019, 27.261], [15.237, 27.336], [13.725, 28.612], [12.324, 28.859], [12.23, 30.795]]], "type": "Polygon"}, "properties": {"name": "Jufra"}}, {"type": "Feature", "geometry": {"coordinates": [[[30.43, 30.503], [31.401, 30.709], [32.106, 30.307], [31.823, 30.01], [31.119, 30.112], [30.968, 29.726], [30.183, 29.818], [30.43, 30.503]]], "type": "Polygon"}, "properties": {"name": "Al Gharbia"}}, {"type": "Feature", "geometry": {"coordinates": [[[33.017, 30.266], [34.371, 30.698], [34.824, 29.606], [34.836, 29.578], [34.738, 29.344], [34.161, 27.796], [32.897, 29.147], [33.017, 30.266]]], "type": "Polygon"}, "properties": {"name": "Sinai"}}, {"type": "Feature", "geometry": {"coordinates": [[[79.925, 30.761], [80.728, 30.265], [79.901, 28.989], [79.052, 29.682], [78.806, 30.06], [79.925, 30.761]]], "type": "Polygon"}, "properties": {"name": "Kumaon"}}, {"type": "Feature", "geometry": {"coordinates": [[[-114.602, 30.588], [-114.4, 30.003], [-112.682, 28.027], [-111.401, 26.389], [-112.131, 26.098], [-114.956, 27.742], [-114.18, 27.83], [-113.985, 28.522], [-115.488, 29.675], [-114.602, 30.588]]], "type": "Polygon"}, "properties": {"name": "Cochimi"}}, {"type": "Feature", "geometry": {"coordinates": [[[-110.53, 29.982], [-109.899, 30.651], [-108.953, 29.526], [-108.402, 28.637], [-108.792, 28.392], [-108.251, 26.818], [-108.981, 26.351], [-109.294, 26.691], [-109.678, 26.731], [-110.282, 27.278], [-110.535, 27.893], [-110.958, 27.903], [-111.975, 28.956], [-112.474, 28.857], [-112.098, 29.304], [-110.53, 29.982]]], "type": "Polygon"}, "properties": {"name": "Yaqui"}}, {"type": "Feature", "geometry": {"coordinates": [[[-102.722, 30.443], [-100.667, 30.634], [-99.88, 29.391], [-99.217, 28.327], [-99.531, 27.602], [-100.947, 29.4], [-102.317, 29.885], [-102.722, 30.443]]], "type": "Polygon"}, "properties": {"name": "Tuintsunde"}}, {"type": "Feature", "geometry": {"coordinates": [[[-84.853, 30.607], [-84.429, 30.669], [-82.821, 30.602], [-83.518, 29.824], [-84.98, 29.805], [-84.853, 30.607]]], "type": "Polygon"}, "properties": {"name": "Apalachee"}}, {"type": "Feature", "geometry": {"coordinates": [[[-82.821, 30.602], [-82.629, 30.593], [-82.041, 30.385], [-82.092, 29.626], [-81.606, 28.955], [-81.91, 28.74], [-82.578, 28.628], [-83.518, 29.824], [-82.821, 30.602]]], "type": "Polygon"}, "properties": {"name": "Yustaga"}}, {"type": "Feature", "geometry": {"coordinates": [[[50.747, 30.607], [51.262, 30.602], [51.608, 30.099], [52.061, 28.408], [52.191, 28.307], [52.573, 28.175], [52.312, 28.177], [52.26, 27.723], [51.996, 27.752], [51.187, 28.155], [49.992, 30.086], [50.327, 30.521], [50.747, 30.607]]], "type": "Polygon"}, "properties": {"name": "Rushehr"}}, {"type": "Feature", "geometry": {"coordinates": [[[76.104, 29.971], [77.549, 30.644], [77.882, 30.392], [77.02, 29.382], [76.609, 28.828], [76.253, 28.755], [76.104, 29.971]]], "type": "Polygon"}, "properties": {"name": "Panipat"}}, {"type": "Feature", "geometry": {"coordinates": [[[-97.887, 29.647], [-96.24, 30.554], [-94.076, 29.637], [-95.011, 29.716], [-94.945, 29.278], [-96.617, 28.748], [-97.441, 27.823], [-98.563, 28.459], [-97.887, 29.647]]], "type": "Polygon"}, "properties": {"name": "Karankawa"}}, {"type": "Feature", "geometry": {"coordinates": [[[116.879, 29.61], [117.871, 30.51], [118.837, 30.005], [118.295, 29.402], [117.797, 29.01], [117.231, 29.597], [116.879, 29.61]]], "type": "Polygon"}, "properties": {"name": "Huizhou Wu"}}, {"type": "Feature", "geometry": {"coordinates": [[[32.106, 30.307], [32.86, 30.447], [33.017, 30.266], [32.897, 29.147], [32.376, 29.823], [32.595, 28.966], [31.975, 29.092], [31.823, 30.01], [32.106, 30.307]]], "type": "Polygon"}, "properties": {"name": "Suez"}}, {"type": "Feature", "geometry": {"coordinates": [[[37.857, 30.352], [38.41, 29.144], [39.493, 27.894], [40.335, 26.992], [40.337, 26.638], [38.052, 26.2], [37.403, 27.202], [37.233, 28.405], [36.641, 29.661], [37.857, 30.352]]], "type": "Polygon"}, "properties": {"name": "Tayma"}}, {"type": "Feature", "geometry": {"coordinates": [[[53.523, 29.144], [54.042, 30.404], [55.753, 29.508], [55.966, 28.646], [55.511, 28.008], [54.67, 28.215], [53.842, 27.855], [52.573, 28.175], [52.191, 28.307], [52.061, 28.408], [53.523, 29.144]]], "type": "Polygon"}, "properties": {"name": "Laristan"}}, {"type": "Feature", "geometry": {"coordinates": [[[67.828, 29.58], [68.956, 30.452], [69.573, 29.819], [69.436, 28.815], [67.598, 28.274], [67.469, 29.499], [67.828, 29.58]]], "type": "Polygon"}, "properties": {"name": "Siwi"}}, {"type": "Feature", "geometry": {"coordinates": [[[77.882, 30.392], [78.806, 30.06], [79.052, 29.682], [78.314, 28.636], [77.02, 29.382], [77.882, 30.392]]], "type": "Polygon"}, "properties": {"name": "Upper Doab"}}, {"type": "Feature", "geometry": {"coordinates": [[[81.015, 30.121], [81.753, 30.329], [82.934, 29.634], [82.085, 28.557], [82.423, 27.956], [82.25, 27.745], [80.44, 28.662], [79.901, 28.989], [80.728, 30.265], [81.015, 30.121]]], "type": "Polygon"}, "properties": {"name": "Baisi Rayja"}}, {"type": "Feature", "geometry": {"coordinates": [[[4.56, 30.004], [4.627, 30.277], [5.883, 30.118], [7.715, 29.901], [9.816, 29.215], [9.878, 28.441], [9.876, 26.666], [9.409, 26.183], [7.691, 25.744], [5.787, 25.674], [4.833, 25.436], [3.764, 26.946], [4.56, 30.004]]], "type": "Polygon"}, "properties": {"name": "Grand Erg"}}, {"type": "Feature", "geometry": {"coordinates": [[[113.722, 30.225], [114.205, 29.489], [114.269, 28.638], [113.81, 28.022], [113.866, 27.803], [113.952, 27.445], [111.994, 27.473], [111.606, 28.063], [110.917, 28.285], [111.026, 28.666], [112.049, 28.821], [112.893, 28.934], [112.932, 28.94], [112.914, 29.589], [113.722, 30.225]]], "type": "Polygon"}, "properties": {"name": "Changsha"}}, {"type": "Feature", "geometry": {"coordinates": [[[120.108, 30.197], [120.939, 30.175], [120.508, 29.378], [120.742, 28.793], [119.877, 28.934], [119.149, 29.251], [120.108, 30.197]]], "type": "Polygon"}, "properties": {"name": "Shanyin"}}, {"type": "Feature", "geometry": {"coordinates": [[[120.939, 30.175], [121.888, 29.29], [121.558, 29.162], [120.742, 28.793], [120.508, 29.378], [120.939, 30.175]]], "type": "Polygon"}, "properties": {"name": "Ningbo"}}, {"type": "Feature", "geometry": {"coordinates": [[[31.119, 30.112], [31.823, 30.01], [31.975, 29.092], [31.851, 28.62], [30.853, 29.075], [30.968, 29.726], [31.119, 30.112]]], "type": "Polygon"}, "properties": {"name": "Cairo"}}, {"type": "Feature", "geometry": {"coordinates": [[[43.309, 30.108], [44.024, 29.674], [44.311, 29.328], [44.047, 28.523], [44.081, 27.139], [42.372, 25.56], [41.377, 25.407], [40.335, 26.992], [39.493, 27.894], [41.076, 28.558], [41.624, 29.454], [43.309, 30.108]]], "type": "Polygon"}, "properties": {"name": "Jabal Shammar"}}, {"type": "Feature", "geometry": {"coordinates": [[[73.336, 30.053], [73.844, 30.137], [74.405, 29.221], [75.281, 29.038], [74.131, 27.905], [72.914, 27.278], [72.895, 27.519], [72.533, 27.431], [72.484, 28.353], [72.025, 28.451], [73.336, 30.053]]], "type": "Polygon"}, "properties": {"name": "Jangladesh"}}, {"type": "Feature", "geometry": {"coordinates": [[[-7.11, 29.575], [-5.285, 29.976], [-2.585, 28.941], [-2.793, 25.283], [-3.913, 24.579], [-4.845, 25.138], [-8.556, 27.275], [-8.566, 28.784], [-7.11, 29.575]]], "type": "Polygon"}, "properties": {"name": "Tindouf"}}, {"type": "Feature", "geometry": {"coordinates": [[[19.785, 29.255], [21.644, 30.063], [23.185, 29.867], [24.765, 29.674], [24.995, 29.088], [24.976, 22.156], [24.954, 20.161], [24.103, 20.108], [23.838, 19.72], [19.62, 21.797], [17.63, 22.783], [17.612, 23.98], [16.594, 25.323], [17.019, 27.261], [17.762, 28.668], [19.785, 29.255]]], "type": "Polygon"}, "properties": {"name": "Central Sahara"}}, {"type": "Feature", "geometry": {"coordinates": [[[46.834, 29.754], [47.857, 29.995], [48.3, 28.471], [46.514, 29.078], [46.834, 29.754]]], "type": "Polygon"}, "properties": {"name": "Kuwait"}}, {"type": "Feature", "geometry": {"coordinates": [[[59.687, 29.685], [60.84, 29.991], [60.96, 29.763], [62.594, 28.291], [62.944, 27.224], [63.344, 26.744], [61.75, 26.411], [60.177, 26.37], [60.731, 27.28], [60.494, 27.662], [58.591, 27.934], [59.787, 28.623], [59.687, 29.685]]], "type": "Polygon"}, "properties": {"name": "Quhistan"}}, {"type": "Feature", "geometry": {"coordinates": [[[71.014, 29.328], [73.336, 30.053], [72.025, 28.451], [70.676, 27.81], [70.209, 28.177], [69.872, 28.534], [71.014, 29.328]]], "type": "Polygon"}, "properties": {"name": "Cholistan"}}, {"type": "Feature", "geometry": {"coordinates": [[[108.937, 29.374], [111.439, 30.046], [112.914, 29.589], [112.932, 28.94], [112.893, 28.934], [112.893, 29.554], [111.865, 29.398], [112.049, 28.821], [111.026, 28.666], [109.307, 28.985], [108.937, 29.374]]], "type": "Polygon"}, "properties": {"name": "Chenzhou"}}, {"type": "Feature", "geometry": {"coordinates": [[[114.205, 29.489], [115.996, 29.948], [116.473, 29.961], [116.402, 29.607], [116.274, 29.499], [115.899, 29.692], [116.326, 28.781], [116.237, 28.721], [115.155, 27.99], [113.866, 27.803], [113.81, 28.022], [114.269, 28.638], [114.205, 29.489]]], "type": "Polygon"}, "properties": {"name": "Nanchang"}}, {"type": "Feature", "geometry": {"coordinates": [[[-108.953, 29.526], [-104.469, 29.637], [-103.107, 28.941], [-103.137, 28.628], [-102.793, 28.557], [-104.123, 28.013], [-106.601, 28.077], [-108.402, 28.637], [-108.953, 29.526]]], "type": "Polygon"}, "properties": {"name": "Concho"}}, {"type": "Feature", "geometry": {"coordinates": [[[-102.317, 29.885], [-100.947, 29.4], [-99.531, 27.602], [-99.363, 26.919], [-99.866, 26.666], [-100.127, 26.719], [-100.18, 26.777], [-102.793, 28.557], [-103.137, 28.628], [-103.107, 28.941], [-102.317, 29.885]]], "type": "Polygon"}, "properties": {"name": "Cacaxtes"}}, {"type": "Feature", "geometry": {"coordinates": [[[28.921, 29.557], [30.183, 29.818], [30.968, 29.726], [30.853, 29.075], [29.736, 28.334], [28.921, 29.557]]], "type": "Polygon"}, "properties": {"name": "Asyut"}}, {"type": "Feature", "geometry": {"coordinates": [[[58.098, 29.816], [59.687, 29.685], [59.787, 28.623], [58.591, 27.934], [58.129, 27.28], [57.782, 28.005], [55.966, 28.646], [55.753, 29.508], [56.657, 29.621], [58.098, 29.816]]], "type": "Polygon"}, "properties": {"name": "Bam"}}, {"type": "Feature", "geometry": {"coordinates": [[[65.717, 29.774], [66.108, 29.866], [67.469, 29.499], [67.598, 28.274], [67.096, 27.654], [66.753, 26.988], [66.016, 27.297], [65.695, 27.684], [65.137, 28.467], [65.908, 29.271], [65.717, 29.774]]], "type": "Polygon"}, "properties": {"name": "Indus"}}, {"type": "Feature", "geometry": {"coordinates": [[[-1.315, 29.767], [0.037, 27.99], [0.374, 26.521], [0.24, 26.144], [0.189, 23.967], [0.382, 21.802], [-0.557, 22.348], [-3.913, 24.579], [-2.793, 25.283], [-2.585, 28.941], [-1.315, 29.767]]], "type": "Polygon"}, "properties": {"name": "Tuat"}}, {"type": "Feature", "geometry": {"coordinates": [[[60.96, 29.763], [62.584, 29.449], [62.874, 29.785], [62.915, 29.526], [64.514, 29.623], [65.717, 29.774], [65.908, 29.271], [65.137, 28.467], [62.594, 28.291], [60.96, 29.763]]], "type": "Polygon"}, "properties": {"name": "Chagai"}}, {"type": "Feature", "geometry": {"coordinates": [[[34.975, 29.304], [36.641, 29.661], [37.233, 28.405], [37.403, 27.202], [38.052, 26.2], [38.024, 25.514], [37.17, 25.093], [35.141, 27.979], [34.554, 28.114], [34.738, 29.344], [34.836, 29.578], [34.867, 29.514], [34.975, 29.304]]], "type": "Polygon"}, "properties": {"name": "Tabouk"}}, {"type": "Feature", "geometry": {"coordinates": [[[78.314, 28.636], [79.052, 29.682], [79.901, 28.989], [80.44, 28.662], [80.285, 27.967], [79.591, 27.52], [79.245, 27.783], [78.389, 28.264], [78.314, 28.636]]], "type": "Polygon"}, "properties": {"name": "Katehar"}}, {"type": "Feature", "geometry": {"coordinates": [[[82.934, 29.634], [83.642, 29.314], [84.756, 28.547], [83.881, 27.549], [83.703, 27.505], [82.65, 27.55], [82.423, 27.956], [82.085, 28.557], [82.934, 29.634]]], "type": "Polygon"}, "properties": {"name": "Chaubusi Rayjas"}}, {"type": "Feature", "geometry": {"coordinates": [[[116.274, 29.499], [116.402, 29.607], [116.879, 29.61], [117.231, 29.597], [117.797, 29.01], [118.422, 28.517], [117.414, 27.788], [116.237, 28.721], [116.326, 28.781], [116.649, 29.198], [116.274, 29.499]]], "type": "Polygon"}, "properties": {"name": "Poyang"}}, {"type": "Feature", "geometry": {"coordinates": [[[27.965, 29.492], [28.921, 29.557], [29.736, 28.334], [30.467, 27.262], [30.326, 27.089], [29.208, 26.345], [27.129, 27.685], [27.965, 29.492]]], "type": "Polygon"}, "properties": {"name": "Al Watah"}}, {"type": "Feature", "geometry": {"coordinates": [[[98.915, 29.512], [99.177, 29.135], [99.195, 28.431], [100.95, 29.024], [101.082, 28.083], [101.618, 26.681], [98.672, 26.367], [98.709, 26.884], [97.92, 28.397], [98.915, 29.512]]], "type": "Polygon"}, "properties": {"name": "Lijiang"}}, {"type": "Feature", "geometry": {"coordinates": [[[44.311, 29.328], [46.169, 29.078], [47.27, 26.933], [44.912, 26.132], [44.081, 27.139], [44.047, 28.523], [44.311, 29.328]]], "type": "Polygon"}, "properties": {"name": "Hafar"}}, {"type": "Feature", "geometry": {"coordinates": [[[76.609, 28.828], [77.02, 29.382], [78.314, 28.636], [78.389, 28.264], [77.134, 28.021], [76.609, 28.828]]], "type": "Polygon"}, "properties": {"name": "Upper Doab"}}, {"type": "Feature", "geometry": {"coordinates": [[[94.489, 29.284], [96.207, 29.4], [96.41, 28.933], [96.449, 28.526], [97.317, 28.274], [96.85, 27.337], [95.873, 27.113], [95.134, 26.742], [95.813, 27.405], [95.761, 28.022], [94.052, 27.418], [93.003, 26.946], [92.049, 26.958], [91.592, 27.705], [92.621, 28.122], [94.489, 29.284]]], "type": "Polygon"}, "properties": {"name": "Arunachal"}}, {"type": "Feature", "geometry": {"coordinates": [[[117.797, 29.01], [118.295, 29.402], [119.149, 29.251], [119.877, 28.934], [119.959, 28.283], [119.446, 27.648], [119.091, 27.345], [118.422, 28.517], [117.797, 29.01]]], "type": "Polygon"}, "properties": {"name": "Jinhua"}}, {"type": "Feature", "geometry": {"coordinates": [[[-81.606, 28.955], [-81.067, 29.282], [-80.335, 27.379], [-80.39, 27.191], [-80.925, 27.049], [-80.956, 27.362], [-81.414, 27.42], [-81.91, 28.74], [-81.606, 28.955]]], "type": "Polygon"}, "properties": {"name": "Seminole"}}, {"type": "Feature", "geometry": {"coordinates": [[[105.821, 28.981], [107.125, 29.026], [107.68, 27.448], [107.217, 27.489], [106.479, 28.033], [105.911, 27.607], [105.077, 27.634], [104.702, 28.237], [105.821, 28.981]]], "type": "Polygon"}, "properties": {"name": "Bozhou"}}, {"type": "Feature", "geometry": {"coordinates": [[[31.975, 29.092], [32.595, 28.966], [33.976, 26.704], [33.498, 26.508], [32.591, 26.997], [31.645, 27.901], [31.851, 28.62], [31.975, 29.092]]], "type": "Polygon"}, "properties": {"name": "Ras Gharib"}}, {"type": "Feature", "geometry": {"coordinates": [[[46.169, 29.078], [46.514, 29.078], [48.3, 28.471], [49.442, 27.132], [49.999, 26.15], [48.481, 26.271], [47.27, 26.933], [46.169, 29.078]]], "type": "Polygon"}, "properties": {"name": "El Qatif"}}, {"type": "Feature", "geometry": {"coordinates": [[[102.438, 29.152], [103.783, 29.03], [104.308, 28.566], [103.512, 27.311], [102.709, 27.567], [102.805, 26.624], [101.997, 26.132], [101.618, 26.681], [101.082, 28.083], [102.438, 29.152]]], "type": "Polygon"}, "properties": {"name": "Liangshan"}}, {"type": "Feature", "geometry": {"coordinates": [[[107.125, 29.026], [107.976, 29.075], [108.55, 28.566], [109.058, 28.583], [109.348, 27.61], [109.598, 25.936], [107.634, 25.392], [107.351, 25.649], [107.217, 27.489], [107.68, 27.448], [107.125, 29.026]]], "type": "Polygon"}, "properties": {"name": "Zhenyuan"}}, {"type": "Feature", "geometry": {"coordinates": [[[120.742, 28.793], [121.558, 29.162], [120.385, 27.404], [119.446, 27.648], [119.959, 28.283], [119.877, 28.934], [120.742, 28.793]]], "type": "Polygon"}, "properties": {"name": "Wenzhou"}}, {"type": "Feature", "geometry": {"coordinates": [[[24.995, 29.088], [26.002, 28.111], [27.129, 27.685], [29.208, 26.345], [30.316, 25.171], [32.153, 24.326], [32.207, 24.104], [31.079, 22.966], [30.767, 22.152], [30.721, 22.149], [24.976, 22.156], [24.995, 29.088]]], "type": "Polygon"}, "properties": {"name": "East Sahara"}}, {"type": "Feature", "geometry": {"coordinates": [[[29.736, 28.334], [30.853, 29.075], [31.851, 28.62], [31.645, 27.901], [30.467, 27.262], [29.736, 28.334]]], "type": "Polygon"}, "properties": {"name": "Minya"}}, {"type": "Feature", "geometry": {"coordinates": [[[75.281, 29.038], [75.731, 28.756], [76.193, 27.524], [75.093, 27.282], [74.131, 27.905], [75.281, 29.038]]], "type": "Polygon"}, "properties": {"name": "Shekhawati"}}, {"type": "Feature", "geometry": {"coordinates": [[[109.307, 28.985], [111.026, 28.666], [110.917, 28.285], [111.606, 28.063], [111.994, 27.473], [110.698, 26.422], [109.798, 26.016], [109.598, 25.936], [109.348, 27.61], [109.058, 28.583], [109.307, 28.985]]], "type": "Polygon"}, "properties": {"name": "Yuanling"}}, {"type": "Feature", "geometry": {"coordinates": [[[12.324, 28.859], [13.725, 28.612], [15.237, 27.336], [17.019, 27.261], [16.594, 25.323], [13.521, 25.495], [12.032, 28.467], [12.324, 28.859]]], "type": "Polygon"}, "properties": {"name": "Sabha"}}, {"type": "Feature", "geometry": {"coordinates": [[[-9.385, 28.504], [-8.566, 28.784], [-8.556, 27.275], [-8.639, 27.266], [-8.668, 27.643], [-13.095, 27.695], [-12.049, 28.124], [-11.048, 28.637], [-9.385, 28.504]]], "type": "Polygon"}, "properties": {"name": "Ifni"}}, {"type": "Feature", "geometry": {"coordinates": [[[67.598, 28.274], [69.436, 28.815], [69.872, 28.534], [70.209, 28.177], [69.422, 27.204], [68.51, 27.567], [67.816, 27.219], [67.096, 27.654], [67.598, 28.274]]], "type": "Polygon"}, "properties": {"name": "Upper Sind"}}, {"type": "Feature", "geometry": {"coordinates": [[[75.731, 28.756], [76.253, 28.755], [76.609, 28.828], [77.134, 28.021], [77.639, 27.064], [76.828, 26.873], [76.193, 27.524], [75.731, 28.756]]], "type": "Polygon"}, "properties": {"name": "Mewat"}}, {"type": "Feature", "geometry": {"coordinates": [[[115.155, 27.99], [116.237, 28.721], [117.414, 27.788], [117.088, 27.321], [116.981, 27.052], [113.995, 26.53], [113.952, 27.445], [113.866, 27.803], [115.155, 27.99]]], "type": "Polygon"}, "properties": {"name": "Ji'an"}}, {"type": "Feature", "geometry": {"coordinates": [[[-108.402, 28.637], [-106.601, 28.077], [-104.123, 28.013], [-103.91, 27.398], [-103.861, 27.251], [-105.316, 26.605], [-106.092, 27.055], [-107.118, 25.85], [-108.251, 26.818], [-108.792, 28.392], [-108.402, 28.637]]], "type": "Polygon"}, "properties": {"name": "Toboso"}}, {"type": "Feature", "geometry": {"coordinates": [[[-82.578, 28.628], [-81.91, 28.74], [-81.414, 27.42], [-81.265, 26.834], [-81.667, 25.982], [-82.569, 27.38], [-82.471, 27.949], [-82.763, 27.8], [-82.578, 28.628]]], "type": "Polygon"}, "properties": {"name": "Calusa"}}, {"type": "Feature", "geometry": {"coordinates": [[[55.966, 28.646], [57.782, 28.005], [58.129, 27.28], [57.568, 25.792], [57.213, 25.812], [56.656, 27.177], [55.866, 27.149], [56.077, 26.816], [55.541, 26.835], [55.511, 28.008], [55.966, 28.646]]], "type": "Polygon"}, "properties": {"name": "Hormuz"}}, {"type": "Feature", "geometry": {"coordinates": [[[80.44, 28.662], [82.25, 27.745], [82.101, 26.866], [80.285, 27.967], [80.44, 28.662]]], "type": "Polygon"}, "properties": {"name": "Bahreich"}}, {"type": "Feature", "geometry": {"coordinates": [[[-104.123, 28.013], [-102.793, 28.557], [-100.18, 26.777], [-100.965, 26.205], [-101.817, 27.008], [-103.394, 26.718], [-103.91, 27.398], [-104.123, 28.013]]], "type": "Polygon"}, "properties": {"name": "Coahuila"}}, {"type": "Feature", "geometry": {"coordinates": [[[9.878, 28.441], [12.032, 28.467], [13.521, 25.495], [12.65, 23.658], [12.93, 23.484], [11.995, 23.582], [11.492, 24.328], [10.337, 24.715], [9.409, 26.183], [9.876, 26.666], [9.878, 28.441]]], "type": "Polygon"}, "properties": {"name": "Ghat"}}, {"type": "Feature", "geometry": {"coordinates": [[[62.594, 28.291], [65.137, 28.467], [65.695, 27.684], [65.102, 27.075], [63.344, 26.744], [62.944, 27.224], [62.594, 28.291]]], "type": "Polygon"}, "properties": {"name": "Kharan"}}, {"type": "Feature", "geometry": {"coordinates": [[[84.756, 28.547], [86.359, 28], [86.37, 27.528], [85.508, 26.783], [83.881, 27.549], [84.756, 28.547]]], "type": "Polygon"}, "properties": {"name": "Katmandu"}}, {"type": "Feature", "geometry": {"coordinates": [[[97.475, 28.497], [97.92, 28.397], [98.709, 26.884], [97.165, 26.402], [95.816, 26.82], [95.873, 27.113], [96.85, 27.337], [97.317, 28.274], [97.475, 28.497]]], "type": "Polygon"}, "properties": {"name": "Hkamti Long"}}, {"type": "Feature", "geometry": {"coordinates": [[[104.308, 28.566], [104.702, 28.237], [105.077, 27.634], [105.911, 27.607], [105.269, 27.54], [104.332, 26.545], [102.825, 26.4], [102.805, 26.624], [102.709, 27.567], [103.512, 27.311], [104.308, 28.566]]], "type": "Polygon"}, "properties": {"name": "Umung"}}, {"type": "Feature", "geometry": {"coordinates": [[[118.422, 28.517], [119.091, 27.345], [118.442, 26.322], [118.13, 26.23], [117.088, 27.321], [117.414, 27.788], [118.422, 28.517]]], "type": "Polygon"}, "properties": {"name": "Jianning"}}, {"type": "Feature", "geometry": {"coordinates": [[[-98.563, 28.459], [-97.441, 27.823], [-97.278, 27.425], [-97.619, 27.354], [-97.635, 27.35], [-97.619, 27.329], [-97.496, 26.781], [-97.122, 25.888], [-99.363, 26.919], [-99.531, 27.602], [-99.217, 28.327], [-98.717, 28.204], [-98.563, 28.459]]], "type": "Polygon"}, "properties": {"name": "Coahuilteco"}}, {"type": "Feature", "geometry": {"coordinates": [[[70.676, 27.81], [72.025, 28.451], [72.484, 28.353], [72.533, 27.431], [70.779, 26.609], [69.324, 26.826], [69.422, 27.204], [70.209, 28.177], [70.676, 27.81]]], "type": "Polygon"}, "properties": {"name": "Jaisalmer"}}, {"type": "Feature", "geometry": {"coordinates": [[[77.134, 28.021], [78.389, 28.264], [79.245, 27.783], [78.722, 26.546], [77.639, 27.064], [77.134, 28.021]]], "type": "Polygon"}, "properties": {"name": "Central Doab"}}, {"type": "Feature", "geometry": {"coordinates": [[[89.19, 27.909], [89.805, 28.312], [91.36, 28.003], [91.592, 27.705], [92.049, 26.958], [91.279, 26.888], [88.929, 26.865], [88.757, 27.386], [89.19, 27.909]]], "type": "Polygon"}, "properties": {"name": "Bhutan"}}, {"type": "Feature", "geometry": {"coordinates": [[[-15.719, 28.123], [-15.296, 28.157], [-15.326, 27.784], [-15.734, 27.77], [-15.719, 28.123]]], "type": "Polygon"}, "properties": {"name": "The Canarias"}}, {"type": "Feature", "geometry": {"coordinates": [[[52.312, 28.177], [52.573, 28.175], [53.842, 27.855], [54.67, 28.215], [55.511, 28.008], [55.541, 26.835], [53.891, 26.713], [51.996, 27.752], [52.26, 27.723], [52.312, 28.177]]], "type": "Polygon"}, "properties": {"name": "Bandar Langeh"}}, {"type": "Feature", "geometry": {"coordinates": [[[86.431, 28.028], [87.945, 27.937], [88.012, 26.787], [88.074, 26.487], [86.845, 26.503], [86.18, 26.604], [85.508, 26.783], [86.37, 27.528], [86.431, 28.028]]], "type": "Polygon"}, "properties": {"name": "Limbuwan"}}, {"type": "Feature", "geometry": {"coordinates": [[[87.945, 27.937], [88.623, 28.128], [88.757, 27.386], [88.929, 26.865], [88.918, 26.55], [88.806, 26.389], [88.112, 26.589], [88.012, 26.787], [87.945, 27.937]]], "type": "Polygon"}, "properties": {"name": "Koch"}}, {"type": "Feature", "geometry": {"coordinates": [[[94.052, 27.418], [95.761, 28.022], [95.813, 27.405], [95.134, 26.742], [95.092, 26.556], [94.646, 26.555], [94.052, 27.418]]], "type": "Polygon"}, "properties": {"name": "Sadiya"}}, {"type": "Feature", "geometry": {"coordinates": [[[105.911, 27.607], [106.479, 28.033], [107.217, 27.489], [107.351, 25.649], [106.338, 25.152], [105.989, 24.892], [104.77, 24.783], [104.678, 24.704], [104.332, 26.545], [105.269, 27.54], [105.911, 27.607]]], "type": "Polygon"}, "properties": {"name": "Guiyang"}}, {"type": "Feature", "geometry": {"coordinates": [[[30.467, 27.262], [31.645, 27.901], [32.591, 26.997], [31.234, 26.489], [30.326, 27.089], [30.467, 27.262]]], "type": "Polygon"}, "properties": {"name": "Asyut South"}}, {"type": "Feature", "geometry": {"coordinates": [[[58.129, 27.28], [58.591, 27.934], [60.494, 27.662], [60.731, 27.28], [60.177, 26.37], [61.75, 26.411], [61.484, 25.219], [57.568, 25.792], [58.129, 27.28]]], "type": "Polygon"}, "properties": {"name": "Makran"}}, {"type": "Feature", "geometry": {"coordinates": [[[72.914, 27.278], [74.131, 27.905], [75.093, 27.282], [75.205, 27.051], [73.751, 25.879], [73.461, 26.06], [72.923, 27.076], [72.914, 27.278]]], "type": "Polygon"}, "properties": {"name": "Nagaur"}}, {"type": "Feature", "geometry": {"coordinates": [[[79.591, 27.52], [80.285, 27.967], [82.101, 26.866], [82.197, 26.576], [80.996, 26.148], [80.597, 26.569], [79.591, 27.52]]], "type": "Polygon"}, "properties": {"name": "Oudh"}}, {"type": "Feature", "geometry": {"coordinates": [[[82.423, 27.956], [82.65, 27.55], [83.703, 27.505], [83.785, 27.037], [83.771, 26.031], [83.393, 26.063], [82.197, 26.576], [82.101, 26.866], [82.25, 27.745], [82.423, 27.956]]], "type": "Polygon"}, "properties": {"name": "Gorakhpur"}}, {"type": "Feature", "geometry": {"coordinates": [[[79.245, 27.783], [79.591, 27.52], [80.597, 26.569], [79.996, 25.859], [79.084, 26.382], [78.722, 26.546], [79.245, 27.783]]], "type": "Polygon"}, "properties": {"name": "Etawah"}}, {"type": "Feature", "geometry": {"coordinates": [[[-13.543, 26.825], [-13.095, 27.695], [-8.668, 27.643], [-8.639, 27.266], [-8.685, 26.018], [-11.912, 25.999], [-11.923, 24.227], [-15.386, 24.244], [-14.495, 26.016], [-13.543, 26.825]]], "type": "Polygon"}, "properties": {"name": "Saguia el-Hamra"}}, {"type": "Feature", "geometry": {"coordinates": [[[65.102, 27.075], [65.695, 27.684], [66.016, 27.297], [65.129, 26.004], [64.587, 25.818], [64.379, 25.381], [61.484, 25.219], [61.75, 26.411], [63.344, 26.744], [65.102, 27.075]]], "type": "Polygon"}, "properties": {"name": "Baluchistan"}}, {"type": "Feature", "geometry": {"coordinates": [[[67.096, 27.654], [67.816, 27.219], [68.51, 27.567], [69.422, 27.204], [69.324, 26.826], [68.146, 26.149], [67.212, 26.122], [66.753, 26.988], [67.096, 27.654]]], "type": "Polygon"}, "properties": {"name": "Sehwan"}}, {"type": "Feature", "geometry": {"coordinates": [[[111.994, 27.473], [113.952, 27.445], [113.995, 26.53], [113.927, 25.884], [112.675, 25.338], [112.142, 25.458], [111.785, 24.947], [111.177, 25.236], [111.373, 25.903], [110.698, 26.422], [111.994, 27.473]]], "type": "Polygon"}, "properties": {"name": "Hengyang"}}, {"type": "Feature", "geometry": {"coordinates": [[[119.091, 27.345], [119.446, 27.648], [120.385, 27.404], [119.538, 26.728], [119.184, 25.277], [118.76, 25.147], [118.442, 26.322], [119.091, 27.345]]], "type": "Polygon"}, "properties": {"name": "Fuzhou"}}, {"type": "Feature", "geometry": {"coordinates": [[[72.533, 27.431], [72.895, 27.519], [72.914, 27.278], [72.923, 27.076], [73.461, 26.06], [71.03, 24.851], [70.003, 26.511], [70.779, 26.609], [72.533, 27.431]]], "type": "Polygon"}, "properties": {"name": "Marwar"}}, {"type": "Feature", "geometry": {"coordinates": [[[75.093, 27.282], [76.193, 27.524], [76.828, 26.873], [76.348, 25.838], [75.611, 26.023], [75.205, 27.051], [75.093, 27.282]]], "type": "Polygon"}, "properties": {"name": "Dundhar"}}, {"type": "Feature", "geometry": {"coordinates": [[[83.703, 27.505], [83.881, 27.549], [85.508, 26.783], [86.18, 26.604], [85.666, 25.752], [84.079, 26.02], [83.918, 26.041], [83.785, 27.037], [83.703, 27.505]]], "type": "Polygon"}, "properties": {"name": "Tirhut"}}, {"type": "Feature", "geometry": {"coordinates": [[[-103.91, 27.398], [-103.394, 26.718], [-103.528, 25.403], [-101.473, 24.939], [-101.412, 24.48], [-101.973, 23.448], [-101.369, 22.268], [-101.936, 21.971], [-104.119, 22.883], [-104.418, 22.787], [-105.887, 24.124], [-107.118, 25.85], [-106.092, 27.055], [-105.316, 26.605], [-103.861, 27.251], [-103.91, 27.398]]], "type": "Polygon"}, "properties": {"name": "Tepehuan"}}, {"type": "Feature", "geometry": {"coordinates": [[[-80.335, 27.379], [-80.318, 25.435], [-81.07, 25.095], [-81.667, 25.982], [-81.265, 26.834], [-80.925, 27.049], [-80.39, 27.191], [-80.335, 27.379]]], "type": "Polygon"}, "properties": {"name": "Mayaimi"}}, {"type": "Feature", "geometry": {"coordinates": [[[93.003, 26.946], [94.052, 27.418], [94.646, 26.555], [93.192, 25.978], [93.003, 26.946]]], "type": "Polygon"}, "properties": {"name": "Assam"}}, {"type": "Feature", "geometry": {"coordinates": [[[-8.639, 27.266], [-8.556, 27.275], [-4.845, 25.138], [-6.537, 25.088], [-6.377, 24.002], [-8.329, 23.186], [-9.706, 23.218], [-11.091, 21.894], [-12.908, 21.871], [-13.042, 23.047], [-11.937, 23.608], [-11.923, 24.227], [-11.912, 25.999], [-8.685, 26.018], [-8.639, 27.266]]], "type": "Polygon"}, "properties": {"name": "Adrar"}}, {"type": "Feature", "geometry": {"coordinates": [[[66.016, 27.297], [66.753, 26.988], [67.212, 26.122], [66.712, 25.177], [66.389, 25.572], [64.379, 25.381], [64.587, 25.818], [65.129, 26.004], [66.016, 27.297]]], "type": "Polygon"}, "properties": {"name": "Bela"}}, {"type": "Feature", "geometry": {"coordinates": [[[117.088, 27.321], [118.13, 26.23], [117.157, 25.803], [117.101, 24.815], [116.162, 25.352], [116.981, 27.052], [117.088, 27.321]]], "type": "Polygon"}, "properties": {"name": "Tingzhou"}}, {"type": "Feature", "geometry": {"coordinates": [[[42.372, 25.56], [44.081, 27.139], [44.912, 26.132], [45.537, 25.205], [45.162, 22.747], [43.804, 22.348], [43.407, 22.601], [42.372, 25.56]]], "type": "Polygon"}, "properties": {"name": "Unaizah"}}, {"type": "Feature", "geometry": {"coordinates": [[[-103.394, 26.718], [-101.817, 27.008], [-100.965, 26.205], [-100.525, 24.541], [-101.412, 24.48], [-101.473, 24.939], [-103.528, 25.403], [-103.394, 26.718]]], "type": "Polygon"}, "properties": {"name": "Laguneros"}}, {"type": "Feature", "geometry": {"coordinates": [[[29.208, 26.345], [30.326, 27.089], [31.234, 26.489], [32.279, 25.472], [32.153, 24.326], [30.316, 25.171], [29.208, 26.345]]], "type": "Polygon"}, "properties": {"name": "Kargah"}}, {"type": "Feature", "geometry": {"coordinates": [[[32.591, 26.997], [33.498, 26.508], [33.347, 25.757], [32.279, 25.472], [31.234, 26.489], [32.591, 26.997]]], "type": "Polygon"}, "properties": {"name": "Nile"}}, {"type": "Feature", "geometry": {"coordinates": [[[40.335, 26.992], [41.377, 25.407], [40.224, 23.945], [38.024, 25.514], [38.052, 26.2], [40.337, 26.638], [40.335, 26.992]]], "type": "Polygon"}, "properties": {"name": "Medina"}}, {"type": "Feature", "geometry": {"coordinates": [[[73.751, 25.879], [75.205, 27.051], [75.611, 26.023], [75.456, 25.672], [73.376, 25.204], [73.751, 25.879]]], "type": "Polygon"}, "properties": {"name": "Ajmer"}}, {"type": "Feature", "geometry": {"coordinates": [[[76.828, 26.873], [77.639, 27.064], [78.722, 26.546], [79.084, 26.382], [78.37, 25.743], [77.854, 25.861], [77.213, 25.241], [76.848, 25.39], [76.348, 25.838], [76.828, 26.873]]], "type": "Polygon"}, "properties": {"name": "Gird"}}, {"type": "Feature", "geometry": {"coordinates": [[[83.785, 27.037], [83.918, 26.041], [84.079, 26.02], [83.39, 24.708], [82.978, 24.652], [82.075, 24.763], [81.919, 25.307], [83.393, 26.063], [83.771, 26.031], [83.785, 27.037]]], "type": "Polygon"}, "properties": {"name": "Varanasi"}}, {"type": "Feature", "geometry": {"coordinates": [[[95.134, 26.742], [95.873, 27.113], [95.816, 26.82], [95.676, 25.914], [95.725, 24.602], [95.976, 24.261], [95.34, 23.798], [94.872, 25.782], [95.092, 26.556], [95.134, 26.742]]], "type": "Polygon"}, "properties": {"name": "Tamanthi"}}, {"type": "Feature", "geometry": {"coordinates": [[[113.995, 26.53], [116.981, 27.052], [116.162, 25.352], [115.924, 25.274], [114.873, 24.965], [114.878, 25.686], [113.927, 25.884], [113.995, 26.53]]], "type": "Polygon"}, "properties": {"name": "Ganzhou"}}, {"type": "Feature", "geometry": {"coordinates": [[[-99.866, 26.666], [-99.363, 26.919], [-97.122, 25.888], [-97.738, 23.926], [-98.673, 25.024], [-100.127, 26.719], [-99.866, 26.666]]], "type": "Polygon"}, "properties": {"name": "Borrado"}}, {"type": "Feature", "geometry": {"coordinates": [[[0.374, 26.521], [3.764, 26.946], [4.833, 25.436], [5.598, 23.994], [6.009, 22.547], [6.939, 20.497], [4.183, 19.237], [3.154, 19.191], [3.29, 19.986], [1.678, 20.618], [0.382, 21.802], [0.189, 23.967], [0.24, 26.144], [0.374, 26.521]]], "type": "Polygon"}, "properties": {"name": "Ahaggar"}}, {"type": "Feature", "geometry": {"coordinates": [[[44.912, 26.132], [47.27, 26.933], [48.481, 26.271], [48.647, 24.878], [47.63, 24.364], [45.537, 25.205], [44.912, 26.132]]], "type": "Polygon"}, "properties": {"name": "Nejd"}}, {"type": "Feature", "geometry": {"coordinates": [[[88.929, 26.865], [91.279, 26.888], [90.783, 26.067], [89.756, 25.894], [89.105, 26.172], [88.918, 26.55], [88.929, 26.865]]], "type": "Polygon"}, "properties": {"name": "Koch Hajo"}}, {"type": "Feature", "geometry": {"coordinates": [[[91.279, 26.888], [92.049, 26.958], [93.003, 26.946], [93.192, 25.978], [92.837, 25.73], [90.783, 26.067], [91.279, 26.888]]], "type": "Polygon"}, "properties": {"name": "Darrang"}}, {"type": "Feature", "geometry": {"coordinates": [[[97.165, 26.402], [98.709, 26.884], [98.672, 26.367], [97.901, 25.321], [95.676, 25.914], [95.816, 26.82], [97.165, 26.402]]], "type": "Polygon"}, "properties": {"name": "Mong Kawng"}}, {"type": "Feature", "geometry": {"coordinates": [[[-108.981, 26.351], [-108.251, 26.818], [-107.118, 25.85], [-105.887, 24.124], [-104.418, 22.787], [-104.242, 22.022], [-105.082, 21.654], [-105.265, 21.569], [-106.036, 22.93], [-107.403, 24.273], [-108.15, 25.153], [-109.404, 25.874], [-108.981, 26.351]]], "type": "Polygon"}, "properties": {"name": "Huichol"}}, {"type": "Feature", "geometry": {"coordinates": [[[-100.18, 26.777], [-100.127, 26.719], [-98.673, 25.024], [-99.711, 23.385], [-100.525, 24.541], [-100.965, 26.205], [-100.18, 26.777]]], "type": "Polygon"}, "properties": {"name": "Cotoname"}}, {"type": "Feature", "geometry": {"coordinates": [[[68.146, 26.149], [69.324, 26.826], [70.779, 26.609], [70.003, 26.511], [71.03, 24.851], [70.975, 24.769], [70.737, 24.381], [68.677, 24.366], [68.647, 24.234], [68.128, 25.005], [68.146, 26.149]]], "type": "Polygon"}, "properties": {"name": "Umarkot"}}, {"type": "Feature", "geometry": {"coordinates": [[[88.012, 26.787], [88.112, 26.589], [88.806, 26.389], [88.918, 26.55], [89.105, 26.172], [89.756, 25.894], [89.664, 25.362], [89.529, 24.557], [88.537, 24.324], [87.941, 24.614], [88.861, 25.38], [87.979, 25.945], [88.163, 26.456], [86.845, 26.503], [88.074, 26.487], [88.012, 26.787]]], "type": "Polygon"}, "properties": {"name": "Barind"}}, {"type": "Feature", "geometry": {"coordinates": [[[33.498, 26.508], [33.976, 26.704], [35.688, 24.004], [35.366, 24.086], [34.168, 24.402], [33.347, 25.757], [33.498, 26.508]]], "type": "Polygon"}, "properties": {"name": "Al Qusayr"}}, {"type": "Feature", "geometry": {"coordinates": [[[98.672, 26.367], [101.618, 26.681], [101.997, 26.132], [100.773, 24.861], [99.746, 24.225], [97.7, 25.122], [97.901, 25.321], [98.672, 26.367]]], "type": "Polygon"}, "properties": {"name": "Dali"}}, {"type": "Feature", "geometry": {"coordinates": [[[101.997, 26.132], [102.805, 26.624], [102.825, 26.4], [104.332, 26.545], [104.678, 24.704], [104.2, 24.259], [103.387, 24.646], [102.036, 24.221], [100.773, 24.861], [101.997, 26.132]]], "type": "Polygon"}, "properties": {"name": "Yunnan"}}, {"type": "Feature", "geometry": {"coordinates": [[[79.996, 25.859], [80.597, 26.569], [80.996, 26.148], [81.919, 25.307], [82.075, 24.763], [80.333, 25.152], [80.066, 25.238], [79.996, 25.859]]], "type": "Polygon"}, "properties": {"name": "Lower Doab"}}, {"type": "Feature", "geometry": {"coordinates": [[[80.996, 26.148], [82.197, 26.576], [83.393, 26.063], [81.919, 25.307], [80.996, 26.148]]], "type": "Polygon"}, "properties": {"name": "Jaunpur"}}, {"type": "Feature", "geometry": {"coordinates": [[[86.18, 26.604], [86.845, 26.503], [88.163, 26.456], [87.979, 25.945], [86.399, 24.432], [85.408, 24.452], [85.426, 24.884], [85.666, 25.752], [86.18, 26.604]]], "type": "Polygon"}, "properties": {"name": "Bhagalpur"}}, {"type": "Feature", "geometry": {"coordinates": [[[93.192, 25.978], [94.646, 26.555], [95.092, 26.556], [94.872, 25.782], [94.55, 25.12], [94.538, 25.422], [93.409, 25.269], [93.023, 25.581], [92.837, 25.73], [93.192, 25.978]]], "type": "Polygon"}, "properties": {"name": "Naga"}}, {"type": "Feature", "geometry": {"coordinates": [[[-112.131, 26.098], [-111.401, 26.389], [-110.811, 25.047], [-110.578, 24.96], [-110.664, 24.325], [-109.931, 24.019], [-109.343, 23.286], [-109.823, 22.853], [-112.085, 24.898], [-112.131, 26.098]]], "type": "Polygon"}, "properties": {"name": "Guaycura"}}, {"type": "Feature", "geometry": {"coordinates": [[[79.084, 26.382], [79.996, 25.859], [80.066, 25.238], [79.108, 25.121], [78.37, 25.743], [79.084, 26.382]]], "type": "Polygon"}, "properties": {"name": "Kalpi"}}, {"type": "Feature", "geometry": {"coordinates": [[[109.798, 26.016], [110.698, 26.422], [111.373, 25.903], [111.177, 25.236], [111.785, 24.947], [111.977, 24.465], [112.595, 24.414], [112.622, 24.254], [112.04, 23.728], [111.648, 24.064], [109.907, 24.199], [109.798, 26.016]]], "type": "Polygon"}, "properties": {"name": "Guilin"}}, {"type": "Feature", "geometry": {"coordinates": [[[48.481, 26.271], [49.999, 26.15], [50.598, 25.028], [50.933, 24.569], [48.647, 24.878], [48.481, 26.271]]], "type": "Polygon"}, "properties": {"name": "Al Hasa"}}, {"type": "Feature", "geometry": {"coordinates": [[[56.24, 26.263], [56.385, 24.923], [55.83, 24.988], [55.056, 25.168], [56.24, 26.263]]], "type": "Polygon"}, "properties": {"name": "Qawasim"}}, {"type": "Feature", "geometry": {"coordinates": [[[67.212, 26.122], [68.146, 26.149], [68.128, 25.005], [68.647, 24.234], [68.614, 24.084], [67.526, 23.906], [67.073, 24.866], [66.565, 25.039], [66.712, 25.177], [67.212, 26.122]]], "type": "Polygon"}, "properties": {"name": "Lower Sind"}}, {"type": "Feature", "geometry": {"coordinates": [[[118.13, 26.23], [118.442, 26.322], [118.76, 25.147], [118.425, 24.783], [117.946, 24.686], [117.07, 23.737], [117.101, 24.815], [117.157, 25.803], [118.13, 26.23]]], "type": "Polygon"}, "properties": {"name": "Xiamen"}}, {"type": "Feature", "geometry": {"coordinates": [[[7.691, 25.744], [9.409, 26.183], [10.337, 24.715], [11.492, 24.328], [11.995, 23.582], [7.657, 21.042], [6.939, 20.497], [6.009, 22.547], [5.598, 23.994], [4.833, 25.436], [5.787, 25.674], [7.691, 25.744]]], "type": "Polygon"}, "properties": {"name": "Djanet"}}, {"type": "Feature", "geometry": {"coordinates": [[[50.598, 25.028], [51.139, 26.263], [51.228, 24.387], [50.933, 24.569], [50.598, 25.028]]], "type": "Polygon"}, "properties": {"name": "Qatar"}}, {"type": "Feature", "geometry": {"coordinates": [[[89.756, 25.894], [90.783, 26.067], [92.837, 25.73], [93.023, 25.581], [92.326, 25.249], [91.273, 25.255], [89.664, 25.362], [89.756, 25.894]]], "type": "Polygon"}, "properties": {"name": "Meghalaya"}}, {"type": "Feature", "geometry": {"coordinates": [[[71.03, 24.851], [73.461, 26.06], [73.751, 25.879], [73.376, 25.204], [73.116, 25.029], [72.677, 24.531], [71.221, 24.478], [70.975, 24.769], [71.03, 24.851]]], "type": "Polygon"}, "properties": {"name": "Gorwar"}}, {"type": "Feature", "geometry": {"coordinates": [[[75.611, 26.023], [76.348, 25.838], [76.848, 25.39], [76.546, 24.259], [75.925, 23.847], [75.244, 24.542], [75.456, 25.672], [75.611, 26.023]]], "type": "Polygon"}, "properties": {"name": "Hadoti"}}, {"type": "Feature", "geometry": {"coordinates": [[[84.079, 26.02], [85.666, 25.752], [85.426, 24.884], [85.354, 24.6], [84.543, 24.663], [83.39, 24.708], [84.079, 26.02]]], "type": "Polygon"}, "properties": {"name": "Bihar"}}, {"type": "Feature", "geometry": {"coordinates": [[[109.598, 25.936], [109.798, 26.016], [109.907, 24.199], [109.219, 23.41], [108.171, 24.288], [107.393, 24.151], [106.705, 25.117], [106.338, 25.152], [107.351, 25.649], [107.634, 25.392], [109.598, 25.936]]], "type": "Polygon"}, "properties": {"name": "Guangxi"}}, {"type": "Feature", "geometry": {"coordinates": [[[86.399, 24.432], [87.979, 25.945], [88.861, 25.38], [87.941, 24.614], [87.395, 23.955], [86.969, 24.083], [86.399, 24.432]]], "type": "Polygon"}, "properties": {"name": "Gauda"}}, {"type": "Feature", "geometry": {"coordinates": [[[95.676, 25.914], [97.901, 25.321], [97.7, 25.122], [97.549, 24.04], [97.735, 24.056], [97.001, 23.955], [96.479, 24.133], [95.976, 24.261], [95.725, 24.602], [95.676, 25.914]]], "type": "Polygon"}, "properties": {"name": "Kachin"}}, {"type": "Feature", "geometry": {"coordinates": [[[112.675, 25.338], [113.927, 25.884], [114.878, 25.686], [114.873, 24.965], [114.095, 24.442], [113.404, 24.165], [112.595, 24.414], [111.977, 24.465], [111.785, 24.947], [112.142, 25.458], [112.675, 25.338]]], "type": "Polygon"}, "properties": {"name": "Shiurwan"}}, {"type": "Feature", "geometry": {"coordinates": [[[32.279, 25.472], [33.347, 25.757], [34.168, 24.402], [33.471, 23.85], [32.207, 24.104], [32.153, 24.326], [32.279, 25.472]]], "type": "Polygon"}, "properties": {"name": "Ibrim"}}, {"type": "Feature", "geometry": {"coordinates": [[[73.376, 25.204], [75.456, 25.672], [75.244, 24.542], [74.742, 24.176], [73.116, 25.029], [73.376, 25.204]]], "type": "Polygon"}, "properties": {"name": "Chittor"}}, {"type": "Feature", "geometry": {"coordinates": [[[77.213, 25.241], [77.854, 25.861], [78.37, 25.743], [79.108, 25.121], [80.066, 25.238], [80.333, 25.152], [80.148, 24.104], [80.103, 23.918], [78.312, 24.375], [77.213, 25.241]]], "type": "Polygon"}, "properties": {"name": "Bundelkhand"}}, {"type": "Feature", "geometry": {"coordinates": [[[94.55, 25.12], [94.872, 25.782], [95.34, 23.798], [94.249, 23.003], [94.071, 24.015], [94.55, 25.12]]], "type": "Polygon"}, "properties": {"name": "Thaungdut"}}, {"type": "Feature", "geometry": {"coordinates": [[[13.521, 25.495], [16.594, 25.323], [17.612, 23.98], [17.587, 22.804], [16.002, 23.533], [14.979, 23.075], [12.93, 23.484], [12.65, 23.658], [13.521, 25.495]]], "type": "Polygon"}, "properties": {"name": "Tajarhi"}}, {"type": "Feature", "geometry": {"coordinates": [[[37.17, 25.093], [38.024, 25.514], [40.224, 23.945], [40.389, 23.327], [40.03, 23.31], [39.445, 22.101], [38.971, 22.182], [37.705, 24.306], [37.17, 25.093]]], "type": "Polygon"}, "properties": {"name": "Yanbu"}}, {"type": "Feature", "geometry": {"coordinates": [[[41.377, 25.407], [42.372, 25.56], [43.407, 22.601], [42.122, 22.128], [40.389, 23.327], [40.224, 23.945], [41.377, 25.407]]], "type": "Polygon"}, "properties": {"name": "Ma'din Sulaym"}}, {"type": "Feature", "geometry": {"coordinates": [[[92.326, 25.249], [93.023, 25.581], [93.409, 25.269], [92.851, 23.784], [92.024, 24.443], [92.326, 25.249]]], "type": "Polygon"}, "properties": {"name": "Kachar"}}, {"type": "Feature", "geometry": {"coordinates": [[[76.848, 25.39], [77.213, 25.241], [78.312, 24.375], [77.796, 24.118], [76.706, 23.804], [76.546, 24.259], [76.848, 25.39]]], "type": "Polygon"}, "properties": {"name": "Chanderi"}}, {"type": "Feature", "geometry": {"coordinates": [[[89.664, 25.362], [91.273, 25.255], [90.421, 24.208], [89.529, 24.557], [89.664, 25.362]]], "type": "Polygon"}, "properties": {"name": "Nasirabad"}}, {"type": "Feature", "geometry": {"coordinates": [[[93.409, 25.269], [94.538, 25.422], [94.55, 25.12], [94.071, 24.015], [93.529, 24.071], [93.273, 23.869], [92.851, 23.784], [93.409, 25.269]]], "type": "Polygon"}, "properties": {"name": "Manipur"}}, {"type": "Feature", "geometry": {"coordinates": [[[115.924, 25.274], [116.162, 25.352], [117.101, 24.815], [117.07, 23.737], [116.074, 22.943], [115.924, 25.274]]], "type": "Polygon"}, "properties": {"name": "Chaozhou"}}, {"type": "Feature", "geometry": {"coordinates": [[[121.395, 25.311], [121.819, 25.184], [121.744, 24.723], [120.455, 24.379], [121.395, 25.311]]], "type": "Polygon"}, "properties": {"name": "Kelam"}}, {"type": "Feature", "geometry": {"coordinates": [[[91.273, 25.255], [92.326, 25.249], [92.024, 24.443], [90.97, 23.749], [90.421, 24.208], [91.273, 25.255]]], "type": "Polygon"}, "properties": {"name": "Sylhet"}}, {"type": "Feature", "geometry": {"coordinates": [[[114.873, 24.965], [115.924, 25.274], [116.074, 22.943], [114.233, 22.7], [114.185, 22.831], [114.002, 23.392], [114.462, 23.981], [114.095, 24.442], [114.873, 24.965]]], "type": "Polygon"}, "properties": {"name": "Huizhou"}}, {"type": "Feature", "geometry": {"coordinates": [[[-78.308, 24.587], [-78.044, 25.127], [-77.752, 24.522], [-78.308, 24.587]]], "type": "Polygon"}, "properties": {"name": "Bahamas"}}, {"type": "Feature", "geometry": {"coordinates": [[[-6.537, 25.088], [-4.845, 25.138], [-3.913, 24.579], [-0.557, 22.348], [-0.786, 20.798], [-1.964, 20.91], [-2.701, 21.543], [-3.957, 21.829], [-4.872, 22.11], [-6.063, 21.557], [-6.377, 24.002], [-6.537, 25.088]]], "type": "Polygon"}, "properties": {"name": "Taodeni"}}, {"type": "Feature", "geometry": {"coordinates": [[[45.537, 25.205], [47.63, 24.364], [48.032, 24.369], [48.31, 23.689], [46.248, 21.984], [45.162, 22.747], [45.537, 25.205]]], "type": "Polygon"}, "properties": {"name": "Falaj"}}, {"type": "Feature", "geometry": {"coordinates": [[[54.349, 24.401], [55.056, 25.168], [55.83, 24.988], [55.782, 24.06], [55.4, 23.963], [55.068, 23.868], [54.349, 24.401]]], "type": "Polygon"}, "properties": {"name": "Beni Yas"}}, {"type": "Feature", "geometry": {"coordinates": [[[80.333, 25.152], [82.075, 24.763], [82.978, 24.652], [82.213, 23.763], [81.588, 23.091], [79.944, 23.187], [80.103, 23.918], [80.148, 24.104], [80.333, 25.152]]], "type": "Polygon"}, "properties": {"name": "Baghelkhand"}}, {"type": "Feature", "geometry": {"coordinates": [[[97.549, 24.04], [97.7, 25.122], [99.746, 24.225], [99.703, 22.8], [99.341, 22.861], [99.428, 23.147], [98.875, 23.235], [98.579, 24.241], [97.735, 24.056], [97.549, 24.04]]], "type": "Polygon"}, "properties": {"name": "Dehong"}}, {"type": "Feature", "geometry": {"coordinates": [[[105.989, 24.892], [106.338, 25.152], [106.705, 25.117], [107.393, 24.151], [107.666, 23.957], [106.651, 22.895], [105.341, 23.42], [104.77, 24.783], [105.989, 24.892]]], "type": "Polygon"}, "properties": {"name": "Wenshan"}}, {"type": "Feature", "geometry": {"coordinates": [[[-98.673, 25.024], [-97.738, 23.926], [-97.889, 22.373], [-98.965, 22.513], [-99.711, 23.385], [-98.673, 25.024]]], "type": "Polygon"}, "properties": {"name": "Tamaulipas"}}, {"type": "Feature", "geometry": {"coordinates": [[[55.83, 24.988], [56.385, 24.923], [57.338, 23.895], [57.477, 23.248], [55.782, 24.06], [55.83, 24.988]]], "type": "Polygon"}, "properties": {"name": "Suhar"}}, {"type": "Feature", "geometry": {"coordinates": [[[72.677, 24.531], [73.116, 25.029], [74.742, 24.176], [74.429, 23.573], [74.314, 23.586], [73.341, 23.741], [72.677, 24.531]]], "type": "Polygon"}, "properties": {"name": "Mewar"}}, {"type": "Feature", "geometry": {"coordinates": [[[47.63, 24.364], [48.647, 24.878], [50.933, 24.569], [51.228, 24.387], [51.515, 24.246], [51.752, 23.862], [48.31, 23.689], [48.032, 24.369], [47.63, 24.364]]], "type": "Polygon"}, "properties": {"name": "Yabrin"}}, {"type": "Feature", "geometry": {"coordinates": [[[85.354, 24.6], [85.426, 24.884], [85.408, 24.452], [86.399, 24.432], [86.969, 24.083], [85.734, 23.288], [84.551, 24.067], [84.543, 24.663], [85.354, 24.6]]], "type": "Polygon"}, "properties": {"name": "Damin"}}, {"type": "Feature", "geometry": {"coordinates": [[[99.746, 24.225], [100.773, 24.861], [102.036, 24.221], [102.379, 23.837], [101.974, 22.831], [99.703, 22.8], [99.746, 24.225]]], "type": "Polygon"}, "properties": {"name": "Pu'er"}}, {"type": "Feature", "geometry": {"coordinates": [[[70.737, 24.381], [70.975, 24.769], [71.221, 24.478], [70.532, 23.48], [70.192, 23.511], [70.081, 23.036], [69.18, 22.884], [68.308, 23.808], [67.526, 23.906], [68.614, 24.084], [68.647, 24.234], [68.677, 24.366], [70.737, 24.381]]], "type": "Polygon"}, "properties": {"name": "Kutch"}}, {"type": "Feature", "geometry": {"coordinates": [[[71.221, 24.478], [72.677, 24.531], [73.341, 23.741], [72.883, 23.257], [71.555, 23.323], [70.532, 23.48], [71.221, 24.478]]], "type": "Polygon"}, "properties": {"name": "Patan"}}, {"type": "Feature", "geometry": {"coordinates": [[[82.978, 24.652], [83.39, 24.708], [84.543, 24.663], [84.551, 24.067], [85.734, 23.288], [85.862, 22.94], [85.711, 22.577], [85.26, 22.373], [84.611, 22.849], [83.439, 22.629], [82.213, 23.763], [82.978, 24.652]]], "type": "Polygon"}, "properties": {"name": "Jharkand"}}, {"type": "Feature", "geometry": {"coordinates": [[[104.678, 24.704], [104.77, 24.783], [105.341, 23.42], [103.766, 22.727], [101.995, 22.588], [101.788, 22.528], [101.974, 22.831], [102.379, 23.837], [102.036, 24.221], [103.387, 24.646], [104.2, 24.259], [104.678, 24.704]]], "type": "Polygon"}, "properties": {"name": "Guangnan"}}, {"type": "Feature", "geometry": {"coordinates": [[[120.455, 24.379], [121.744, 24.723], [120.931, 22.723], [120.17, 23.914], [120.455, 24.379]]], "type": "Polygon"}, "properties": {"name": "Middag"}}, {"type": "Feature", "geometry": {"coordinates": [[[-101.412, 24.48], [-100.525, 24.541], [-99.711, 23.385], [-98.965, 22.513], [-99.362, 22.323], [-100.199, 21.898], [-101.369, 22.268], [-101.973, 23.448], [-101.412, 24.48]]], "type": "Polygon"}, "properties": {"name": "Guachichil"}}, {"type": "Feature", "geometry": {"coordinates": [[[87.941, 24.614], [88.537, 24.324], [88.681, 23.249], [88.984, 21.822], [88.621, 21.67], [88.53, 22.137], [88.123, 21.712], [88.045, 21.994], [88.003, 22.153], [88.012, 22.406], [87.662, 22.528], [87.395, 23.955], [87.941, 24.614]]], "type": "Polygon"}, "properties": {"name": "Bangala"}}, {"type": "Feature", "geometry": {"coordinates": [[[88.537, 24.324], [89.529, 24.557], [90.421, 24.208], [90.97, 23.749], [91.404, 22.964], [91.389, 22.942], [90.962, 22.7], [90.219, 23.539], [88.681, 23.249], [88.537, 24.324]]], "type": "Polygon"}, "properties": {"name": "Dacca"}}, {"type": "Feature", "geometry": {"coordinates": [[[74.742, 24.176], [75.244, 24.542], [75.925, 23.847], [76.546, 24.259], [76.706, 23.804], [76.785, 23.565], [74.458, 23.313], [74.429, 23.573], [74.742, 24.176]]], "type": "Polygon"}, "properties": {"name": "Malwa"}}, {"type": "Feature", "geometry": {"coordinates": [[[113.404, 24.165], [114.095, 24.442], [114.462, 23.981], [114.002, 23.392], [114.185, 22.831], [113.718, 22.671], [113.454, 22.887], [113.337, 22.982], [113.063, 22.158], [112.249, 21.843], [112.966, 23.58], [112.622, 24.254], [112.595, 24.414], [113.404, 24.165]]], "type": "Polygon"}, "properties": {"name": "Guangzhou"}}, {"type": "Feature", "geometry": {"coordinates": [[[33.471, 23.85], [34.168, 24.402], [35.366, 24.086], [35.639, 23.066], [36.708, 22.233], [35.331, 22.137], [33.532, 22.147], [33.471, 23.85]]], "type": "Polygon"}, "properties": {"name": "Halaib"}}, {"type": "Feature", "geometry": {"coordinates": [[[51.972, 24.049], [54.349, 24.401], [55.068, 23.868], [52.103, 23.442], [51.752, 23.862], [51.515, 24.246], [51.972, 24.049]]], "type": "Polygon"}, "properties": {"name": "Abd Al-Qays"}}, {"type": "Feature", "geometry": {"coordinates": [[[77.796, 24.118], [78.312, 24.375], [80.103, 23.918], [79.944, 23.187], [79.42, 22.775], [78.633, 22.834], [77.796, 24.118]]], "type": "Polygon"}, "properties": {"name": "Mahakoshal"}}, {"type": "Feature", "geometry": {"coordinates": [[[90.97, 23.749], [92.024, 24.443], [92.851, 23.784], [93.273, 23.869], [92.937, 22.281], [92.527, 22.102], [92.132, 23.879], [91.404, 22.964], [90.97, 23.749]]], "type": "Polygon"}, "properties": {"name": "Tripura"}}, {"type": "Feature", "geometry": {"coordinates": [[[-16.535, 22.371], [-15.386, 24.244], [-11.923, 24.227], [-11.937, 23.608], [-13.042, 23.047], [-12.908, 21.871], [-13.119, 21.392], [-16.944, 21.531], [-16.535, 22.371]]], "type": "Polygon"}, "properties": {"name": "Rio de Oro"}}, {"type": "Feature", "geometry": {"coordinates": [[[95.976, 24.261], [96.479, 24.133], [96.212, 22.84], [95.906, 22.636], [95.837, 22.059], [95.137, 22.022], [94.287, 22.166], [94.249, 23.003], [95.34, 23.798], [95.976, 24.261]]], "type": "Polygon"}, "properties": {"name": "Sagaing"}}, {"type": "Feature", "geometry": {"coordinates": [[[97.735, 24.056], [98.579, 24.241], [98.875, 23.235], [99.428, 23.147], [99.341, 22.861], [99.084, 22.366], [98.419, 22.28], [97.784, 22.383], [97.001, 23.955], [97.735, 24.056]]], "type": "Polygon"}, "properties": {"name": "Hsenwi"}}, {"type": "Feature", "geometry": {"coordinates": [[[107.393, 24.151], [108.171, 24.288], [109.219, 23.41], [109.445, 22.813], [108.195, 22.648], [107.503, 21.688], [106.62, 22.075], [106.651, 22.895], [107.666, 23.957], [107.393, 24.151]]], "type": "Polygon"}, "properties": {"name": "Namning"}}, {"type": "Feature", "geometry": {"coordinates": [[[109.907, 24.199], [111.648, 24.064], [111.278, 22.805], [111.155, 22.713], [109.812, 21.85], [109.85, 22.776], [109.445, 22.813], [109.219, 23.41], [109.907, 24.199]]], "type": "Polygon"}, "properties": {"name": "Wuzhou"}}, {"type": "Feature", "geometry": {"coordinates": [[[112.622, 24.254], [112.966, 23.58], [112.249, 21.843], [111.737, 21.729], [111.155, 22.713], [111.278, 22.805], [111.648, 24.064], [112.04, 23.728], [112.622, 24.254]]], "type": "Polygon"}, "properties": {"name": "XXX"}}, {"type": "Feature", "geometry": {"coordinates": [[[31.079, 22.966], [32.207, 24.104], [33.471, 23.85], [33.532, 22.147], [32.657, 22.139], [30.767, 22.152], [31.079, 22.966]]], "type": "Polygon"}, "properties": {"name": "Nubia"}}, {"type": "Feature", "geometry": {"coordinates": [[[55.4, 23.963], [55.782, 24.06], [57.477, 23.248], [57.582, 22.558], [56.763, 20.979], [55.359, 21.31], [55.621, 22.119], [55.071, 22.782], [55.4, 23.963]]], "type": "Polygon"}, "properties": {"name": "Nizwa"}}, {"type": "Feature", "geometry": {"coordinates": [[[76.706, 23.804], [77.796, 24.118], [78.633, 22.834], [77.392, 21.98], [76.822, 22.017], [76.785, 23.565], [76.706, 23.804]]], "type": "Polygon"}, "properties": {"name": "Bhilsa"}}, {"type": "Feature", "geometry": {"coordinates": [[[86.969, 24.083], [87.395, 23.955], [87.662, 22.528], [85.862, 22.94], [85.734, 23.288], [86.969, 24.083]]], "type": "Polygon"}, "properties": {"name": "Lakhnor"}}, {"type": "Feature", "geometry": {"coordinates": [[[93.529, 24.071], [94.071, 24.015], [94.249, 23.003], [94.287, 22.166], [94.074, 20.915], [92.495, 21.574], [92.527, 22.102], [92.937, 22.281], [93.273, 23.869], [93.529, 24.071]]], "type": "Polygon"}, "properties": {"name": "Chin"}}, {"type": "Feature", "geometry": {"coordinates": [[[96.479, 24.133], [97.001, 23.955], [97.784, 22.383], [96.5, 21.809], [96.212, 22.84], [96.479, 24.133]]], "type": "Polygon"}, "properties": {"name": "Hsipaw"}}, {"type": "Feature", "geometry": {"coordinates": [[[-8.329, 23.186], [-6.377, 24.002], [-6.063, 21.557], [-5.8, 18.936], [-5.742, 18.421], [-8.512, 17.631], [-9.228, 18.852], [-9.222, 20.181], [-8.376, 22.387], [-8.329, 23.186]]], "type": "Polygon"}, "properties": {"name": "Hodh"}}, {"type": "Feature", "geometry": {"coordinates": [[[17.612, 23.98], [17.63, 22.783], [19.62, 21.797], [18.597, 20.098], [15.701, 19.74], [15.783, 20.564], [15.204, 21.733], [14.979, 23.075], [16.002, 23.533], [17.587, 22.804], [17.612, 23.98]]], "type": "Polygon"}, "properties": {"name": "Tibesti"}}, {"type": "Feature", "geometry": {"coordinates": [[[55.068, 23.868], [55.4, 23.963], [55.071, 22.782], [52.103, 23.442], [55.068, 23.868]]], "type": "Polygon"}, "properties": {"name": "Liwa"}}, {"type": "Feature", "geometry": {"coordinates": [[[48.31, 23.689], [51.752, 23.862], [52.103, 23.442], [55.071, 22.782], [55.621, 22.119], [55.359, 21.31], [54.533, 19.921], [51.432, 18.995], [48.234, 18.348], [46.679, 19.195], [46.248, 21.984], [48.31, 23.689]]], "type": "Polygon"}, "properties": {"name": "Rub' al Khali"}}, {"type": "Feature", "geometry": {"coordinates": [[[57.338, 23.895], [58.533, 23.616], [59.152, 22.949], [57.582, 22.558], [57.477, 23.248], [57.338, 23.895]]], "type": "Polygon"}, "properties": {"name": "Muscat"}}, {"type": "Feature", "geometry": {"coordinates": [[[91.404, 22.964], [92.132, 23.879], [92.527, 22.102], [92.495, 21.574], [92.026, 21.25], [91.389, 22.942], [91.404, 22.964]]], "type": "Polygon"}, "properties": {"name": "Chittagong"}}, {"type": "Feature", "geometry": {"coordinates": [[[120.762, 22.077], [120.17, 23.914], [120.931, 22.723], [120.762, 22.077]]], "type": "Polygon"}, "properties": {"name": "Taiwan"}}, {"type": "Feature", "geometry": {"coordinates": [[[73.341, 23.741], [74.314, 23.586], [74.559, 21.987], [74.041, 21.846], [73.249, 22.806], [72.883, 23.257], [73.341, 23.741]]], "type": "Polygon"}, "properties": {"name": "Rewa Kantha"}}, {"type": "Feature", "geometry": {"coordinates": [[[81.588, 23.091], [82.213, 23.763], [83.439, 22.629], [83.542, 21.835], [82.714, 21.691], [82.547, 21.958], [81.588, 23.091]]], "type": "Polygon"}, "properties": {"name": "Mandla"}}, {"type": "Feature", "geometry": {"coordinates": [[[7.657, 21.042], [11.995, 23.582], [12.93, 23.484], [14.979, 23.075], [15.204, 21.733], [15.783, 20.564], [15.701, 19.74], [15.501, 17.607], [13.611, 18.093], [12.046, 18.591], [10.446, 18.665], [8.412, 19.366], [7.657, 21.042]]], "type": "Polygon"}, "properties": {"name": "Niger"}}, {"type": "Feature", "geometry": {"coordinates": [[[74.314, 23.586], [74.429, 23.573], [74.458, 23.313], [76.785, 23.565], [76.822, 22.017], [77.392, 21.98], [77.315, 21.488], [77.241, 21.873], [76.194, 21.707], [74.618, 21.59], [74.559, 21.987], [74.314, 23.586]]], "type": "Polygon"}, "properties": {"name": "Mandu"}}, {"type": "Feature", "geometry": {"coordinates": [[[70.192, 23.511], [70.532, 23.48], [71.555, 23.323], [71.565, 22.709], [71.049, 21.569], [70.369, 21.958], [70.4, 23.03], [70.081, 23.036], [70.192, 23.511]]], "type": "Polygon"}, "properties": {"name": "Rajkot"}}, {"type": "Feature", "geometry": {"coordinates": [[[71.555, 23.323], [72.883, 23.257], [73.249, 22.806], [72.566, 22.272], [72.649, 22.405], [72.041, 22.395], [71.565, 22.709], [71.555, 23.323]]], "type": "Polygon"}, "properties": {"name": "Gujarat"}}, {"type": "Feature", "geometry": {"coordinates": [[[88.681, 23.249], [90.219, 23.539], [90.107, 21.886], [89.787, 22.119], [89.555, 21.822], [89.386, 22.017], [88.984, 21.822], [88.681, 23.249]]], "type": "Polygon"}, "properties": {"name": "Sunderbans"}}, {"type": "Feature", "geometry": {"coordinates": [[[103.766, 22.727], [105.341, 23.42], [106.651, 22.895], [106.62, 22.075], [106.219, 21.439], [104.504, 22.052], [103.766, 22.727]]], "type": "Polygon"}, "properties": {"name": "Cao Bang"}}, {"type": "Feature", "geometry": {"coordinates": [[[-9.706, 23.218], [-8.329, 23.186], [-8.376, 22.387], [-9.222, 20.181], [-9.228, 18.852], [-9.997, 19.481], [-12.239, 18.416], [-13.433, 18.706], [-13.119, 21.392], [-12.908, 21.871], [-11.091, 21.894], [-9.706, 23.218]]], "type": "Polygon"}, "properties": {"name": "El Djouf"}}, {"type": "Feature", "geometry": {"coordinates": [[[40.03, 23.31], [40.389, 23.327], [42.122, 22.128], [41.24, 21.039], [39.831, 21.321], [39.445, 22.101], [40.03, 23.31]]], "type": "Polygon"}, "properties": {"name": "Mecca"}}, {"type": "Feature", "geometry": {"coordinates": [[[79.944, 23.187], [81.588, 23.091], [82.547, 21.958], [81.21, 22.151], [81.037, 21.825], [79.653, 21.604], [79.42, 22.775], [79.944, 23.187]]], "type": "Polygon"}, "properties": {"name": "Mahakoshal"}}, {"type": "Feature", "geometry": {"coordinates": [[[-83.791, 22.707], [-80.258, 22.87], [-80.86, 22.526], [-81.679, 22.498], [-84.477, 21.873], [-83.791, 22.707]]], "type": "Polygon"}, "properties": {"name": "Havana"}}, {"type": "Feature", "geometry": {"coordinates": [[[-104.418, 22.787], [-104.119, 22.883], [-101.936, 21.971], [-101.826, 20.955], [-101.981, 20.976], [-103.838, 21.264], [-104.242, 22.022], [-104.418, 22.787]]], "type": "Polygon"}, "properties": {"name": "Huichol"}}, {"type": "Feature", "geometry": {"coordinates": [[[59.152, 22.949], [59.703, 22.485], [59.446, 21.771], [58.459, 20.577], [57.802, 20.478], [56.763, 20.979], [57.582, 22.558], [59.152, 22.949]]], "type": "Polygon"}, "properties": {"name": "Sharqiyah"}}, {"type": "Feature", "geometry": {"coordinates": [[[68.751, 22.433], [70.4, 23.03], [70.369, 21.958], [69.546, 21.603], [68.751, 22.433]]], "type": "Polygon"}, "properties": {"name": "Kathiawar"}}, {"type": "Feature", "geometry": {"coordinates": [[[78.633, 22.834], [79.42, 22.775], [79.653, 21.604], [78.111, 21.397], [77.292, 21.329], [77.315, 21.488], [77.392, 21.98], [78.633, 22.834]]], "type": "Polygon"}, "properties": {"name": "Mahadeo"}}, {"type": "Feature", "geometry": {"coordinates": [[[85.862, 22.94], [87.662, 22.528], [88.012, 22.406], [88.003, 22.153], [88.045, 21.994], [87.138, 21.583], [86.455, 22.047], [85.711, 22.577], [85.862, 22.94]]], "type": "Polygon"}, "properties": {"name": "Midnapore"}}, {"type": "Feature", "geometry": {"coordinates": [[[113.063, 22.158], [113.337, 22.982], [113.454, 22.887], [113.063, 22.158]]], "type": "Polygon"}, "properties": {"name": "Macau"}}, {"type": "Feature", "geometry": {"coordinates": [[[-80.86, 22.526], [-80.258, 22.87], [-79.963, 22.758], [-79.237, 22.358], [-78.575, 22.388], [-77.347, 21.591], [-77.467, 21.152], [-78.744, 21.776], [-80.86, 22.526]]], "type": "Polygon"}, "properties": {"name": "Camaguey"}}, {"type": "Feature", "geometry": {"coordinates": [[[43.804, 22.348], [45.162, 22.747], [46.248, 21.984], [46.679, 19.195], [45.658, 19.323], [44.113, 20.465], [43.804, 22.348]]], "type": "Polygon"}, "properties": {"name": "Tamara"}}, {"type": "Feature", "geometry": {"coordinates": [[[73.249, 22.806], [74.041, 21.846], [74.012, 21.603], [72.769, 21.688], [72.469, 22.118], [72.566, 22.272], [73.249, 22.806]]], "type": "Polygon"}, "properties": {"name": "Baroda"}}, {"type": "Feature", "geometry": {"coordinates": [[[83.439, 22.629], [84.611, 22.849], [85.26, 22.373], [83.188, 20.699], [82.825, 20.762], [82.714, 21.691], [83.542, 21.835], [83.439, 22.629]]], "type": "Polygon"}, "properties": {"name": "Sambalpur"}}, {"type": "Feature", "geometry": {"coordinates": [[[95.906, 22.636], [96.212, 22.84], [96.5, 21.809], [96.899, 19.623], [96.901, 19.506], [96.466, 19.469], [95.682, 19.464], [95.505, 21.002], [95.137, 22.022], [95.837, 22.059], [95.906, 22.636]]], "type": "Polygon"}, "properties": {"name": "Kyuakse"}}, {"type": "Feature", "geometry": {"coordinates": [[[99.084, 22.366], [99.341, 22.861], [99.703, 22.8], [101.974, 22.831], [101.788, 22.528], [101.575, 22.459], [101.664, 21.241], [100.985, 21.552], [101.019, 21.758], [100.099, 21.536], [99.778, 22.077], [99.084, 22.366]]], "type": "Polygon"}, "properties": {"name": "Xishuan Banna"}}, {"type": "Feature", "geometry": {"coordinates": [[[101.995, 22.588], [103.766, 22.727], [104.504, 22.052], [104.49, 20.88], [103.141, 20.83], [102.841, 21.417], [101.995, 22.588]]], "type": "Polygon"}, "properties": {"name": "Song La"}}, {"type": "Feature", "geometry": {"coordinates": [[[108.195, 22.648], [109.445, 22.813], [109.85, 22.776], [109.812, 21.85], [109.71, 21.606], [109.159, 21.494], [108.519, 21.872], [107.931, 21.583], [107.503, 21.688], [108.195, 22.648]]], "type": "Polygon"}, "properties": {"name": "Lianzhou"}}, {"type": "Feature", "geometry": {"coordinates": [[[113.718, 22.671], [114.185, 22.831], [114.233, 22.7], [114.205, 22.357], [113.718, 22.671]]], "type": "Polygon"}, "properties": {"name": "Hongkong"}}, {"type": "Feature", "geometry": {"coordinates": [[[71.049, 21.569], [71.565, 22.709], [72.041, 22.395], [71.637, 21.134], [71.049, 21.569]]], "type": "Polygon"}, "properties": {"name": "Bhavnagar"}}, {"type": "Feature", "geometry": {"coordinates": [[[109.812, 21.85], [111.155, 22.713], [111.737, 21.729], [110.101, 21.108], [110.446, 20.383], [109.798, 20.507], [109.71, 21.606], [109.812, 21.85]]], "type": "Polygon"}, "properties": {"name": "Leizhou"}}, {"type": "Feature", "geometry": {"coordinates": [[[-99.362, 22.323], [-98.965, 22.513], [-97.889, 22.373], [-97.766, 22.365], [-97.378, 21.393], [-97.343, 20.976], [-98.075, 21.283], [-99.362, 22.323]]], "type": "Polygon"}, "properties": {"name": "Iziccoac"}}, {"type": "Feature", "geometry": {"coordinates": [[[-81.679, 22.498], [-80.86, 22.526], [-78.744, 21.776], [-78.696, 21.637], [-80.402, 22.011], [-81.983, 22.296], [-81.679, 22.498]]], "type": "Polygon"}, "properties": {"name": "Moron"}}, {"type": "Feature", "geometry": {"coordinates": [[[42.122, 22.128], [43.407, 22.601], [43.804, 22.348], [44.113, 20.465], [42.411, 19.654], [41.24, 21.039], [42.122, 22.128]]], "type": "Polygon"}, "properties": {"name": "Truba"}}, {"type": "Feature", "geometry": {"coordinates": [[[85.26, 22.373], [85.711, 22.577], [86.455, 22.047], [85.555, 20.976], [84.853, 20.056], [84.563, 20.151], [83.902, 20.597], [83.188, 20.699], [85.26, 22.373]]], "type": "Polygon"}, "properties": {"name": "Khurda"}}, {"type": "Feature", "geometry": {"coordinates": [[[101.575, 22.459], [101.788, 22.528], [101.995, 22.588], [102.841, 21.417], [100.426, 19.98], [100.093, 20.622], [100.985, 21.552], [101.664, 21.241], [101.575, 22.459]]], "type": "Polygon"}, "properties": {"name": "Luang Namtha"}}, {"type": "Feature", "geometry": {"coordinates": [[[96.5, 21.809], [97.784, 22.383], [98.419, 22.28], [98.459, 20.601], [96.899, 19.623], [96.5, 21.809]]], "type": "Polygon"}, "properties": {"name": "Mongnai"}}, {"type": "Feature", "geometry": {"coordinates": [[[98.419, 22.28], [99.084, 22.366], [99.778, 22.077], [100.099, 21.536], [101.019, 21.758], [100.985, 21.552], [100.093, 20.622], [99.098, 20.076], [98.987, 20.004], [98.459, 20.601], [98.419, 22.28]]], "type": "Polygon"}, "properties": {"name": "Keng Tung"}}, {"type": "Feature", "geometry": {"coordinates": [[[-101.369, 22.268], [-100.199, 21.898], [-99.37, 20.981], [-99.67, 20.606], [-100.103, 20.552], [-101.826, 20.955], [-101.936, 21.971], [-101.369, 22.268]]], "type": "Polygon"}, "properties": {"name": "Guamares"}}, {"type": "Feature", "geometry": {"coordinates": [[[-100.199, 21.898], [-99.362, 22.323], [-98.075, 21.283], [-98.305, 21.004], [-99.37, 20.981], [-100.199, 21.898]]], "type": "Polygon"}, "properties": {"name": "Metztitlan"}}, {"type": "Feature", "geometry": {"coordinates": [[[-0.786, 20.798], [-0.557, 22.348], [0.382, 21.802], [1.678, 20.618], [3.29, 19.986], [3.154, 19.191], [2.494, 18.004], [1.129, 17.679], [0.854, 17.59], [-0.202, 19.02], [-0.948, 18.84], [-1.101, 18.991], [-0.786, 20.798]]], "type": "Polygon"}, "properties": {"name": "Tadimekket"}}, {"type": "Feature", "geometry": {"coordinates": [[[36.708, 22.233], [37.363, 19.028], [38.525, 18.109], [38.139, 17.677], [37.644, 17.499], [36.627, 18.096], [35.994, 19.979], [35.2, 20.206], [35.818, 20.279], [35.331, 22.137], [36.708, 22.233]]], "type": "Polygon"}, "properties": {"name": "Suakin"}}, {"type": "Feature", "geometry": {"coordinates": [[[-6.063, 21.557], [-4.872, 22.11], [-3.957, 21.829], [-2.701, 21.543], [-1.964, 20.91], [-0.786, 20.798], [-1.101, 18.991], [-3.179, 18.844], [-4.331, 18.78], [-4.608, 19.239], [-5.8, 18.936], [-6.063, 21.557]]], "type": "Polygon"}, "properties": {"name": "Azawadd"}}, {"type": "Feature", "geometry": {"coordinates": [[[24.954, 20.161], [24.976, 22.156], [30.721, 22.149], [30.028, 21.197], [30.048, 20.375], [30.127, 19.109], [30.582, 17.72], [29.64, 16.16], [29.113, 16.169], [27.998, 16.481], [26.332, 16.175], [24.561, 15.537], [23.967, 15.957], [23.974, 18.848], [23.838, 19.72], [24.103, 20.108], [24.954, 20.161]]], "type": "Polygon"}, "properties": {"name": "Shamal Darfur"}}, {"type": "Feature", "geometry": {"coordinates": [[[30.721, 22.149], [30.767, 22.152], [32.657, 22.139], [32.027, 21.051], [31.412, 20.251], [30.048, 20.375], [30.028, 21.197], [30.721, 22.149]]], "type": "Polygon"}, "properties": {"name": "Wadi Halfa"}}, {"type": "Feature", "geometry": {"coordinates": [[[32.657, 22.139], [33.532, 22.147], [35.331, 22.137], [35.818, 20.279], [35.2, 20.206], [34.074, 19.85], [33.323, 20.112], [33.163, 20.084], [31.84, 19.808], [31.412, 20.251], [32.027, 21.051], [32.657, 22.139]]], "type": "Polygon"}, "properties": {"name": "Sahra An Nubyah"}}, {"type": "Feature", "geometry": {"coordinates": [[[38.971, 22.182], [39.445, 22.101], [39.831, 21.321], [41.24, 21.039], [42.411, 19.654], [42.074, 19.301], [41.087, 19.065], [39.871, 20.449], [38.971, 22.182]]], "type": "Polygon"}, "properties": {"name": "Jeddah"}}, {"type": "Feature", "geometry": {"coordinates": [[[81.21, 22.151], [82.547, 21.958], [82.714, 21.691], [82.825, 20.762], [82.89, 20.567], [81.321, 20.347], [81.228, 20.56], [81.143, 20.808], [81.037, 21.825], [81.21, 22.151]]], "type": "Polygon"}, "properties": {"name": "Raipur"}}, {"type": "Feature", "geometry": {"coordinates": [[[94.287, 22.166], [95.137, 22.022], [95.505, 21.002], [95.682, 19.464], [96.466, 19.469], [94.86, 19.406], [94.524, 20.052], [94.074, 20.915], [94.287, 22.166]]], "type": "Polygon"}, "properties": {"name": "Pagan"}}, {"type": "Feature", "geometry": {"coordinates": [[[-105.082, 21.654], [-104.242, 22.022], [-103.838, 21.264], [-103.927, 20.126], [-104.898, 19.397], [-105.6, 20.4], [-105.193, 20.576], [-105.266, 20.91], [-105.082, 21.654]]], "type": "Polygon"}, "properties": {"name": "Sayultecas"}}, {"type": "Feature", "geometry": {"coordinates": [[[74.041, 21.846], [74.559, 21.987], [74.618, 21.59], [74.801, 20.616], [74.945, 20.047], [73.559, 19.906], [73.413, 20.004], [74.012, 21.603], [74.041, 21.846]]], "type": "Polygon"}, "properties": {"name": "Baglana"}}, {"type": "Feature", "geometry": {"coordinates": [[[86.455, 22.047], [87.138, 21.583], [87.063, 20.723], [86.891, 20.548], [85.555, 20.976], [86.455, 22.047]]], "type": "Polygon"}, "properties": {"name": "Balasore"}}, {"type": "Feature", "geometry": {"coordinates": [[[104.504, 22.052], [106.219, 21.439], [105.506, 20.624], [104.901, 20.231], [104.49, 20.88], [104.504, 22.052]]], "type": "Polygon"}, "properties": {"name": "Viet Bac"}}, {"type": "Feature", "geometry": {"coordinates": [[[106.219, 21.439], [106.62, 22.075], [107.503, 21.688], [107.931, 21.583], [106.7, 20.924], [105.807, 20.004], [105.506, 20.624], [106.219, 21.439]]], "type": "Polygon"}, "properties": {"name": "Thang Long"}}, {"type": "Feature", "geometry": {"coordinates": [[[69.546, 21.603], [70.369, 21.958], [71.049, 21.569], [71.637, 21.134], [70.631, 20.848], [69.546, 21.603]]], "type": "Polygon"}, "properties": {"name": "Girnar"}}, {"type": "Feature", "geometry": {"coordinates": [[[76.194, 21.707], [77.241, 21.873], [77.315, 21.488], [77.292, 21.329], [76.481, 20.907], [76.152, 20.519], [74.801, 20.616], [74.618, 21.59], [76.194, 21.707]]], "type": "Polygon"}, "properties": {"name": "Khandesh"}}, {"type": "Feature", "geometry": {"coordinates": [[[79.653, 21.604], [81.037, 21.825], [81.143, 20.808], [79.457, 20.151], [78.549, 20.728], [78.657, 21.396], [78.111, 21.397], [79.653, 21.604]]], "type": "Polygon"}, "properties": {"name": "East Berar"}}, {"type": "Feature", "geometry": {"coordinates": [[[-78.744, 21.776], [-77.467, 21.152], [-76.21, 20.506], [-76.977, 20.44], [-77.533, 20.659], [-78.696, 21.637], [-78.744, 21.776]]], "type": "Polygon"}, "properties": {"name": "Bayamo"}}, {"type": "Feature", "geometry": {"coordinates": [[[19.62, 21.797], [23.838, 19.72], [23.974, 18.848], [23.967, 15.957], [23.03, 15.829], [22.49, 14.757], [21.661, 15.258], [20.118, 14.698], [18.962, 14.664], [17.822, 15.804], [18.344, 17.288], [18.013, 18.833], [18.597, 20.098], [19.62, 21.797]]], "type": "Polygon"}, "properties": {"name": "Ennedi"}}, {"type": "Feature", "geometry": {"coordinates": [[[72.769, 21.688], [74.012, 21.603], [73.413, 20.004], [72.686, 20.506], [72.461, 21.502], [72.769, 21.688]]], "type": "Polygon"}, "properties": {"name": "Surat"}}, {"type": "Feature", "geometry": {"coordinates": [[[-87.268, 21.417], [-86.818, 20.977], [-87.583, 19.699], [-88.685, 19.742], [-88.546, 20.202], [-87.268, 21.417]]], "type": "Polygon"}, "properties": {"name": "Ecab"}}, {"type": "Feature", "geometry": {"coordinates": [[[-77.347, 21.591], [-75.642, 21.093], [-75.668, 20.744], [-74.159, 20.216], [-74.781, 20.093], [-76.21, 20.506], [-77.467, 21.152], [-77.347, 21.591]]], "type": "Polygon"}, "properties": {"name": "Baracoa"}}, {"type": "Feature", "geometry": {"coordinates": [[[-89.043, 21.36], [-87.268, 21.417], [-88.546, 20.202], [-89.043, 21.36]]], "type": "Polygon"}, "properties": {"name": "Yucatan"}}, {"type": "Feature", "geometry": {"coordinates": [[[-16.125, 20.179], [-16.944, 21.531], [-13.119, 21.392], [-13.433, 18.706], [-12.845, 17.38], [-12.208, 16.611], [-12.788, 15.264], [-14.376, 16.632], [-14.329, 18.176], [-16.014, 18.813], [-16.357, 19.36], [-16.125, 20.179]]], "type": "Polygon"}, "properties": {"name": "Arguin"}}, {"type": "Feature", "geometry": {"coordinates": [[[92.026, 21.25], [92.495, 21.574], [94.074, 20.915], [94.524, 20.052], [93.872, 19.646], [93.329, 20.004], [92.935, 19.946], [93.02, 20.366], [92.026, 21.25]]], "type": "Polygon"}, "properties": {"name": "Arakan"}}, {"type": "Feature", "geometry": {"coordinates": [[[-90.476, 19.877], [-89.69, 21.373], [-89.56, 19.71], [-90.476, 19.877]]], "type": "Polygon"}, "properties": {"name": "Ah Canul"}}, {"type": "Feature", "geometry": {"coordinates": [[[-89.69, 21.373], [-89.043, 21.36], [-88.546, 20.202], [-88.685, 19.742], [-88.991, 19.549], [-89.56, 19.71], [-89.69, 21.373]]], "type": "Polygon"}, "properties": {"name": "Mani"}}, {"type": "Feature", "geometry": {"coordinates": [[[76.481, 20.907], [77.292, 21.329], [78.111, 21.397], [78.657, 21.396], [78.549, 20.728], [79.457, 20.151], [79.619, 19.998], [77.967, 19.003], [77.497, 19.687], [77.552, 20.2], [76.481, 20.907]]], "type": "Polygon"}, "properties": {"name": "West Berar"}}, {"type": "Feature", "geometry": {"coordinates": [[[100.426, 19.98], [102.841, 21.417], [103.141, 20.83], [102.87, 19.545], [101.294, 19.249], [101.072, 19.656], [100.423, 19.631], [100.426, 19.98]]], "type": "Polygon"}, "properties": {"name": "Luang Prabang"}}, {"type": "Feature", "geometry": {"coordinates": [[[-103.927, 20.126], [-103.838, 21.264], [-101.981, 20.976], [-101.997, 20.727], [-103.038, 20.268], [-103.483, 19.49], [-103.927, 20.126]]], "type": "Polygon"}, "properties": {"name": "Tizapan"}}, {"type": "Feature", "geometry": {"coordinates": [[[-98.075, 21.283], [-97.343, 20.976], [-96.51, 19.962], [-96.832, 19.772], [-97.851, 20.6], [-98.305, 21.004], [-98.075, 21.283]]], "type": "Polygon"}, "properties": {"name": "Tohancapan"}}, {"type": "Feature", "geometry": {"coordinates": [[[54.533, 19.921], [55.359, 21.31], [56.763, 20.979], [57.802, 20.478], [57.727, 19.148], [56.844, 18.814], [56.334, 18.117], [55.418, 17.916], [54.533, 19.921]]], "type": "Polygon"}, "properties": {"name": "Wusta"}}, {"type": "Feature", "geometry": {"coordinates": [[[-101.981, 20.976], [-101.826, 20.955], [-100.103, 20.552], [-100.463, 20.06], [-101.067, 19.876], [-101.997, 20.727], [-101.981, 20.976]]], "type": "Polygon"}, "properties": {"name": "Cuitzeo"}}, {"type": "Feature", "geometry": {"coordinates": [[[-99.37, 20.981], [-98.305, 21.004], [-97.851, 20.6], [-98.448, 20.256], [-99.571, 20.028], [-99.67, 20.606], [-99.37, 20.981]]], "type": "Polygon"}, "properties": {"name": "Huastec"}}, {"type": "Feature", "geometry": {"coordinates": [[[6.939, 20.497], [7.657, 21.042], [8.412, 19.366], [6.665, 17.798], [6.507, 17.138], [5.639, 16.811], [4.299, 17.515], [4.183, 19.237], [6.939, 20.497]]], "type": "Polygon"}, "properties": {"name": "Azbin"}}, {"type": "Feature", "geometry": {"coordinates": [[[76.152, 20.519], [76.481, 20.907], [77.552, 20.2], [77.497, 19.687], [76.766, 19.22], [76.286, 19.217], [75.536, 19.534], [74.945, 20.047], [74.801, 20.616], [76.152, 20.519]]], "type": "Polygon"}, "properties": {"name": "Maharastra"}}, {"type": "Feature", "geometry": {"coordinates": [[[84.853, 20.056], [85.555, 20.976], [86.891, 20.548], [85.162, 19.974], [84.853, 20.056]]], "type": "Polygon"}, "properties": {"name": "Rajabara"}}, {"type": "Feature", "geometry": {"coordinates": [[[103.141, 20.83], [104.49, 20.88], [104.901, 20.231], [104.606, 19.773], [103.913, 19.735], [104.09, 19.125], [103.366, 18.997], [102.87, 19.545], [103.141, 20.83]]], "type": "Polygon"}, "properties": {"name": "Xiankhouang"}}, {"type": "Feature", "geometry": {"coordinates": [[[81.143, 20.808], [81.228, 20.56], [81.025, 18.703], [80.435, 19.139], [79.619, 19.998], [79.457, 20.151], [81.143, 20.808]]], "type": "Polygon"}, "properties": {"name": "Chanda"}}, {"type": "Feature", "geometry": {"coordinates": [[[82.825, 20.762], [83.188, 20.699], [83.902, 20.597], [84.563, 20.151], [83.801, 19.686], [83.596, 19.191], [83.043, 18.311], [82.372, 18.333], [82.562, 18.5], [82.611, 19.505], [82.89, 20.567], [82.825, 20.762]]], "type": "Polygon"}, "properties": {"name": "Garjat"}}, {"type": "Feature", "geometry": {"coordinates": [[[-103.038, 20.268], [-101.997, 20.727], [-101.067, 19.876], [-101.071, 18.968], [-101.689, 18.821], [-103.038, 20.268]]], "type": "Polygon"}, "properties": {"name": "Tarasco"}}, {"type": "Feature", "geometry": {"coordinates": [[[-100.103, 20.552], [-99.67, 20.606], [-99.571, 20.028], [-99.399, 18.685], [-100.089, 18.842], [-100.463, 20.06], [-100.103, 20.552]]], "type": "Polygon"}, "properties": {"name": "Tuliucan"}}, {"type": "Feature", "geometry": {"coordinates": [[[-98.448, 20.256], [-97.851, 20.6], [-96.832, 19.772], [-96.843, 19.529], [-98.498, 19.836], [-98.448, 20.256]]], "type": "Polygon"}, "properties": {"name": "Tlaxcala"}}, {"type": "Feature", "geometry": {"coordinates": [[[-76.21, 20.506], [-74.781, 20.093], [-77.669, 19.896], [-76.977, 20.44], [-76.21, 20.506]]], "type": "Polygon"}, "properties": {"name": "Guantamano"}}, {"type": "Feature", "geometry": {"coordinates": [[[81.228, 20.56], [81.321, 20.347], [82.89, 20.567], [82.611, 19.505], [82.562, 18.5], [82.372, 18.333], [81.835, 17.874], [81.025, 18.703], [81.228, 20.56]]], "type": "Polygon"}, "properties": {"name": "Bastar"}}, {"type": "Feature", "geometry": {"coordinates": [[[96.899, 19.623], [98.459, 20.601], [98.987, 20.004], [97.836, 19.67], [97.403, 18.406], [97.331, 18.516], [96.901, 19.506], [96.899, 19.623]]], "type": "Polygon"}, "properties": {"name": "Mong Pai"}}, {"type": "Feature", "geometry": {"coordinates": [[[99.098, 20.076], [100.093, 20.622], [100.426, 19.98], [100.423, 19.631], [101.072, 19.656], [101.294, 19.249], [100.957, 17.554], [100.917, 17.335], [99.788, 17.289], [99.843, 17.893], [99.05, 18.298], [99.098, 20.076]]], "type": "Polygon"}, "properties": {"name": "Nan"}}, {"type": "Feature", "geometry": {"coordinates": [[[104.901, 20.231], [105.506, 20.624], [105.807, 20.004], [105.453, 18.92], [104.644, 18.948], [104.09, 19.125], [103.913, 19.735], [104.606, 19.773], [104.901, 20.231]]], "type": "Polygon"}, "properties": {"name": "Nghe An"}}, {"type": "Feature", "geometry": {"coordinates": [[[42.411, 19.654], [44.113, 20.465], [45.658, 19.323], [45.481, 18.673], [43.104, 18.228], [42.074, 19.301], [42.411, 19.654]]], "type": "Polygon"}, "properties": {"name": "Asir"}}, {"type": "Feature", "geometry": {"coordinates": [[[72.838, 18.58], [72.686, 20.506], [73.413, 20.004], [73.559, 19.906], [73.472, 18.836], [72.793, 18.849], [72.838, 18.58]]], "type": "Polygon"}, "properties": {"name": "North Konkan"}}, {"type": "Feature", "geometry": {"coordinates": [[[-103.483, 19.49], [-103.038, 20.268], [-101.689, 18.821], [-101.599, 18.591], [-102.986, 19.081], [-103.483, 19.49]]], "type": "Polygon"}, "properties": {"name": "Apatzingan"}}, {"type": "Feature", "geometry": {"coordinates": [[[15.701, 19.74], [18.597, 20.098], [18.013, 18.833], [18.344, 17.288], [17.822, 15.804], [15.887, 15.664], [15.193, 16.759], [15.501, 17.607], [15.701, 19.74]]], "type": "Polygon"}, "properties": {"name": "Borkou"}}, {"type": "Feature", "geometry": {"coordinates": [[[30.127, 19.109], [30.048, 20.375], [31.412, 20.251], [31.84, 19.808], [33.163, 20.084], [33.446, 19.337], [32.44, 18.929], [31.351, 17.838], [30.582, 17.72], [30.127, 19.109]]], "type": "Polygon"}, "properties": {"name": "Dongola"}}, {"type": "Feature", "geometry": {"coordinates": [[[-155.937, 20.166], [-154.938, 19.384], [-155.933, 18.85], [-155.937, 20.166]]], "type": "Polygon"}, "properties": {"name": "Hawaii"}}, {"type": "Feature", "geometry": {"coordinates": [[[-99.571, 20.028], [-98.448, 20.256], [-98.498, 19.836], [-98.573, 19.366], [-98.711, 18.511], [-99.399, 18.685], [-99.571, 20.028]]], "type": "Polygon"}, "properties": {"name": "Mexico"}}, {"type": "Feature", "geometry": {"coordinates": [[[33.163, 20.084], [33.323, 20.112], [34.074, 19.85], [35.2, 20.206], [35.994, 19.979], [36.627, 18.096], [35.352, 18.212], [34.953, 17.169], [33.95, 17.928], [33.446, 19.337], [33.163, 20.084]]], "type": "Polygon"}, "properties": {"name": "Berber"}}, {"type": "Feature", "geometry": {"coordinates": [[[84.563, 20.151], [84.853, 20.056], [85.162, 19.974], [85.243, 19.559], [84.033, 18.297], [83.596, 19.191], [83.801, 19.686], [84.563, 20.151]]], "type": "Polygon"}, "properties": {"name": "Srikakulam"}}, {"type": "Feature", "geometry": {"coordinates": [[[-104.898, 19.397], [-103.927, 20.126], [-103.483, 19.49], [-102.986, 19.081], [-103.123, 18.246], [-104.898, 19.397]]], "type": "Polygon"}, "properties": {"name": "Colima"}}, {"type": "Feature", "geometry": {"coordinates": [[[-101.067, 19.876], [-100.463, 20.06], [-100.089, 18.842], [-100.426, 17.881], [-99.41, 17.8], [-100.295, 17.85], [-100.841, 17.859], [-101.136, 18.204], [-101.599, 18.591], [-101.689, 18.821], [-101.071, 18.968], [-101.067, 19.876]]], "type": "Polygon"}, "properties": {"name": "Cutzamala"}}, {"type": "Feature", "geometry": {"coordinates": [[[-96.51, 19.962], [-96.497, 19.97], [-95.855, 18.808], [-96.39, 18.406], [-96.877, 19.107], [-96.843, 19.529], [-96.832, 19.772], [-96.51, 19.962]]], "type": "Polygon"}, "properties": {"name": "Cuetlaxtlan"}}, {"type": "Feature", "geometry": {"coordinates": [[[-73.496, 19.682], [-71.802, 19.735], [-71.729, 19.46], [-71.754, 19.035], [-72.624, 19.011], [-72.758, 19.005], [-72.876, 19.49], [-73.496, 19.682]]], "type": "Polygon"}, "properties": {"name": "Tortuga"}}, {"type": "Feature", "geometry": {"coordinates": [[[73.559, 19.906], [74.945, 20.047], [75.536, 19.534], [75.078, 19.06], [75.249, 18.077], [74.952, 17.902], [73.717, 18.109], [73.472, 18.836], [73.559, 19.906]]], "type": "Polygon"}, "properties": {"name": "Pune"}}, {"type": "Feature", "geometry": {"coordinates": [[[93.872, 19.646], [94.524, 20.052], [94.86, 19.406], [94.754, 19.37], [95.174, 18.129], [94.479, 17.775], [93.922, 19.319], [93.666, 19.009], [93.518, 19.445], [93.872, 19.646]]], "type": "Polygon"}, "properties": {"name": "Sandoway"}}, {"type": "Feature", "geometry": {"coordinates": [[[97.836, 19.67], [98.987, 20.004], [99.098, 20.076], [99.05, 18.298], [98.431, 17.775], [97.719, 17.908], [97.403, 18.406], [97.836, 19.67]]], "type": "Polygon"}, "properties": {"name": "Chiang Mai"}}, {"type": "Feature", "geometry": {"coordinates": [[[108.627, 18.611], [109.627, 20.051], [109.585, 19.221], [110.546, 19.356], [108.627, 18.611]]], "type": "Polygon"}, "properties": {"name": "Yazhou"}}, {"type": "Feature", "geometry": {"coordinates": [[[109.627, 20.051], [110.876, 20.036], [110.546, 19.356], [109.585, 19.221], [109.627, 20.051]]], "type": "Polygon"}, "properties": {"name": "Hainan"}}, {"type": "Feature", "geometry": {"coordinates": [[[-90.593, 19.896], [-90.476, 19.877], [-89.56, 19.71], [-88.991, 19.549], [-89.135, 18.809], [-90.885, 19.136], [-90.593, 19.896]]], "type": "Polygon"}, "properties": {"name": "Campeche"}}, {"type": "Feature", "geometry": {"coordinates": [[[-71.802, 19.735], [-70.206, 19.627], [-69.303, 19.277], [-69.224, 19.013], [-70.356, 19.036], [-71.729, 19.46], [-71.802, 19.735]]], "type": "Polygon"}, "properties": {"name": "Magua"}}, {"type": "Feature", "geometry": {"coordinates": [[[51.432, 18.995], [54.533, 19.921], [55.418, 17.916], [54.686, 17.075], [53.053, 16.729], [52.343, 18.263], [51.926, 19.095], [51.432, 18.995]]], "type": "Polygon"}, "properties": {"name": "Dhofar"}}, {"type": "Feature", "geometry": {"coordinates": [[[77.967, 19.003], [79.619, 19.998], [80.435, 19.139], [79.455, 18.293], [78.29, 18.057], [77.967, 19.003]]], "type": "Polygon"}, "properties": {"name": "Mahur"}}, {"type": "Feature", "geometry": {"coordinates": [[[166.207, 19.734], [167.018, 19.799], [167.024, 19.316], [166.207, 19.734]]], "type": "Polygon"}, "properties": {"name": "Wake"}}, {"type": "Feature", "geometry": {"coordinates": [[[-98.573, 19.366], [-98.498, 19.836], [-96.843, 19.529], [-96.877, 19.107], [-98.573, 19.366]]], "type": "Polygon"}, "properties": {"name": "Cholula"}}, {"type": "Feature", "geometry": {"coordinates": [[[-88.991, 19.549], [-88.685, 19.742], [-87.583, 19.699], [-87.773, 18.301], [-88.064, 18.726], [-88.309, 18.485], [-89.069, 17.851], [-89.476, 17.847], [-89.135, 18.809], [-88.991, 19.549]]], "type": "Polygon"}, "properties": {"name": "Uaymil"}}, {"type": "Feature", "geometry": {"coordinates": [[[76.766, 19.22], [77.497, 19.687], [77.967, 19.003], [78.29, 18.057], [78.016, 17.332], [76.759, 17.771], [76.766, 19.22]]], "type": "Polygon"}, "properties": {"name": "Bidar"}}, {"type": "Feature", "geometry": {"coordinates": [[[-71.729, 19.46], [-70.356, 19.036], [-70.178, 18.309], [-70.119, 18.191], [-71.004, 18.29], [-71.441, 17.632], [-71.821, 18.152], [-71.754, 19.035], [-71.729, 19.46]]], "type": "Polygon"}, "properties": {"name": "Maguana"}}, {"type": "Feature", "geometry": {"coordinates": [[[-12.239, 18.416], [-9.997, 19.481], [-9.228, 18.852], [-8.512, 17.631], [-8.998, 17.045], [-10.724, 17.147], [-12.208, 16.611], [-12.845, 17.38], [-13.433, 18.706], [-12.239, 18.416]]], "type": "Polygon"}, "properties": {"name": "Tagant"}}, {"type": "Feature", "geometry": {"coordinates": [[[75.078, 19.06], [75.536, 19.534], [76.286, 19.217], [76.746, 19.125], [76.729, 17.78], [76.565, 17.754], [75.249, 18.077], [75.078, 19.06]]], "type": "Polygon"}, "properties": {"name": "Ahmadnagar"}}, {"type": "Feature", "geometry": {"coordinates": [[[96.466, 19.469], [96.901, 19.506], [97.331, 18.516], [96.328, 18.129], [95.295, 18.137], [95.174, 18.129], [94.754, 19.37], [94.86, 19.406], [96.466, 19.469]]], "type": "Polygon"}, "properties": {"name": "Toungoo"}}, {"type": "Feature", "geometry": {"coordinates": [[[101.294, 19.249], [102.87, 19.545], [103.366, 18.997], [103.217, 18.642], [102.935, 18.138], [102.543, 18.043], [101.977, 18.273], [100.957, 17.554], [101.294, 19.249]]], "type": "Polygon"}, "properties": {"name": "Vientiane"}}, {"type": "Feature", "geometry": {"coordinates": [[[-98.573, 19.366], [-96.877, 19.107], [-96.39, 18.406], [-96.764, 18.081], [-96.923, 18.184], [-98.682, 18.455], [-98.711, 18.511], [-98.573, 19.366]]], "type": "Polygon"}, "properties": {"name": "Tepeacac"}}, {"type": "Feature", "geometry": {"coordinates": [[[8.412, 19.366], [10.446, 18.665], [10.302, 17.076], [8.113, 16.25], [6.763, 17.027], [6.665, 17.798], [8.412, 19.366]]], "type": "Polygon"}, "properties": {"name": "Agadez"}}, {"type": "Feature", "geometry": {"coordinates": [[[33.446, 19.337], [33.95, 17.928], [33.592, 16.896], [32.723, 16.64], [32.324, 15.153], [32.04, 14.914], [30.745, 15.399], [29.64, 16.16], [30.582, 17.72], [31.351, 17.838], [32.44, 18.929], [33.446, 19.337]]], "type": "Polygon"}, "properties": {"name": "Dar Ja'al"}}, {"type": "Feature", "geometry": {"coordinates": [[[-5.8, 18.936], [-4.608, 19.239], [-4.331, 18.78], [-4.442, 18.203], [-3.188, 17.089], [-4.833, 16.531], [-5.333, 16.327], [-5.742, 18.421], [-5.8, 18.936]]], "type": "Polygon"}, "properties": {"name": "Mema"}}, {"type": "Feature", "geometry": {"coordinates": [[[3.154, 19.191], [4.183, 19.237], [4.299, 17.515], [3.721, 15.759], [2.096, 15.499], [1.765, 15.492], [1.129, 17.679], [2.494, 18.004], [3.154, 19.191]]], "type": "Polygon"}, "properties": {"name": "Azawagh"}}, {"type": "Feature", "geometry": {"coordinates": [[[41.087, 19.065], [42.074, 19.301], [43.104, 18.228], [43.352, 17.689], [43.066, 16.791], [42.75, 16.406], [41.087, 19.065]]], "type": "Polygon"}, "properties": {"name": "Jazan"}}, {"type": "Feature", "geometry": {"coordinates": [[[45.658, 19.323], [46.679, 19.195], [48.234, 18.348], [47.232, 16.949], [45.551, 17.402], [45.481, 18.673], [45.658, 19.323]]], "type": "Polygon"}, "properties": {"name": "Ahqaf"}}, {"type": "Feature", "geometry": {"coordinates": [[[76.286, 19.217], [76.766, 19.22], [76.759, 17.771], [78.016, 17.332], [77.986, 16.355], [76.777, 16.205], [76.565, 17.754], [76.729, 17.78], [76.746, 19.125], [76.286, 19.217]]], "type": "Polygon"}, "properties": {"name": "Gulbarga"}}, {"type": "Feature", "geometry": {"coordinates": [[[-102.986, 19.081], [-101.599, 18.591], [-101.136, 18.204], [-101.799, 17.967], [-103.123, 18.246], [-102.986, 19.081]]], "type": "Polygon"}, "properties": {"name": "Zacatula"}}, {"type": "Feature", "geometry": {"coordinates": [[[-91.221, 18.949], [-90.885, 19.136], [-89.135, 18.809], [-89.476, 17.847], [-89.069, 17.851], [-89.121, 17.815], [-90.931, 17.814], [-91.382, 18.333], [-91.221, 18.949]]], "type": "Polygon"}, "properties": {"name": "Champutun"}}, {"type": "Feature", "geometry": {"coordinates": [[[80.435, 19.139], [81.025, 18.703], [81.835, 17.874], [81.759, 17.823], [80.473, 16.783], [79.477, 16.495], [79.455, 18.293], [80.435, 19.139]]], "type": "Polygon"}, "properties": {"name": "Telingana"}}, {"type": "Feature", "geometry": {"coordinates": [[[83.043, 18.311], [83.596, 19.191], [84.033, 18.297], [82.786, 17.432], [81.759, 17.823], [81.835, 17.874], [82.372, 18.333], [83.043, 18.311]]], "type": "Polygon"}, "properties": {"name": "Kalingandhra"}}, {"type": "Feature", "geometry": {"coordinates": [[[103.366, 18.997], [104.09, 19.125], [104.644, 18.948], [105.659, 17.697], [104.726, 17.387], [103.217, 18.642], [103.366, 18.997]]], "type": "Polygon"}, "properties": {"name": "Thakhek"}}, {"type": "Feature", "geometry": {"coordinates": [[[-72.624, 19.011], [-71.754, 19.035], [-71.821, 18.152], [-74.035, 18.184], [-74.496, 18.598], [-72.326, 18.469], [-72.624, 19.011]]], "type": "Polygon"}, "properties": {"name": "Les Cayes"}}, {"type": "Feature", "geometry": {"coordinates": [[[-70.356, 19.036], [-69.224, 19.013], [-68.338, 18.507], [-68.658, 18.244], [-70.178, 18.309], [-70.356, 19.036]]], "type": "Polygon"}, "properties": {"name": "Barahonas"}}, {"type": "Feature", "geometry": {"coordinates": [[[-3.179, 18.844], [-1.101, 18.991], [-0.948, 18.84], [-0.848, 17.518], [-1.59, 17.453], [-2.08, 16.665], [-3.188, 17.089], [-4.442, 18.203], [-4.331, 18.78], [-3.179, 18.844]]], "type": "Polygon"}, "properties": {"name": "Timbuktu"}}, {"type": "Feature", "geometry": {"coordinates": [[[-0.948, 18.84], [-0.202, 19.02], [0.854, 17.59], [-0.505, 16.541], [-1.991, 16.577], [-2.08, 16.665], [-1.59, 17.453], [-0.848, 17.518], [-0.948, 18.84]]], "type": "Polygon"}, "properties": {"name": "Karabara"}}, {"type": "Feature", "geometry": {"coordinates": [[[48.234, 18.348], [51.432, 18.995], [51.926, 19.095], [52.343, 18.263], [48.975, 15.443], [46.313, 15.654], [47.232, 16.949], [48.234, 18.348]]], "type": "Polygon"}, "properties": {"name": "Hadramut"}}, {"type": "Feature", "geometry": {"coordinates": [[[104.644, 18.948], [105.453, 18.92], [106.522, 17.512], [106.136, 17.375], [105.659, 17.697], [104.644, 18.948]]], "type": "Polygon"}, "properties": {"name": "Ha Tinh"}}, {"type": "Feature", "geometry": {"coordinates": [[[-100.089, 18.842], [-99.399, 18.685], [-98.711, 18.511], [-98.682, 18.455], [-98.436, 17.901], [-98.847, 17.613], [-99.41, 17.8], [-100.426, 17.881], [-100.089, 18.842]]], "type": "Polygon"}, "properties": {"name": "Teloloapan"}}, {"type": "Feature", "geometry": {"coordinates": [[[-95.855, 18.808], [-94.447, 18.14], [-96.222, 17.781], [-96.764, 18.081], [-96.39, 18.406], [-95.855, 18.808]]], "type": "Polygon"}, "properties": {"name": "Tochtepec"}}, {"type": "Feature", "geometry": {"coordinates": [[[-16.014, 18.813], [-14.329, 18.176], [-14.376, 16.632], [-15.029, 16.554], [-16.274, 16.454], [-16.315, 16.676], [-16.014, 18.813]]], "type": "Polygon"}, "properties": {"name": "Trarza"}}, {"type": "Feature", "geometry": {"coordinates": [[[72.793, 18.849], [73.472, 18.836], [73.717, 18.109], [73.593, 17.633], [73.108, 17.34], [72.838, 18.58], [72.793, 18.849]]], "type": "Polygon"}, "properties": {"name": "Chaul"}}, {"type": "Feature", "geometry": {"coordinates": [[[-93.894, 18.254], [-91.991, 18.697], [-91.382, 18.333], [-90.931, 17.814], [-90.977, 17.252], [-91.389, 17.22], [-93.679, 17.577], [-93.752, 17.789], [-93.894, 18.254]]], "type": "Polygon"}, "properties": {"name": "Xicallanco"}}, {"type": "Feature", "geometry": {"coordinates": [[[10.446, 18.665], [12.046, 18.591], [13.611, 18.093], [15.501, 17.607], [15.193, 16.759], [14.101, 15.535], [12.224, 15.992], [11.748, 16.682], [11.112, 16.51], [10.302, 17.076], [10.446, 18.665]]], "type": "Polygon"}, "properties": {"name": "Kawar"}}, {"type": "Feature", "geometry": {"coordinates": [[[120.502, 18.536], [121.239, 18.617], [120.779, 17.247], [120.972, 16.852], [120.249, 16.521], [120.502, 18.536]]], "type": "Polygon"}, "properties": {"name": "Samtoy"}}, {"type": "Feature", "geometry": {"coordinates": [[[-98.682, 18.455], [-96.923, 18.184], [-97.512, 17.407], [-98.048, 17.07], [-98.058, 17.87], [-98.436, 17.901], [-98.682, 18.455]]], "type": "Polygon"}, "properties": {"name": "Coixtlahuacan"}}, {"type": "Feature", "geometry": {"coordinates": [[[-78.421, 18.231], [-76.562, 18.201], [-76.262, 17.822], [-78.421, 18.231]]], "type": "Polygon"}, "properties": {"name": "Jamaica"}}, {"type": "Feature", "geometry": {"coordinates": [[[43.104, 18.228], [45.481, 18.673], [45.551, 17.402], [44.774, 17.498], [43.352, 17.689], [43.104, 18.228]]], "type": "Polygon"}, "properties": {"name": "Najran"}}, {"type": "Feature", "geometry": {"coordinates": [[[103.217, 18.642], [104.726, 17.387], [104.933, 16.169], [104.201, 15.605], [103.224, 16.38], [102.962, 17.066], [102.817, 17.947], [102.935, 18.138], [103.217, 18.642]]], "type": "Polygon"}, "properties": {"name": "Nong Khai"}}, {"type": "Feature", "geometry": {"coordinates": [[[121.239, 18.617], [122.184, 18.465], [122.126, 16.261], [122.03, 16.293], [120.972, 16.852], [120.779, 17.247], [121.239, 18.617]]], "type": "Polygon"}, "properties": {"name": "Cagayan"}}, {"type": "Feature", "geometry": {"coordinates": [[[-89.069, 17.851], [-88.309, 18.485], [-88.06, 18.232], [-88.894, 16.028], [-89.207, 16.208], [-89.121, 17.815], [-89.069, 17.851]]], "type": "Polygon"}, "properties": {"name": "Belize"}}, {"type": "Feature", "geometry": {"coordinates": [[[-67.217, 18.417], [-65.647, 18.305], [-67.082, 17.96], [-67.217, 18.417]]], "type": "Polygon"}, "properties": {"name": "Puerto Rico"}}, {"type": "Feature", "geometry": {"coordinates": [[[-8.512, 17.631], [-5.742, 18.421], [-5.333, 16.327], [-5.463, 15.649], [-7.007, 15.524], [-8.195, 15.443], [-9.064, 15.443], [-8.998, 17.045], [-8.512, 17.631]]], "type": "Polygon"}, "properties": {"name": "Baghena"}}, {"type": "Feature", "geometry": {"coordinates": [[[96.328, 18.129], [97.331, 18.516], [97.403, 18.406], [97.719, 17.908], [97.931, 17.51], [97.875, 16.614], [97.424, 16.511], [96.93, 17.347], [96.328, 18.129]]], "type": "Polygon"}, "properties": {"name": "Moulmein"}}, {"type": "Feature", "geometry": {"coordinates": [[[78.29, 18.057], [79.455, 18.293], [79.477, 16.495], [79.103, 16.29], [78.437, 15.954], [77.986, 16.355], [78.016, 17.332], [78.29, 18.057]]], "type": "Polygon"}, "properties": {"name": "Colconda"}}, {"type": "Feature", "geometry": {"coordinates": [[[98.431, 17.775], [99.05, 18.298], [99.843, 17.893], [99.788, 17.289], [99.681, 17.014], [98.71, 16.404], [97.931, 17.51], [97.719, 17.908], [98.431, 17.775]]], "type": "Polygon"}, "properties": {"name": "Sukthothai"}}, {"type": "Feature", "geometry": {"coordinates": [[[101.977, 18.273], [102.543, 18.043], [102.935, 18.138], [102.817, 17.947], [102.962, 17.066], [101.25, 17.054], [100.917, 17.335], [100.957, 17.554], [101.977, 18.273]]], "type": "Polygon"}, "properties": {"name": "Nongbua Lamphu"}}, {"type": "Feature", "geometry": {"coordinates": [[[-101.799, 17.967], [-101.136, 18.204], [-100.841, 17.859], [-100.295, 17.85], [-99.939, 16.899], [-101.799, 17.967]]], "type": "Polygon"}, "properties": {"name": "Cihuatlan"}}, {"type": "Feature", "geometry": {"coordinates": [[[-96.923, 18.184], [-96.764, 18.081], [-96.222, 17.781], [-96.256, 17.405], [-96.451, 16.594], [-97.35, 16.788], [-97.512, 17.407], [-96.923, 18.184]]], "type": "Polygon"}, "properties": {"name": "Coyolapan"}}, {"type": "Feature", "geometry": {"coordinates": [[[-96.222, 17.781], [-94.447, 18.14], [-93.894, 18.254], [-93.752, 17.789], [-94.728, 17.335], [-96.256, 17.405], [-96.222, 17.781]]], "type": "Polygon"}, "properties": {"name": "Mixe"}}, {"type": "Feature", "geometry": {"coordinates": [[[35.352, 18.212], [36.627, 18.096], [37.644, 17.499], [36.991, 17.043], [36.641, 15.805], [36.497, 14.538], [36.574, 14.46], [36.924, 14.467], [36.498, 14.365], [36.392, 13.961], [36.329, 14.481], [35.877, 14.56], [35.366, 16.514], [34.953, 17.169], [35.352, 18.212]]], "type": "Polygon"}, "properties": {"name": "Taka"}}, {"type": "Feature", "geometry": {"coordinates": [[[48.975, 15.443], [52.343, 18.263], [53.053, 16.729], [52.048, 15.649], [49.349, 14.712], [48.975, 15.443]]], "type": "Polygon"}, "properties": {"name": "Mahra"}}, {"type": "Feature", "geometry": {"coordinates": [[[94.479, 17.775], [95.174, 18.129], [95.295, 18.137], [95.931, 16.425], [95.395, 15.885], [94.462, 16.254], [94.126, 16.2], [94.479, 17.775]]], "type": "Polygon"}, "properties": {"name": "Ayeyarwady"}}, {"type": "Feature", "geometry": {"coordinates": [[[95.295, 18.137], [96.328, 18.129], [96.93, 17.347], [96.796, 17.477], [96.651, 16.794], [95.931, 16.425], [95.295, 18.137]]], "type": "Polygon"}, "properties": {"name": "Pegu"}}, {"type": "Feature", "geometry": {"coordinates": [[[38.525, 18.109], [39.586, 15.284], [39.778, 14.652], [39.637, 14.667], [39.161, 14.682], [38.853, 15.627], [38.139, 17.677], [38.525, 18.109]]], "type": "Polygon"}, "properties": {"name": "Massawa"}}, {"type": "Feature", "geometry": {"coordinates": [[[73.593, 17.633], [73.717, 18.109], [74.952, 17.902], [74.724, 17.099], [75.479, 16.322], [74.41, 15.742], [73.977, 16.234], [73.593, 17.633]]], "type": "Polygon"}, "properties": {"name": "Desh"}}, {"type": "Feature", "geometry": {"coordinates": [[[74.952, 17.902], [75.249, 18.077], [76.565, 17.754], [76.777, 16.205], [75.837, 16.167], [75.479, 16.322], [74.724, 17.099], [74.952, 17.902]]], "type": "Polygon"}, "properties": {"name": "Bijapur"}}, {"type": "Feature", "geometry": {"coordinates": [[[-98.847, 17.613], [-98.436, 17.901], [-98.058, 17.87], [-98.048, 17.07], [-98.127, 16.312], [-99.221, 16.604], [-98.847, 17.613]]], "type": "Polygon"}, "properties": {"name": "Tlapanec"}}, {"type": "Feature", "geometry": {"coordinates": [[[33.95, 17.928], [34.953, 17.169], [35.366, 16.514], [34.463, 16.023], [33.592, 16.896], [33.95, 17.928]]], "type": "Polygon"}, "properties": {"name": "Djado"}}, {"type": "Feature", "geometry": {"coordinates": [[[-100.295, 17.85], [-99.41, 17.8], [-98.847, 17.613], [-99.221, 16.604], [-99.919, 16.826], [-99.939, 16.899], [-100.295, 17.85]]], "type": "Polygon"}, "properties": {"name": "Yopitzinco"}}, {"type": "Feature", "geometry": {"coordinates": [[[-94.728, 17.335], [-93.752, 17.789], [-93.679, 17.577], [-92.955, 16.865], [-93.981, 16.224], [-94.859, 16.483], [-94.728, 17.335]]], "type": "Polygon"}, "properties": {"name": "Tehuantepec"}}, {"type": "Feature", "geometry": {"coordinates": [[[-90.931, 17.814], [-89.121, 17.815], [-89.207, 16.208], [-90.433, 16.445], [-91.389, 17.22], [-90.977, 17.252], [-90.931, 17.814]]], "type": "Polygon"}, "properties": {"name": "Petén"}}, {"type": "Feature", "geometry": {"coordinates": [[[6.507, 17.138], [6.665, 17.798], [6.763, 17.027], [8.113, 16.25], [7.683, 14.764], [5.089, 14.623], [4.407, 15.002], [5.494, 15.831], [5.639, 16.811], [6.507, 17.138]]], "type": "Polygon"}, "properties": {"name": "Ader"}}, {"type": "Feature", "geometry": {"coordinates": [[[80.473, 16.783], [81.759, 17.823], [82.786, 17.432], [82.056, 16.548], [81.245, 16.334], [80.473, 16.783]]], "type": "Polygon"}, "properties": {"name": "Konaseema"}}, {"type": "Feature", "geometry": {"coordinates": [[[-93.679, 17.577], [-91.389, 17.22], [-90.433, 16.445], [-90.34, 16.164], [-91.912, 15.939], [-92.955, 16.865], [-93.679, 17.577]]], "type": "Polygon"}, "properties": {"name": "Chiapas"}}, {"type": "Feature", "geometry": {"coordinates": [[[0.854, 17.59], [1.129, 17.679], [1.765, 15.492], [0.15, 15.02], [-0.018, 15.287], [-0.505, 16.541], [0.854, 17.59]]], "type": "Polygon"}, "properties": {"name": "Gao"}}, {"type": "Feature", "geometry": {"coordinates": [[[37.644, 17.499], [38.139, 17.677], [38.853, 15.627], [36.641, 15.805], [36.991, 17.043], [37.644, 17.499]]], "type": "Polygon"}, "properties": {"name": "Hamasien"}}, {"type": "Feature", "geometry": {"coordinates": [[[43.066, 16.791], [43.352, 17.689], [44.774, 17.498], [44.819, 16.295], [45.719, 15.237], [45.273, 14.721], [43.777, 15.307], [43.066, 16.791]]], "type": "Polygon"}, "properties": {"name": "Sana'a"}}, {"type": "Feature", "geometry": {"coordinates": [[[73.108, 17.34], [73.593, 17.633], [73.977, 16.234], [73.379, 16.064], [73.108, 17.34]]], "type": "Polygon"}, "properties": {"name": "Malvana"}}, {"type": "Feature", "geometry": {"coordinates": [[[104.726, 17.387], [105.659, 17.697], [106.136, 17.375], [106.659, 16.552], [105.434, 15.961], [105.457, 15.438], [105.309, 15.975], [104.933, 16.169], [104.726, 17.387]]], "type": "Polygon"}, "properties": {"name": "Savannakhet"}}, {"type": "Feature", "geometry": {"coordinates": [[[4.299, 17.515], [5.639, 16.811], [5.494, 15.831], [4.407, 15.002], [2.611, 14.095], [1.988, 14.388], [2.096, 15.499], [3.721, 15.759], [4.299, 17.515]]], "type": "Polygon"}, "properties": {"name": "Zarmadanga"}}, {"type": "Feature", "geometry": {"coordinates": [[[44.774, 17.498], [45.551, 17.402], [47.232, 16.949], [46.313, 15.654], [45.719, 15.237], [44.819, 16.295], [44.774, 17.498]]], "type": "Polygon"}, "properties": {"name": "Al Jawf"}}, {"type": "Feature", "geometry": {"coordinates": [[[97.931, 17.51], [98.71, 16.404], [98.546, 15.892], [97.915, 15.151], [97.731, 15.073], [97.424, 16.511], [97.875, 16.614], [97.931, 17.51]]], "type": "Polygon"}, "properties": {"name": "Martaban"}}, {"type": "Feature", "geometry": {"coordinates": [[[106.136, 17.375], [106.522, 17.512], [107.781, 16.339], [107.269, 16.136], [106.659, 16.552], [106.136, 17.375]]], "type": "Polygon"}, "properties": {"name": "Binh Tri Thien"}}, {"type": "Feature", "geometry": {"coordinates": [[[-98.048, 17.07], [-97.512, 17.407], [-97.35, 16.788], [-96.451, 16.594], [-95.392, 16.094], [-98.127, 16.312], [-98.048, 17.07]]], "type": "Polygon"}, "properties": {"name": "Mixtec"}}, {"type": "Feature", "geometry": {"coordinates": [[[-96.451, 16.594], [-96.256, 17.405], [-94.728, 17.335], [-94.859, 16.483], [-95.392, 16.094], [-96.451, 16.594]]], "type": "Polygon"}, "properties": {"name": "Zapotec"}}, {"type": "Feature", "geometry": {"coordinates": [[[99.788, 17.289], [100.917, 17.335], [101.25, 17.054], [100.892, 15.622], [100.086, 15.517], [100.032, 16.151], [99.681, 17.014], [99.788, 17.289]]], "type": "Polygon"}, "properties": {"name": "Phitsanulok"}}, {"type": "Feature", "geometry": {"coordinates": [[[-10.724, 17.147], [-8.998, 17.045], [-9.064, 15.443], [-10.934, 15.186], [-11.541, 15.612], [-11.793, 14.858], [-12.175, 14.612], [-12.526, 14.925], [-12.788, 15.264], [-12.208, 16.611], [-10.724, 17.147]]], "type": "Polygon"}, "properties": {"name": "Termes"}}, {"type": "Feature", "geometry": {"coordinates": [[[-3.188, 17.089], [-2.08, 16.665], [-1.991, 16.577], [-2.921, 16.136], [-3.345, 15.741], [-4.602, 15.517], [-4.833, 16.531], [-3.188, 17.089]]], "type": "Polygon"}, "properties": {"name": "Bara"}}, {"type": "Feature", "geometry": {"coordinates": [[[8.113, 16.25], [10.302, 17.076], [11.112, 16.51], [9.171, 14.57], [7.939, 14.542], [7.683, 14.764], [8.113, 16.25]]], "type": "Polygon"}, "properties": {"name": "Itesan"}}, {"type": "Feature", "geometry": {"coordinates": [[[98.71, 16.404], [99.681, 17.014], [100.032, 16.151], [99.418, 15.016], [98.546, 15.892], [98.71, 16.404]]], "type": "Polygon"}, "properties": {"name": "Phra Bang"}}, {"type": "Feature", "geometry": {"coordinates": [[[101.25, 17.054], [102.962, 17.066], [103.224, 16.38], [101.219, 15.446], [100.892, 15.622], [101.25, 17.054]]], "type": "Polygon"}, "properties": {"name": "Chaiyaphum"}}, {"type": "Feature", "geometry": {"coordinates": [[[-93.981, 16.224], [-92.955, 16.865], [-91.912, 15.939], [-92.175, 14.626], [-93.981, 16.224]]], "type": "Polygon"}, "properties": {"name": "Xocnochco"}}, {"type": "Feature", "geometry": {"coordinates": [[[32.723, 16.64], [33.592, 16.896], [34.463, 16.023], [34.054, 15.56], [32.324, 15.153], [32.723, 16.64]]], "type": "Polygon"}, "properties": {"name": "Soba"}}, {"type": "Feature", "geometry": {"coordinates": [[[120.249, 16.521], [120.972, 16.852], [122.03, 16.293], [121.572, 16.059], [119.88, 15.615], [119.696, 16.376], [120.392, 16.052], [120.249, 16.521]]], "type": "Polygon"}, "properties": {"name": "Pangasinan"}}, {"type": "Feature", "geometry": {"coordinates": [[[-17.173, 14.68], [-16.315, 16.676], [-16.274, 16.454], [-15.029, 16.554], [-14.856, 15.945], [-15.868, 13.548], [-16.467, 13.433], [-17.173, 14.68]]], "type": "Polygon"}, "properties": {"name": "Cayor"}}, {"type": "Feature", "geometry": {"coordinates": [[[11.112, 16.51], [11.748, 16.682], [12.224, 15.992], [10.851, 14.695], [9.774, 14.168], [9.171, 14.57], [11.112, 16.51]]], "type": "Polygon"}, "properties": {"name": "Damagaram"}}, {"type": "Feature", "geometry": {"coordinates": [[[14.101, 15.535], [15.193, 16.759], [15.887, 15.664], [16.261, 13.799], [15.282, 13.559], [14.279, 13.73], [13.518, 14.586], [14.101, 15.535]]], "type": "Polygon"}, "properties": {"name": "Kanem"}}, {"type": "Feature", "geometry": {"coordinates": [[[42.75, 16.406], [43.066, 16.791], [43.777, 15.307], [45.273, 14.721], [45.665, 14.43], [44.63, 13.768], [43.409, 12.786], [42.75, 16.406]]], "type": "Polygon"}, "properties": {"name": "Mocha"}}, {"type": "Feature", "geometry": {"coordinates": [[[79.477, 16.495], [80.473, 16.783], [81.245, 16.334], [81.111, 15.979], [80.136, 15.677], [79.547, 15.646], [79.103, 16.29], [79.477, 16.495]]], "type": "Polygon"}, "properties": {"name": "Velanadi"}}, {"type": "Feature", "geometry": {"coordinates": [[[-61.928, 16.446], [-61.117, 16.438], [-61.876, 16.014], [-61.928, 16.446]]], "type": "Polygon"}, "properties": {"name": "Guadelopue"}}, {"type": "Feature", "geometry": {"coordinates": [[[-15.029, 16.554], [-14.376, 16.632], [-12.788, 15.264], [-12.526, 14.925], [-13.47, 14.426], [-14.184, 15.337], [-14.856, 15.945], [-15.029, 16.554]]], "type": "Polygon"}, "properties": {"name": "Tekrur"}}, {"type": "Feature", "geometry": {"coordinates": [[[-2.921, 16.136], [-1.991, 16.577], [-0.505, 16.541], [-0.018, 15.287], [-1.726, 14.661], [-2.921, 16.136]]], "type": "Polygon"}, "properties": {"name": "Hombori"}}, {"type": "Feature", "geometry": {"coordinates": [[[106.659, 16.552], [107.269, 16.136], [107.527, 14.989], [107.45, 14.615], [106.078, 14.393], [105.889, 14.034], [105.413, 14.039], [105.234, 14.221], [105.457, 15.438], [105.434, 15.961], [106.659, 16.552]]], "type": "Polygon"}, "properties": {"name": "Champassak"}}, {"type": "Feature", "geometry": {"coordinates": [[[-90.433, 16.445], [-89.207, 16.208], [-88.894, 16.028], [-88.36, 15.748], [-89.126, 14.911], [-90.416, 15.337], [-90.34, 16.164], [-90.433, 16.445]]], "type": "Polygon"}, "properties": {"name": "Chacujal"}}, {"type": "Feature", "geometry": {"coordinates": [[[-5.333, 16.327], [-4.833, 16.531], [-4.602, 15.517], [-5.262, 14.784], [-5.006, 14.105], [-5.542, 13.768], [-6.722, 14.504], [-7.007, 15.524], [-5.463, 15.649], [-5.333, 16.327]]], "type": "Polygon"}, "properties": {"name": "Massina"}}, {"type": "Feature", "geometry": {"coordinates": [[[26.332, 16.175], [27.998, 16.481], [29.113, 16.169], [29.417, 15.201], [29.125, 13.809], [26.988, 13.079], [25.388, 14.077], [24.561, 15.537], [26.332, 16.175]]], "type": "Polygon"}, "properties": {"name": "Kordofan"}}, {"type": "Feature", "geometry": {"coordinates": [[[34.463, 16.023], [35.366, 16.514], [35.877, 14.56], [36.329, 14.481], [36.392, 13.961], [36.35, 13.801], [35.215, 12.141], [34.936, 11.425], [34.449, 11.687], [33.983, 13.36], [34.716, 14.521], [34.054, 15.56], [34.463, 16.023]]], "type": "Polygon"}, "properties": {"name": "Butana"}}, {"type": "Feature", "geometry": {"coordinates": [[[74.41, 15.742], [75.479, 16.322], [75.837, 16.167], [76.131, 15.074], [76.186, 14.519], [75.201, 14.361], [74.669, 15.231], [74.41, 15.742]]], "type": "Polygon"}, "properties": {"name": "Savanaur"}}, {"type": "Feature", "geometry": {"coordinates": [[[76.777, 16.205], [77.986, 16.355], [78.437, 15.954], [77.385, 15.482], [76.131, 15.074], [75.837, 16.167], [76.777, 16.205]]], "type": "Polygon"}, "properties": {"name": "Raichur Doab"}}, {"type": "Feature", "geometry": {"coordinates": [[[78.437, 15.954], [79.103, 16.29], [79.547, 15.646], [79.254, 14.923], [79.269, 15.326], [77.849, 14.758], [77.385, 15.482], [78.437, 15.954]]], "type": "Polygon"}, "properties": {"name": "Kurnool"}}, {"type": "Feature", "geometry": {"coordinates": [[[101.219, 15.446], [103.224, 16.38], [103.614, 14.384], [103.287, 14.346], [102.832, 14.216], [101.205, 14.564], [101.219, 15.446]]], "type": "Polygon"}, "properties": {"name": "Khorat"}}, {"type": "Feature", "geometry": {"coordinates": [[[103.224, 16.38], [104.201, 15.605], [104.933, 16.169], [105.309, 15.975], [105.457, 15.438], [105.234, 14.221], [103.614, 14.384], [103.224, 16.38]]], "type": "Polygon"}, "properties": {"name": "Khukhan"}}, {"type": "Feature", "geometry": {"coordinates": [[[107.269, 16.136], [107.781, 16.339], [108.893, 14.886], [108.27, 14.389], [107.527, 14.989], [107.269, 16.136]]], "type": "Polygon"}, "properties": {"name": "Amaravati"}}, {"type": "Feature", "geometry": {"coordinates": [[[-91.912, 15.939], [-90.34, 16.164], [-90.416, 15.337], [-90.888, 13.988], [-92.175, 14.626], [-91.912, 15.939]]], "type": "Polygon"}, "properties": {"name": "Guatemala"}}, {"type": "Feature", "geometry": {"coordinates": [[[-3.345, 15.741], [-2.921, 16.136], [-1.726, 14.661], [-2.192, 14.373], [-3.129, 13.753], [-3.476, 14.548], [-3.345, 15.741]]], "type": "Polygon"}, "properties": {"name": "Haayre"}}, {"type": "Feature", "geometry": {"coordinates": [[[12.224, 15.992], [14.101, 15.535], [13.518, 14.586], [13.04, 14.344], [13.264, 13.797], [12.688, 13.426], [10.851, 14.695], [12.224, 15.992]]], "type": "Polygon"}, "properties": {"name": "Damasak"}}, {"type": "Feature", "geometry": {"coordinates": [[[29.113, 16.169], [29.64, 16.16], [30.745, 15.399], [31.803, 13.702], [31.476, 13.035], [29.489, 11.978], [29.125, 13.809], [29.417, 15.201], [29.113, 16.169]]], "type": "Polygon"}, "properties": {"name": "Taqali"}}, {"type": "Feature", "geometry": {"coordinates": [[[73.379, 16.064], [73.977, 16.234], [74.41, 15.742], [74.669, 15.231], [73.976, 14.986], [73.379, 16.064]]], "type": "Polygon"}, "properties": {"name": "Kanara"}}, {"type": "Feature", "geometry": {"coordinates": [[[100.032, 16.151], [100.086, 15.517], [100.892, 15.622], [101.219, 15.446], [101.205, 14.564], [100.878, 13.484], [99.969, 13.479], [99.89, 13.477], [99.418, 15.016], [100.032, 16.151]]], "type": "Polygon"}, "properties": {"name": "Ayutthaya"}}, {"type": "Feature", "geometry": {"coordinates": [[[-86.341, 15.838], [-84.094, 15.749], [-84.063, 15.29], [-83.199, 15.01], [-83.435, 14.956], [-84.43, 14.653], [-84.848, 14.858], [-86.42, 15.471], [-86.341, 15.838]]], "type": "Polygon"}, "properties": {"name": "Honduras"}}, {"type": "Feature", "geometry": {"coordinates": [[[119.88, 15.615], [121.572, 16.059], [121.367, 15.337], [121.563, 14.4], [121.041, 14.94], [120.914, 14.694], [120.582, 14.774], [120.39, 14.389], [119.88, 15.615]]], "type": "Polygon"}, "properties": {"name": "Tondo"}}, {"type": "Feature", "geometry": {"coordinates": [[[-88.36, 15.748], [-87.712, 15.941], [-86.341, 15.838], [-86.42, 15.471], [-87.458, 15.053], [-87.42, 14.43], [-87.745, 13.909], [-89.342, 14.514], [-89.126, 14.911], [-88.36, 15.748]]], "type": "Polygon"}, "properties": {"name": "Chortli"}}, {"type": "Feature", "geometry": {"coordinates": [[[-14.856, 15.945], [-14.184, 15.337], [-13.47, 14.426], [-14.053, 13.421], [-15.172, 13.643], [-16.467, 13.433], [-15.868, 13.548], [-14.856, 15.945]]], "type": "Polygon"}, "properties": {"name": "Wolof"}}, {"type": "Feature", "geometry": {"coordinates": [[[23.03, 15.829], [23.967, 15.957], [24.561, 15.537], [25.388, 14.077], [24.847, 13.642], [24.706, 12.958], [23.708, 12.397], [23.418, 11.526], [23.061, 11.459], [22.345, 12.692], [21.881, 12.877], [22.49, 14.757], [23.03, 15.829]]], "type": "Polygon"}, "properties": {"name": "Al-Junaynah"}}, {"type": "Feature", "geometry": {"coordinates": [[[97.915, 15.151], [98.546, 15.892], [99.418, 15.016], [99.89, 13.477], [99.145, 13.461], [97.915, 15.151]]], "type": "Polygon"}, "properties": {"name": "Ratchaburi"}}, {"type": "Feature", "geometry": {"coordinates": [[[-4.602, 15.517], [-3.345, 15.741], [-3.476, 14.548], [-5.006, 14.105], [-5.262, 14.784], [-4.602, 15.517]]], "type": "Polygon"}, "properties": {"name": "Kala"}}, {"type": "Feature", "geometry": {"coordinates": [[[15.887, 15.664], [17.822, 15.804], [18.962, 14.664], [18.724, 12.618], [16.261, 13.799], [15.887, 15.664]]], "type": "Polygon"}, "properties": {"name": "Yao"}}, {"type": "Feature", "geometry": {"coordinates": [[[36.497, 14.538], [36.641, 15.805], [38.853, 15.627], [39.161, 14.682], [37.864, 14.852], [37.448, 14.28], [37.271, 14.484], [36.924, 14.467], [36.574, 14.46], [36.497, 14.538]]], "type": "Polygon"}, "properties": {"name": "Mendefera"}}, {"type": "Feature", "geometry": {"coordinates": [[[145.579, 15.766], [145.861, 15.326], [145.462, 15.381], [145.579, 15.766]]], "type": "Polygon"}, "properties": {"name": "Micronesia"}}, {"type": "Feature", "geometry": {"coordinates": [[[39.586, 15.284], [39.774, 15.556], [40.802, 14.867], [41.766, 14.034], [43.12, 12.75], [42.29, 12.596], [41.547, 13.212], [41.226, 13.522], [39.778, 14.652], [39.586, 15.284]]], "type": "Polygon"}, "properties": {"name": "Tajura"}}, {"type": "Feature", "geometry": {"coordinates": [[[45.719, 15.237], [46.313, 15.654], [48.975, 15.443], [49.349, 14.712], [48.334, 14.021], [46.701, 13.498], [45.665, 14.43], [45.273, 14.721], [45.719, 15.237]]], "type": "Polygon"}, "properties": {"name": "Kinda"}}, {"type": "Feature", "geometry": {"coordinates": [[[79.547, 15.646], [80.136, 15.677], [80.174, 14.119], [79.808, 14.082], [79.695, 13.809], [79.684, 14.187], [79.23, 14.294], [79.254, 14.923], [79.547, 15.646]]], "type": "Polygon"}, "properties": {"name": "Kosta"}}, {"type": "Feature", "geometry": {"coordinates": [[[-87.458, 15.053], [-86.42, 15.471], [-84.848, 14.858], [-85.732, 13.847], [-86.085, 14.093], [-87.42, 14.43], [-87.458, 15.053]]], "type": "Polygon"}, "properties": {"name": "Olancho"}}, {"type": "Feature", "geometry": {"coordinates": [[[-11.793, 14.858], [-11.541, 15.612], [-10.934, 15.186], [-9.064, 15.443], [-8.195, 15.443], [-8.823, 14.228], [-10.37, 13.994], [-11.793, 14.858]]], "type": "Polygon"}, "properties": {"name": "Wagadu"}}, {"type": "Feature", "geometry": {"coordinates": [[[-8.195, 15.443], [-7.007, 15.524], [-6.722, 14.504], [-5.542, 13.768], [-5.737, 13.62], [-6.019, 13.411], [-6.964, 12.994], [-8.213, 13.235], [-8.823, 14.228], [-8.195, 15.443]]], "type": "Polygon"}, "properties": {"name": "Segu"}}, {"type": "Feature", "geometry": {"coordinates": [[[0.15, 15.02], [1.765, 15.492], [2.096, 15.499], [1.988, 14.388], [1.067, 13.358], [0.15, 15.02]]], "type": "Polygon"}, "properties": {"name": "Aribanda"}}, {"type": "Feature", "geometry": {"coordinates": [[[30.745, 15.399], [32.04, 14.914], [32.682, 13.312], [32.684, 12.436], [31.476, 13.035], [31.803, 13.702], [30.745, 15.399]]], "type": "Polygon"}, "properties": {"name": "Kosti"}}, {"type": "Feature", "geometry": {"coordinates": [[[32.324, 15.153], [34.054, 15.56], [34.716, 14.521], [33.983, 13.36], [32.682, 13.312], [32.04, 14.914], [32.324, 15.153]]], "type": "Polygon"}, "properties": {"name": "Gezira"}}, {"type": "Feature", "geometry": {"coordinates": [[[76.131, 15.074], [77.385, 15.482], [77.849, 14.758], [77.6, 13.819], [77.046, 13.747], [76.186, 14.519], [76.131, 15.074]]], "type": "Polygon"}, "properties": {"name": "Vijayanagar"}}, {"type": "Feature", "geometry": {"coordinates": [[[-90.888, 13.988], [-90.416, 15.337], [-89.126, 14.911], [-89.342, 14.514], [-90.018, 13.813], [-90.888, 13.988]]], "type": "Polygon"}, "properties": {"name": "Iximche"}}, {"type": "Feature", "geometry": {"coordinates": [[[77.849, 14.758], [79.269, 15.326], [79.254, 14.923], [79.23, 14.294], [79.684, 14.187], [78.28, 13.306], [77.6, 13.819], [77.849, 14.758]]], "type": "Polygon"}, "properties": {"name": "Rayalaseema"}}, {"type": "Feature", "geometry": {"coordinates": [[[-1.726, 14.661], [-0.018, 15.287], [0.15, 15.02], [1.067, 13.358], [0.655, 13.315], [-0.913, 13.873], [-1.444, 13.457], [-2.192, 14.373], [-1.726, 14.661]]], "type": "Polygon"}, "properties": {"name": "Liptako"}}, {"type": "Feature", "geometry": {"coordinates": [[[20.118, 14.698], [21.661, 15.258], [22.49, 14.757], [21.881, 12.877], [22.345, 12.692], [23.061, 11.459], [22.791, 11.121], [20.58, 9.357], [20.098, 10.679], [19.406, 10.168], [19.137, 10.967], [18.57, 11.229], [18.724, 12.618], [18.962, 14.664], [20.118, 14.698]]], "type": "Polygon"}, "properties": {"name": "Ouaddai"}}, {"type": "Feature", "geometry": {"coordinates": [[[73.976, 14.986], [74.669, 15.231], [75.201, 14.361], [74.973, 13.565], [74.601, 13.687], [73.976, 14.986]]], "type": "Polygon"}, "properties": {"name": "North Kanara"}}, {"type": "Feature", "geometry": {"coordinates": [[[2.611, 14.095], [4.407, 15.002], [5.089, 14.623], [4.838, 13.936], [4.228, 13.513], [3.487, 11.971], [2.834, 12.594], [2.611, 14.095]]], "type": "Polygon"}, "properties": {"name": "Dallol"}}, {"type": "Feature", "geometry": {"coordinates": [[[97.731, 15.073], [97.915, 15.151], [99.145, 13.461], [99.026, 13.035], [98.529, 12.969], [98.449, 13.275], [97.968, 14.047], [97.731, 15.073]]], "type": "Polygon"}, "properties": {"name": "Tavoy"}}, {"type": "Feature", "geometry": {"coordinates": [[[-84.43, 14.653], [-83.435, 14.956], [-83.264, 14.452], [-83.623, 12.886], [-83.922, 11.302], [-84.117, 11.684], [-84.239, 13.463], [-84.43, 14.653]]], "type": "Polygon"}, "properties": {"name": "Mosquito"}}, {"type": "Feature", "geometry": {"coordinates": [[[-12.526, 14.925], [-12.175, 14.612], [-11.597, 13.167], [-11.363, 12.479], [-13.134, 12.714], [-13.638, 13.181], [-14.053, 13.421], [-13.47, 14.426], [-12.526, 14.925]]], "type": "Polygon"}, "properties": {"name": "Galam"}}, {"type": "Feature", "geometry": {"coordinates": [[[107.527, 14.989], [108.27, 14.389], [108.429, 13.286], [108.509, 11.905], [107.399, 11.56], [107.174, 12.163], [107.5, 13.26], [107.45, 14.615], [107.527, 14.989]]], "type": "Polygon"}, "properties": {"name": "Tay Nguyen"}}, {"type": "Feature", "geometry": {"coordinates": [[[121.041, 14.94], [121.563, 14.4], [121.725, 14.02], [121.16, 13.699], [120.526, 14.093], [120.914, 14.694], [121.041, 14.94]]], "type": "Polygon"}, "properties": {"name": "Manila"}}, {"type": "Feature", "geometry": {"coordinates": [[[-85.732, 13.847], [-84.848, 14.858], [-84.43, 14.653], [-84.239, 13.463], [-84.117, 11.684], [-85.682, 12.594], [-86.029, 13.139], [-85.732, 13.847]]], "type": "Polygon"}, "properties": {"name": "Uluas"}}, {"type": "Feature", "geometry": {"coordinates": [[[-12.175, 14.612], [-11.793, 14.858], [-10.37, 13.994], [-10.182, 12.221], [-11.372, 12.142], [-11.363, 12.479], [-11.597, 13.167], [-12.175, 14.612]]], "type": "Polygon"}, "properties": {"name": "Bambuk"}}, {"type": "Feature", "geometry": {"coordinates": [[[5.089, 14.623], [7.683, 14.764], [7.939, 14.542], [7.844, 13.45], [6.486, 13.461], [6.466, 13.664], [5.969, 13.894], [4.838, 13.936], [5.089, 14.623]]], "type": "Polygon"}, "properties": {"name": "Gobir"}}, {"type": "Feature", "geometry": {"coordinates": [[[37.448, 14.28], [37.864, 14.852], [39.161, 14.682], [39.637, 14.667], [38.972, 13.483], [38.755, 13.403], [37.448, 14.28]]], "type": "Polygon"}, "properties": {"name": "Aksum"}}, {"type": "Feature", "geometry": {"coordinates": [[[108.27, 14.389], [108.893, 14.886], [109.219, 13.163], [108.429, 13.286], [108.27, 14.389]]], "type": "Polygon"}, "properties": {"name": "Vijaya"}}, {"type": "Feature", "geometry": {"coordinates": [[[9.774, 14.168], [10.851, 14.695], [12.688, 13.426], [12.203, 13.161], [11.05, 13.548], [10.141, 13.419], [9.774, 14.168]]], "type": "Polygon"}, "properties": {"name": "Muniyo"}}, {"type": "Feature", "geometry": {"coordinates": [[[39.637, 14.667], [39.778, 14.652], [41.226, 13.522], [39.925, 13.138], [38.972, 13.483], [39.637, 14.667]]], "type": "Polygon"}, "properties": {"name": "Tigre"}}, {"type": "Feature", "geometry": {"coordinates": [[[106.078, 14.393], [107.45, 14.615], [107.5, 13.26], [105.631, 13.181], [105.495, 13.712], [105.413, 14.039], [105.889, 14.034], [106.078, 14.393]]], "type": "Polygon"}, "properties": {"name": "Stung Treng"}}, {"type": "Feature", "geometry": {"coordinates": [[[-90.018, 13.813], [-89.342, 14.514], [-87.745, 13.909], [-87.704, 13.54], [-87.933, 13.189], [-90.018, 13.813]]], "type": "Polygon"}, "properties": {"name": "Pipil"}}, {"type": "Feature", "geometry": {"coordinates": [[[-5.006, 14.105], [-3.476, 14.548], [-3.129, 13.753], [-3.411, 13.373], [-4.06, 13.502], [-4.372, 12.731], [-5.737, 13.62], [-5.542, 13.768], [-5.006, 14.105]]], "type": "Polygon"}, "properties": {"name": "Jenne"}}, {"type": "Feature", "geometry": {"coordinates": [[[7.939, 14.542], [9.171, 14.57], [9.774, 14.168], [10.141, 13.419], [9.091, 12.973], [8.381, 13.237], [7.844, 13.45], [7.939, 14.542]]], "type": "Polygon"}, "properties": {"name": "Daura"}}, {"type": "Feature", "geometry": {"coordinates": [[[36.924, 14.467], [37.271, 14.484], [37.448, 14.28], [38.755, 13.403], [38.29, 12.716], [37.736, 12.718], [36.35, 13.801], [36.392, 13.961], [36.498, 14.365], [36.924, 14.467]]], "type": "Polygon"}, "properties": {"name": "Semien"}}, {"type": "Feature", "geometry": {"coordinates": [[[75.201, 14.361], [76.186, 14.519], [77.046, 13.747], [76.516, 13.348], [76.095, 12.981], [74.973, 13.565], [75.201, 14.361]]], "type": "Polygon"}, "properties": {"name": "Malenadu"}}, {"type": "Feature", "geometry": {"coordinates": [[[100.878, 13.484], [101.205, 14.564], [102.832, 14.216], [102.268, 13.275], [102.618, 12.279], [102.695, 12.015], [100.736, 12.685], [100.878, 13.484]]], "type": "Polygon"}, "properties": {"name": "Rayong"}}, {"type": "Feature", "geometry": {"coordinates": [[[-87.42, 14.43], [-86.085, 14.093], [-86.928, 13.049], [-87.203, 13.002], [-87.704, 13.54], [-87.745, 13.909], [-87.42, 14.43]]], "type": "Polygon"}, "properties": {"name": "Lenca"}}, {"type": "Feature", "geometry": {"coordinates": [[[-3.129, 13.753], [-2.192, 14.373], [-1.444, 13.457], [-1.27, 13.356], [-2.724, 12.699], [-2.831, 12.242], [-3.62, 12.035], [-4.246, 12.619], [-4.372, 12.731], [-4.06, 13.502], [-3.411, 13.373], [-3.129, 13.753]]], "type": "Polygon"}, "properties": {"name": "Yatenga"}}, {"type": "Feature", "geometry": {"coordinates": [[[1.067, 13.358], [1.988, 14.388], [2.611, 14.095], [2.834, 12.594], [2.388, 12.009], [2.138, 12.69], [1.067, 13.358]]], "type": "Polygon"}, "properties": {"name": "Dendi"}}, {"type": "Feature", "geometry": {"coordinates": [[[44.63, 13.768], [45.665, 14.43], [46.701, 13.498], [43.409, 12.786], [44.63, 13.768]]], "type": "Polygon"}, "properties": {"name": "Aden"}}, {"type": "Feature", "geometry": {"coordinates": [[[102.832, 14.216], [103.287, 14.346], [103.566, 13.546], [103.793, 12.614], [102.618, 12.279], [102.268, 13.275], [102.832, 14.216]]], "type": "Polygon"}, "properties": {"name": "Battambang"}}, {"type": "Feature", "geometry": {"coordinates": [[[103.287, 14.346], [103.614, 14.384], [105.234, 14.221], [105.413, 14.039], [105.495, 13.712], [105.751, 12.501], [104.66, 12.221], [104.427, 12.473], [103.566, 13.546], [103.287, 14.346]]], "type": "Polygon"}, "properties": {"name": "Siem Reap"}}, {"type": "Feature", "geometry": {"coordinates": [[[122.362, 14.314], [123.131, 13.856], [123.861, 13.768], [123.539, 13.665], [123.855, 12.729], [122.38, 13.816], [122.121, 13.758], [122.001, 13.698], [122.362, 14.314]]], "type": "Polygon"}, "properties": {"name": "Bikol"}}, {"type": "Feature", "geometry": {"coordinates": [[[-61.184, 13.835], [-60.782, 14.274], [-60.808, 13.601], [-61.184, 13.835]]], "type": "Polygon"}, "properties": {"name": "St. Lucia"}}, {"type": "Feature", "geometry": {"coordinates": [[[-10.37, 13.994], [-8.823, 14.228], [-8.213, 13.235], [-8.762, 12.243], [-9.078, 12.548], [-10.182, 12.221], [-10.37, 13.994]]], "type": "Polygon"}, "properties": {"name": "Do"}}, {"type": "Feature", "geometry": {"coordinates": [[[-86.085, 14.093], [-85.732, 13.847], [-86.029, 13.139], [-85.682, 12.594], [-85.926, 12.356], [-86.548, 12.48], [-86.404, 11.955], [-86.519, 11.859], [-87.578, 12.939], [-87.203, 13.002], [-86.928, 13.049], [-86.085, 14.093]]], "type": "Polygon"}, "properties": {"name": "Nicaragua"}}, {"type": "Feature", "geometry": {"coordinates": [[[78.28, 13.306], [79.684, 14.187], [79.695, 13.809], [79.489, 12.745], [79.412, 12.437], [78.349, 12.454], [78.207, 12.655], [78.458, 12.857], [78.28, 13.306]]], "type": "Polygon"}, "properties": {"name": "Arcot"}}, {"type": "Feature", "geometry": {"coordinates": [[[79.808, 14.082], [80.174, 14.119], [80.249, 12.71], [79.489, 12.745], [79.695, 13.809], [79.808, 14.082]]], "type": "Polygon"}, "properties": {"name": "Tondainadu"}}, {"type": "Feature", "geometry": {"coordinates": [[[4.838, 13.936], [5.969, 13.894], [4.824, 12.524], [4.694, 11.663], [3.699, 11.165], [3.487, 11.971], [4.228, 13.513], [4.838, 13.936]]], "type": "Polygon"}, "properties": {"name": "Kebbi"}}, {"type": "Feature", "geometry": {"coordinates": [[[24.847, 13.642], [25.388, 14.077], [26.988, 13.079], [27.188, 10.653], [27.19, 9.805], [25.959, 10.444], [24.978, 10.188], [23.686, 9.625], [22.791, 11.121], [23.061, 11.459], [23.418, 11.526], [23.708, 12.397], [24.706, 12.958], [24.847, 13.642]]], "type": "Polygon"}, "properties": {"name": "West Darfur"}}, {"type": "Feature", "geometry": {"coordinates": [[[-1.444, 13.457], [-0.913, 13.873], [0.655, 13.315], [0.717, 12.424], [0.209, 12.227], [-0.583, 12.24], [-1.27, 13.356], [-1.444, 13.457]]], "type": "Polygon"}, "properties": {"name": "Bilanga"}}, {"type": "Feature", "geometry": {"coordinates": [[[4.824, 12.524], [5.969, 13.894], [6.466, 13.664], [6.486, 13.461], [6.839, 11.24], [6.183, 10.797], [4.694, 11.663], [4.824, 12.524]]], "type": "Polygon"}, "properties": {"name": "Zamfara"}}, {"type": "Feature", "geometry": {"coordinates": [[[13.264, 13.797], [13.972, 12.665], [14.092, 12.596], [14.65, 11.906], [13.484, 10.589], [12.193, 11.551], [12.513, 12.018], [12.203, 13.161], [12.688, 13.426], [13.264, 13.797]]], "type": "Polygon"}, "properties": {"name": "Bornu"}}, {"type": "Feature", "geometry": {"coordinates": [[[15.282, 13.559], [16.261, 13.799], [18.724, 12.618], [18.57, 11.229], [16.616, 10.238], [16.205, 11.214], [16.353, 12.331], [16.007, 13.138], [15.378, 13.222], [15.282, 13.559]]], "type": "Polygon"}, "properties": {"name": "Bagirmi"}}, {"type": "Feature", "geometry": {"coordinates": [[[77.046, 13.747], [77.6, 13.819], [78.28, 13.306], [78.458, 12.857], [78.207, 12.655], [77.418, 12.155], [76.516, 13.348], [77.046, 13.747]]], "type": "Polygon"}, "properties": {"name": "Morasanadu"}}, {"type": "Feature", "geometry": {"coordinates": [[[-16.467, 13.433], [-15.172, 13.643], [-14.053, 13.421], [-13.638, 13.181], [-15.003, 13.326], [-15.6, 13.378], [-15.602, 13.148], [-16.22, 13.185], [-16.467, 13.433]]], "type": "Polygon"}, "properties": {"name": "Gambia"}}, {"type": "Feature", "geometry": {"coordinates": [[[26.988, 13.079], [29.125, 13.809], [29.489, 11.978], [28.43, 9.586], [27.558, 9.855], [27.188, 10.653], [26.988, 13.079]]], "type": "Polygon"}, "properties": {"name": "Kobbe"}}, {"type": "Feature", "geometry": {"coordinates": [[[35.215, 12.141], [36.35, 13.801], [37.736, 12.718], [37.637, 12.442], [36.923, 12.447], [36.895, 11.962], [35.215, 12.141]]], "type": "Polygon"}, "properties": {"name": "Dembiya"}}, {"type": "Feature", "geometry": {"coordinates": [[[74.601, 13.687], [74.973, 13.565], [76.095, 12.981], [75.836, 12.408], [75.051, 12.238], [74.601, 13.687]]], "type": "Polygon"}, "properties": {"name": "South Kanara"}}, {"type": "Feature", "geometry": {"coordinates": [[[105.495, 13.712], [105.631, 13.181], [107.5, 13.26], [107.174, 12.163], [106.717, 11.984], [105.751, 12.501], [105.495, 13.712]]], "type": "Polygon"}, "properties": {"name": "Kratie"}}, {"type": "Feature", "geometry": {"coordinates": [[[-6.019, 13.411], [-5.737, 13.62], [-4.372, 12.731], [-4.246, 12.619], [-5.178, 11.919], [-5.509, 10.572], [-6.109, 10.272], [-6.161, 10.496], [-6.019, 13.411]]], "type": "Polygon"}, "properties": {"name": "Bendugu"}}, {"type": "Feature", "geometry": {"coordinates": [[[10.141, 13.419], [11.05, 13.548], [10.935, 11.226], [10.385, 11.054], [9.807, 11.501], [9.633, 12.824], [9.091, 12.973], [10.141, 13.419]]], "type": "Polygon"}, "properties": {"name": "Biram"}}, {"type": "Feature", "geometry": {"coordinates": [[[11.05, 13.548], [12.203, 13.161], [12.513, 12.018], [12.193, 11.551], [11.528, 10.744], [10.935, 11.226], [11.05, 13.548]]], "type": "Polygon"}, "properties": {"name": "Bedde"}}, {"type": "Feature", "geometry": {"coordinates": [[[41.226, 13.522], [41.547, 13.212], [40.149, 11.053], [39.822, 11.24], [39.939, 11.951], [39.798, 11.927], [39.925, 13.138], [41.226, 13.522]]], "type": "Polygon"}, "properties": {"name": "Angot"}}, {"type": "Feature", "geometry": {"coordinates": [[[120.327, 13.498], [121.404, 13.124], [121.127, 12.187], [120.327, 13.498]]], "type": "Polygon"}, "properties": {"name": "Manila"}}, {"type": "Feature", "geometry": {"coordinates": [[[-59.758, 13.509], [-59.47, 12.901], [-59.766, 12.84], [-59.758, 13.509]]], "type": "Polygon"}, "properties": {"name": "Barbados"}}, {"type": "Feature", "geometry": {"coordinates": [[[-6.964, 12.994], [-6.019, 13.411], [-6.161, 10.496], [-6.355, 10.644], [-6.984, 10.303], [-7.664, 10.499], [-7.616, 12.163], [-6.964, 12.994]]], "type": "Polygon"}, "properties": {"name": "Sibiridugu"}}, {"type": "Feature", "geometry": {"coordinates": [[[0.655, 13.315], [1.067, 13.358], [2.138, 12.69], [2.388, 12.009], [0.8, 11.1], [0.34, 11.201], [0.209, 12.227], [0.717, 12.424], [0.655, 13.315]]], "type": "Polygon"}, "properties": {"name": "Gurma"}}, {"type": "Feature", "geometry": {"coordinates": [[[6.486, 13.461], [7.844, 13.45], [8.381, 13.237], [7.891, 11.801], [6.839, 11.24], [6.486, 13.461]]], "type": "Polygon"}, "properties": {"name": "Katsina"}}, {"type": "Feature", "geometry": {"coordinates": [[[32.682, 13.312], [33.983, 13.36], [34.449, 11.687], [34.936, 11.425], [34.847, 10.89], [34.381, 10.898], [34.045, 8.851], [33.731, 10.2], [33.114, 11.078], [33.048, 12.119], [32.651, 12.227], [32.684, 12.436], [32.682, 13.312]]], "type": "Polygon"}, "properties": {"name": "Sennar"}}, {"type": "Feature", "geometry": {"coordinates": [[[38.755, 13.403], [38.972, 13.483], [39.925, 13.138], [39.798, 11.927], [38.577, 11.841], [38.29, 12.716], [38.755, 13.403]]], "type": "Polygon"}, "properties": {"name": "Lasta"}}, {"type": "Feature", "geometry": {"coordinates": [[[99.145, 13.461], [99.89, 13.477], [99.969, 13.479], [99.341, 10.955], [99.114, 10.999], [99.026, 13.035], [99.145, 13.461]]], "type": "Polygon"}, "properties": {"name": "Phetchaburi"}}, {"type": "Feature", "geometry": {"coordinates": [[[-16.22, 13.185], [-15.602, 13.148], [-15.003, 13.326], [-13.638, 13.181], [-13.134, 12.714], [-13.648, 12.765], [-15.3, 12.714], [-16.448, 12.705], [-16.223, 12.559], [-16.168, 12.308], [-16.741, 13.068], [-16.22, 13.185]]], "type": "Polygon"}, "properties": {"name": "Siine"}}, {"type": "Feature", "geometry": {"coordinates": [[[-8.213, 13.235], [-6.964, 12.994], [-7.616, 12.163], [-7.664, 10.499], [-7.93, 10.219], [-8.762, 12.243], [-8.213, 13.235]]], "type": "Polygon"}, "properties": {"name": "Joma"}}, {"type": "Feature", "geometry": {"coordinates": [[[-2.724, 12.699], [-1.27, 13.356], [-0.583, 12.24], [-2.036, 11.869], [-2.336, 11.843], [-2.831, 12.242], [-2.724, 12.699]]], "type": "Polygon"}, "properties": {"name": "Wagadugi"}}, {"type": "Feature", "geometry": {"coordinates": [[[15.378, 13.222], [16.007, 13.138], [16.353, 12.331], [16.205, 11.214], [16.616, 10.238], [15.94, 9.775], [15.607, 9.976], [14.53, 12.911], [15.378, 13.222]]], "type": "Polygon"}, "properties": {"name": "Kotoko"}}, {"type": "Feature", "geometry": {"coordinates": [[[76.095, 12.981], [76.516, 13.348], [77.418, 12.155], [77.245, 11.648], [76.304, 11.518], [75.836, 12.408], [76.095, 12.981]]], "type": "Polygon"}, "properties": {"name": "Mysore"}}, {"type": "Feature", "geometry": {"coordinates": [[[108.429, 13.286], [109.219, 13.163], [109.077, 11.788], [108.509, 11.905], [108.429, 13.286]]], "type": "Polygon"}, "properties": {"name": "Kauthara"}}, {"type": "Feature", "geometry": {"coordinates": [[[7.891, 11.801], [8.381, 13.237], [9.091, 12.973], [9.633, 12.824], [9.807, 11.501], [8.865, 11.573], [8.726, 11.11], [8.203, 11.162], [7.891, 11.801]]], "type": "Polygon"}, "properties": {"name": "Kano"}}, {"type": "Feature", "geometry": {"coordinates": [[[40.149, 11.053], [41.547, 13.212], [42.29, 12.596], [41.686, 11.088], [40.838, 10.165], [40.584, 10.269], [40.149, 11.053]]], "type": "Polygon"}, "properties": {"name": "Awsa"}}, {"type": "Feature", "geometry": {"coordinates": [[[29.489, 11.978], [31.476, 13.035], [32.684, 12.436], [32.651, 12.227], [32.001, 11.833], [32.406, 11.273], [30.228, 9.455], [29.304, 9.19], [28.43, 9.586], [29.489, 11.978]]], "type": "Polygon"}, "properties": {"name": "Dar Nuba"}}, {"type": "Feature", "geometry": {"coordinates": [[[98.529, 12.969], [99.026, 13.035], [99.114, 10.999], [98.439, 10.054], [98.703, 11.586], [98.206, 11.562], [98.549, 11.948], [98.529, 12.969]]], "type": "Polygon"}, "properties": {"name": "Tenasserim"}}, {"type": "Feature", "geometry": {"coordinates": [[[-70.252, 12.793], [-69.374, 12.594], [-69.519, 12.323], [-70.213, 12.326], [-70.252, 12.793]]], "type": "Polygon"}, "properties": {"name": "Curacao"}}, {"type": "Feature", "geometry": {"coordinates": [[[14.092, 12.596], [14.53, 12.911], [15.607, 9.976], [13.955, 9.722], [12.932, 9.283], [13.484, 10.589], [14.65, 11.906], [14.092, 12.596]]], "type": "Polygon"}, "properties": {"name": "Maroua"}}, {"type": "Feature", "geometry": {"coordinates": [[[-15.3, 12.714], [-13.648, 12.765], [-13.728, 11.807], [-14.67, 11.59], [-14.897, 11.007], [-15.371, 11.481], [-15.265, 12.042], [-16.113, 12.05], [-16.168, 12.308], [-16.223, 12.559], [-15.3, 12.714]]], "type": "Polygon"}, "properties": {"name": "Gabu"}}, {"type": "Feature", "geometry": {"coordinates": [[[-13.648, 12.765], [-13.134, 12.714], [-11.363, 12.479], [-11.372, 12.142], [-12.701, 10.723], [-13.728, 11.807], [-13.648, 12.765]]], "type": "Polygon"}, "properties": {"name": "Kantor"}}, {"type": "Feature", "geometry": {"coordinates": [[[37.736, 12.718], [38.29, 12.716], [38.577, 11.841], [38.659, 11.513], [38.307, 11.135], [37.343, 11.696], [37.637, 12.442], [37.736, 12.718]]], "type": "Polygon"}, "properties": {"name": "Gonder"}}, {"type": "Feature", "geometry": {"coordinates": [[[42.29, 12.596], [43.12, 12.75], [43.395, 12.131], [42.544, 11.73], [42.482, 11.702], [42.531, 11.703], [43.129, 11.542], [42.858, 11.14], [41.686, 11.088], [42.29, 12.596]]], "type": "Polygon"}, "properties": {"name": "Djibouti"}}, {"type": "Feature", "geometry": {"coordinates": [[[79.489, 12.745], [80.249, 12.71], [79.777, 11.114], [79.084, 11.103], [78.978, 10.96], [79.063, 11.176], [79.412, 12.437], [79.489, 12.745]]], "type": "Polygon"}, "properties": {"name": "Coromandel"}}, {"type": "Feature", "geometry": {"coordinates": [[[-85.682, 12.594], [-84.117, 11.684], [-83.922, 11.302], [-83.657, 10.725], [-84.654, 10.909], [-85.95, 12.221], [-85.771, 11.187], [-86.519, 11.859], [-86.404, 11.955], [-85.926, 12.356], [-85.682, 12.594]]], "type": "Polygon"}, "properties": {"name": "Managua"}}, {"type": "Feature", "geometry": {"coordinates": [[[-4.246, 12.619], [-3.62, 12.035], [-3.847, 10.071], [-3.352, 9.992], [-4.445, 9.705], [-4.948, 10.032], [-5.509, 10.572], [-5.178, 11.919], [-4.246, 12.619]]], "type": "Polygon"}, "properties": {"name": "Wasuju"}}, {"type": "Feature", "geometry": {"coordinates": [[[2.388, 12.009], [2.834, 12.594], [3.487, 11.971], [3.699, 11.165], [3.768, 10.888], [2.192, 11.049], [1.002, 10.393], [0.8, 11.1], [2.388, 12.009]]], "type": "Polygon"}, "properties": {"name": "Borgu"}}, {"type": "Feature", "geometry": {"coordinates": [[[77.418, 12.155], [78.207, 12.655], [78.349, 12.454], [78.226, 11.681], [77.7, 10.394], [77.02, 9.997], [76.609, 10.675], [76.304, 11.518], [77.245, 11.648], [77.418, 12.155]]], "type": "Polygon"}, "properties": {"name": "Kongu"}}, {"type": "Feature", "geometry": {"coordinates": [[[102.618, 12.279], [103.793, 12.614], [104.427, 12.473], [104.66, 12.221], [104.081, 10.573], [103.574, 10.432], [103.531, 11.063], [103.13, 10.802], [102.695, 12.015], [102.618, 12.279]]], "type": "Polygon"}, "properties": {"name": "Udong"}}, {"type": "Feature", "geometry": {"coordinates": [[[124.249, 12.546], [125.174, 12.537], [125.516, 11.05], [124.949, 11.171], [125.204, 10.14], [124.714, 9.978], [124.651, 10.732], [124.254, 11.111], [124.97, 11.587], [124.249, 12.546]]], "type": "Polygon"}, "properties": {"name": "Visayas"}}, {"type": "Feature", "geometry": {"coordinates": [[[-10.182, 12.221], [-9.078, 12.548], [-8.762, 12.243], [-7.93, 10.219], [-8.184, 9.957], [-9.109, 10.103], [-10.292, 10.418], [-12.224, 10.024], [-12.701, 10.723], [-11.372, 12.142], [-10.182, 12.221]]], "type": "Polygon"}, "properties": {"name": "Futa Jallon"}}, {"type": "Feature", "geometry": {"coordinates": [[[78.349, 12.454], [79.412, 12.437], [79.063, 11.176], [78.226, 11.681], [78.349, 12.454]]], "type": "Polygon"}, "properties": {"name": "Gingee"}}, {"type": "Feature", "geometry": {"coordinates": [[[104.66, 12.221], [105.751, 12.501], [106.717, 11.984], [105.791, 11.499], [106.064, 10.812], [104.712, 10.49], [104.462, 10.297], [104.081, 10.573], [104.66, 12.221]]], "type": "Polygon"}, "properties": {"name": "Phnom Penh"}}, {"type": "Feature", "geometry": {"coordinates": [[[123.275, 12.542], [123.985, 11.908], [123.218, 12.177], [123.275, 12.542]]], "type": "Polygon"}, "properties": {"name": "Bikol"}}, {"type": "Feature", "geometry": {"coordinates": [[[-74.036, 11.132], [-71.619, 12.362], [-71.076, 12.051], [-72.032, 11.449], [-72.896, 10.317], [-74.036, 11.132]]], "type": "Polygon"}, "properties": {"name": "Guajira"}}, {"type": "Feature", "geometry": {"coordinates": [[[75.051, 12.238], [75.836, 12.408], [76.304, 11.518], [76.609, 10.675], [75.91, 10.586], [75.051, 12.238]]], "type": "Polygon"}, "properties": {"name": "Malabar"}}, {"type": "Feature", "geometry": {"coordinates": [[[-70.219, 12.149], [-69.825, 12.118], [-69.83, 11.568], [-68.331, 10.937], [-68.353, 10.147], [-69.945, 9.643], [-70.899, 11.089], [-70.098, 11.366], [-70.219, 12.149]]], "type": "Polygon"}, "properties": {"name": "Coro"}}, {"type": "Feature", "geometry": {"coordinates": [[[-3.62, 12.035], [-2.831, 12.242], [-2.336, 11.843], [-2.036, 11.869], [-2.793, 11.093], [-2.749, 9.629], [-3.031, 9.804], [-3.352, 9.992], [-3.847, 10.071], [-3.62, 12.035]]], "type": "Polygon"}, "properties": {"name": "Lobi"}}, {"type": "Feature", "geometry": {"coordinates": [[[-2.036, 11.869], [-0.583, 12.24], [0.209, 12.227], [0.34, 11.201], [0.004, 11.201], [-0.631, 11.147], [-2.793, 11.093], [-2.036, 11.869]]], "type": "Polygon"}, "properties": {"name": "Tenkodogo"}}, {"type": "Feature", "geometry": {"coordinates": [[[32.001, 11.833], [32.651, 12.227], [33.048, 12.119], [33.114, 11.078], [33.731, 10.2], [34.045, 8.851], [34.069, 8.688], [32.9, 8.142], [31.944, 9.08], [30.255, 9.274], [30.228, 9.455], [32.406, 11.273], [32.001, 11.833]]], "type": "Polygon"}, "properties": {"name": "Fashoda"}}, {"type": "Feature", "geometry": {"coordinates": [[[35.215, 12.141], [36.895, 11.962], [37.029, 11.933], [36.742, 10.467], [35.523, 9.986], [34.847, 10.89], [34.936, 11.425], [35.215, 12.141]]], "type": "Polygon"}, "properties": {"name": "Agew"}}, {"type": "Feature", "geometry": {"coordinates": [[[50.197, 11.674], [50.589, 12.093], [51.131, 11.967], [50.749, 9.689], [49.955, 10.083], [50.197, 11.674]]], "type": "Polygon"}, "properties": {"name": "Hafun"}}, {"type": "Feature", "geometry": {"coordinates": [[[106.717, 11.984], [107.174, 12.163], [107.399, 11.56], [107.526, 10.512], [106.616, 10.439], [106.596, 10.185], [106.064, 10.812], [105.791, 11.499], [106.717, 11.984]]], "type": "Polygon"}, "properties": {"name": "Prei Nokoi"}}, {"type": "Feature", "geometry": {"coordinates": [[[37.029, 11.933], [37.343, 11.696], [38.307, 11.135], [38.527, 10.512], [37.726, 9.889], [36.742, 10.467], [37.029, 11.933]]], "type": "Polygon"}, "properties": {"name": "Gojjam"}}, {"type": "Feature", "geometry": {"coordinates": [[[38.577, 11.841], [39.798, 11.927], [39.939, 11.951], [39.822, 11.24], [38.606, 10.319], [38.527, 10.512], [38.307, 11.135], [38.659, 11.513], [38.577, 11.841]]], "type": "Polygon"}, "properties": {"name": "Wollo"}}, {"type": "Feature", "geometry": {"coordinates": [[[107.399, 11.56], [108.509, 11.905], [109.077, 11.788], [107.526, 10.512], [107.399, 11.56]]], "type": "Polygon"}, "properties": {"name": "Panduranga"}}, {"type": "Feature", "geometry": {"coordinates": [[[-14.67, 11.59], [-13.728, 11.807], [-12.701, 10.723], [-12.224, 10.024], [-13.165, 9.062], [-14.897, 11.007], [-14.67, 11.59]]], "type": "Polygon"}, "properties": {"name": "Beafada"}}, {"type": "Feature", "geometry": {"coordinates": [[[6.839, 11.24], [7.891, 11.801], [8.203, 11.162], [8.726, 11.11], [8.127, 9.961], [8.438, 9.405], [7.258, 9.313], [6.885, 9.704], [6.183, 10.797], [6.839, 11.24]]], "type": "Polygon"}, "properties": {"name": "Zazzau"}}, {"type": "Feature", "geometry": {"coordinates": [[[3.699, 11.165], [4.694, 11.663], [6.183, 10.797], [6.885, 9.704], [5.893, 9.708], [5.519, 10.176], [3.844, 10.565], [3.768, 10.888], [3.699, 11.165]]], "type": "Polygon"}, "properties": {"name": "Yawuri"}}, {"type": "Feature", "geometry": {"coordinates": [[[8.865, 11.573], [9.807, 11.501], [10.385, 11.054], [9.495, 9.157], [8.438, 9.405], [8.127, 9.961], [8.726, 11.11], [8.865, 11.573]]], "type": "Polygon"}, "properties": {"name": "Rano"}}, {"type": "Feature", "geometry": {"coordinates": [[[48.88, 11.378], [50.197, 11.674], [49.955, 10.083], [48.889, 10.149], [48.88, 11.378]]], "type": "Polygon"}, "properties": {"name": "Bosaso"}}, {"type": "Feature", "geometry": {"coordinates": [[[77.7, 10.394], [78.226, 11.681], [79.063, 11.176], [78.978, 10.96], [78.662, 10.233], [77.7, 10.394]]], "type": "Polygon"}, "properties": {"name": "Carnatic"}}, {"type": "Feature", "geometry": {"coordinates": [[[122.012, 10.536], [122.101, 11.681], [123.123, 11.293], [122.012, 10.536]]], "type": "Polygon"}, "properties": {"name": "Panay"}}, {"type": "Feature", "geometry": {"coordinates": [[[123.003, 10.848], [123.549, 10.791], [123.073, 9.686], [123.158, 8.939], [122.424, 9.687], [123.003, 10.848]]], "type": "Polygon"}, "properties": {"name": "Panay"}}, {"type": "Feature", "geometry": {"coordinates": [[[11.528, 10.744], [12.193, 11.551], [13.484, 10.589], [12.932, 9.283], [12.821, 9.264], [12.647, 9.236], [12.015, 10.15], [11.528, 10.744]]], "type": "Polygon"}, "properties": {"name": "Marghi"}}, {"type": "Feature", "geometry": {"coordinates": [[[43.129, 11.542], [44.148, 10.444], [43.491, 9.434], [43.451, 9.391], [42.668, 10.679], [42.858, 11.14], [43.129, 11.542]]], "type": "Polygon"}, "properties": {"name": "Zeila"}}, {"type": "Feature", "geometry": {"coordinates": [[[-72.896, 10.317], [-72.032, 11.449], [-71.613, 10.537], [-72.137, 9.701], [-71.52, 8.803], [-71.452, 8.581], [-72.419, 8.18], [-73.28, 9.225], [-72.896, 10.317]]], "type": "Polygon"}, "properties": {"name": "Maracaibo"}}, {"type": "Feature", "geometry": {"coordinates": [[[47.76, 11.276], [48.88, 11.378], [48.889, 10.149], [48.856, 9.691], [47.772, 9.648], [47.76, 11.276]]], "type": "Polygon"}, "properties": {"name": "Las Khoray"}}, {"type": "Feature", "geometry": {"coordinates": [[[-74.117, 11.259], [-74.036, 11.132], [-72.896, 10.317], [-73.28, 9.225], [-73.871, 8.793], [-75.301, 10.65], [-74.815, 11.045], [-74.362, 10.779], [-74.117, 11.259]]], "type": "Polygon"}, "properties": {"name": "Magdalena"}}, {"type": "Feature", "geometry": {"coordinates": [[[-0.631, 11.147], [0.004, 11.201], [0.282, 10.332], [0.744, 8.339], [0.476, 7.446], [-0.83, 8.971], [-0.631, 11.147]]], "type": "Polygon"}, "properties": {"name": "Dagbon"}}, {"type": "Feature", "geometry": {"coordinates": [[[0.004, 11.201], [0.34, 11.201], [0.8, 11.1], [1.002, 10.393], [1.325, 10.044], [1.626, 8.85], [0.744, 8.339], [0.282, 10.332], [0.004, 11.201]]], "type": "Polygon"}, "properties": {"name": "Atakora"}}, {"type": "Feature", "geometry": {"coordinates": [[[10.385, 11.054], [10.935, 11.226], [11.528, 10.744], [12.015, 10.15], [9.703, 8.73], [9.495, 9.157], [10.385, 11.054]]], "type": "Polygon"}, "properties": {"name": "Bauchi"}}, {"type": "Feature", "geometry": {"coordinates": [[[16.616, 10.238], [18.57, 11.229], [19.137, 10.967], [19.406, 10.168], [20.098, 10.679], [20.58, 9.357], [18.943, 9.033], [19.03, 8.755], [16.685, 7.614], [16.469, 7.736], [15.94, 9.775], [16.616, 10.238]]], "type": "Polygon"}, "properties": {"name": "Chari"}}, {"type": "Feature", "geometry": {"coordinates": [[[38.606, 10.319], [39.822, 11.24], [40.149, 11.053], [40.584, 10.269], [40.131, 9.049], [39.572, 8.61], [39.257, 9.647], [38.606, 10.319]]], "type": "Polygon"}, "properties": {"name": "Ankober"}}, {"type": "Feature", "geometry": {"coordinates": [[[46.545, 10.838], [47.76, 11.276], [47.772, 9.648], [46.433, 9.958], [46.545, 10.838]]], "type": "Polygon"}, "properties": {"name": "Sanaag"}}, {"type": "Feature", "geometry": {"coordinates": [[[119.39, 11.331], [119.707, 10.404], [118.703, 9.755], [117.135, 8.254], [118.319, 9.549], [119.181, 10.517], [119.082, 10.776], [119.39, 11.331]]], "type": "Polygon"}, "properties": {"name": "Palawan"}}, {"type": "Feature", "geometry": {"coordinates": [[[-85.668, 10.522], [-85.694, 11.139], [-84.654, 10.909], [-83.657, 10.725], [-83.624, 10.72], [-83.329, 10.151], [-84.333, 9.469], [-85.182, 10.14], [-84.937, 9.754], [-85.055, 9.574], [-85.868, 10.138], [-85.668, 10.522]]], "type": "Polygon"}, "properties": {"name": "Nicoya"}}, {"type": "Feature", "geometry": {"coordinates": [[[-71.416, 10.517], [-70.899, 11.089], [-69.945, 9.643], [-70.009, 9.143], [-70.552, 8.896], [-71.452, 8.581], [-71.52, 8.803], [-71.056, 9.158], [-70.978, 9.708], [-71.416, 10.517]]], "type": "Polygon"}, "properties": {"name": "Altagracia"}}, {"type": "Feature", "geometry": {"coordinates": [[[-2.749, 9.629], [-2.793, 11.093], [-0.631, 11.147], [-0.83, 8.971], [-0.979, 9.182], [-1.658, 8.183], [-2.601, 8.05], [-2.758, 9.233], [-2.729, 9.566], [-3.031, 9.804], [-2.749, 9.629]]], "type": "Polygon"}, "properties": {"name": "Bonoman"}}, {"type": "Feature", "geometry": {"coordinates": [[[1.002, 10.393], [2.192, 11.049], [3.768, 10.888], [3.844, 10.565], [3.529, 9.91], [3.35, 9.96], [2.56, 10.074], [2.365, 9.52], [2.024, 10.096], [1.325, 10.044], [1.002, 10.393]]], "type": "Polygon"}, "properties": {"name": "Moshi"}}, {"type": "Feature", "geometry": {"coordinates": [[[20.58, 9.357], [22.791, 11.121], [23.686, 9.625], [23.56, 9.013], [26.364, 6.512], [27.214, 5.213], [25.993, 5.168], [24.737, 5.055], [22.801, 4.657], [22.339, 4.187], [20.82, 4.409], [20.489, 6.435], [20.752, 7.417], [19.03, 8.755], [18.943, 9.033], [20.58, 9.357]]], "type": "Polygon"}, "properties": {"name": "Central Africa"}}, {"type": "Feature", "geometry": {"coordinates": [[[41.686, 11.088], [42.858, 11.14], [42.668, 10.679], [43.451, 9.391], [42.487, 9.035], [40.838, 10.165], [41.686, 11.088]]], "type": "Polygon"}, "properties": {"name": "Mora"}}, {"type": "Feature", "geometry": {"coordinates": [[[79.084, 11.103], [79.777, 11.114], [79.918, 10.311], [78.977, 9.666], [78.662, 10.233], [78.978, 10.96], [79.084, 11.103]]], "type": "Polygon"}, "properties": {"name": "Tanjore"}}, {"type": "Feature", "geometry": {"coordinates": [[[123.266, 9.355], [123.958, 11.117], [123.968, 10.315], [123.266, 9.355]]], "type": "Polygon"}, "properties": {"name": "Visayas"}}, {"type": "Feature", "geometry": {"coordinates": [[[-68.331, 10.937], [-68.211, 10.396], [-66.379, 10.522], [-65.558, 10.056], [-65.547, 9.971], [-65.507, 9.704], [-66.708, 9.527], [-66.968, 9.531], [-68.353, 10.147], [-68.331, 10.937]]], "type": "Polygon"}, "properties": {"name": "Caracas"}}, {"type": "Feature", "geometry": {"coordinates": [[[34.381, 10.898], [34.847, 10.89], [35.523, 9.986], [36.11, 9.051], [34.839, 8.805], [34.069, 8.688], [34.045, 8.851], [34.381, 10.898]]], "type": "Polygon"}, "properties": {"name": "Asosa"}}, {"type": "Feature", "geometry": {"coordinates": [[[44.913, 10.561], [46.545, 10.838], [46.433, 9.958], [45.656, 9.8], [45.215, 9.734], [44.913, 10.561]]], "type": "Polygon"}, "properties": {"name": "Berbera"}}, {"type": "Feature", "geometry": {"coordinates": [[[98.439, 10.054], [99.114, 10.999], [99.341, 10.955], [99.153, 9.303], [99.703, 9.359], [99.304, 8.316], [98.356, 9.563], [98.439, 10.054]]], "type": "Polygon"}, "properties": {"name": "Chaiya"}}, {"type": "Feature", "geometry": {"coordinates": [[[104.712, 10.49], [106.064, 10.812], [106.596, 10.185], [106.597, 9.975], [106.256, 9.814], [106.376, 9.448], [106.085, 9.327], [104.712, 10.49]]], "type": "Polygon"}, "properties": {"name": "Prek Ruisey"}}, {"type": "Feature", "geometry": {"coordinates": [[[-65.547, 9.971], [-61.91, 10.643], [-62.817, 10.424], [-62.709, 9.804], [-62.858, 9.586], [-63.006, 9.423], [-63.585, 9.803], [-64.494, 9.104], [-65.507, 9.704], [-65.547, 9.971]]], "type": "Polygon"}, "properties": {"name": "Cumana"}}, {"type": "Feature", "geometry": {"coordinates": [[[-61.458, 10.106], [-61.105, 10.781], [-61.049, 10.126], [-61.458, 10.106]]], "type": "Polygon"}, "properties": {"name": "Trinidad"}}, {"type": "Feature", "geometry": {"coordinates": [[[-6.355, 10.644], [-6.161, 10.496], [-6.109, 10.272], [-5.509, 10.572], [-4.948, 10.032], [-6.163, 9.208], [-7.838, 9.313], [-8.184, 9.957], [-7.93, 10.219], [-7.664, 10.499], [-6.984, 10.303], [-6.355, 10.644]]], "type": "Polygon"}, "properties": {"name": "Bagoe"}}, {"type": "Feature", "geometry": {"coordinates": [[[27.188, 10.653], [27.558, 9.855], [27.37, 8.917], [28.93, 6.946], [28.76, 5.875], [27.658, 4.688], [25.993, 5.168], [27.214, 5.213], [26.364, 6.512], [23.56, 9.013], [23.686, 9.625], [24.978, 10.188], [25.959, 10.444], [27.19, 9.805], [27.188, 10.653]]], "type": "Polygon"}, "properties": {"name": "Bahr el Ghazal"}}, {"type": "Feature", "geometry": {"coordinates": [[[75.91, 10.586], [76.609, 10.675], [77.02, 9.997], [77.207, 9.395], [76.416, 9.317], [76.307, 9.58], [75.91, 10.586]]], "type": "Polygon"}, "properties": {"name": "Kochin"}}, {"type": "Feature", "geometry": {"coordinates": [[[-75.647, 9.384], [-75.301, 10.65], [-73.871, 8.793], [-73.98, 7.098], [-74.618, 8.158], [-76.045, 7.866], [-76.482, 8.685], [-75.647, 9.384]]], "type": "Polygon"}, "properties": {"name": "Cartagena"}}, {"type": "Feature", "geometry": {"coordinates": [[[-10.292, 10.418], [-9.109, 10.103], [-8.184, 9.957], [-7.838, 9.313], [-7.678, 8.524], [-8.074, 8.54], [-8.065, 7.72], [-8.356, 7.646], [-9.06, 7.161], [-9.647, 8.471], [-10.175, 8.395], [-11.473, 7.002], [-12.074, 7.296], [-12.261, 7.685], [-12.753, 7.725], [-13.165, 9.062], [-12.224, 10.024], [-10.292, 10.418]]], "type": "Polygon"}, "properties": {"name": "Sierra Leone"}}, {"type": "Feature", "geometry": {"coordinates": [[[3.529, 9.91], [3.844, 10.565], [5.519, 10.176], [5.893, 9.708], [6.885, 9.704], [7.258, 9.313], [6.744, 8.401], [4.973, 9.211], [3.529, 9.91]]], "type": "Polygon"}, "properties": {"name": "Nupe"}}, {"type": "Feature", "geometry": {"coordinates": [[[38.527, 10.512], [38.606, 10.319], [39.257, 9.647], [39.572, 8.61], [39.119, 8.487], [37.603, 8.559], [37.071, 9.265], [36.988, 9.548], [37.651, 9.638], [37.726, 9.889], [38.527, 10.512]]], "type": "Polygon"}, "properties": {"name": "Shoa"}}, {"type": "Feature", "geometry": {"coordinates": [[[44.148, 10.444], [44.913, 10.561], [45.215, 9.734], [45.656, 9.8], [44.877, 8.766], [43.491, 9.434], [44.148, 10.444]]], "type": "Polygon"}, "properties": {"name": "Hargeisa"}}, {"type": "Feature", "geometry": {"coordinates": [[[35.523, 9.986], [36.742, 10.467], [37.726, 9.889], [37.651, 9.638], [36.988, 9.548], [37.071, 9.265], [37.119, 9.075], [36.11, 9.051], [35.523, 9.986]]], "type": "Polygon"}, "properties": {"name": "Damot"}}, {"type": "Feature", "geometry": {"coordinates": [[[77.7, 10.394], [78.662, 10.233], [78.977, 9.666], [78.791, 9.182], [78.345, 9.026], [77.238, 9.395], [77.207, 9.395], [77.02, 9.997], [77.7, 10.394]]], "type": "Polygon"}, "properties": {"name": "Madurai"}}, {"type": "Feature", "geometry": {"coordinates": [[[104.462, 10.297], [104.712, 10.49], [106.085, 9.327], [104.713, 8.363], [104.888, 9.939], [104.462, 10.297]]], "type": "Polygon"}, "properties": {"name": "Prek Khmao"}}, {"type": "Feature", "geometry": {"coordinates": [[[40.584, 10.269], [40.838, 10.165], [42.487, 9.035], [42.271, 8.489], [41.601, 8.411], [40.131, 9.049], [40.584, 10.269]]], "type": "Polygon"}, "properties": {"name": "Harer"}}, {"type": "Feature", "geometry": {"coordinates": [[[-84.333, 9.469], [-83.329, 10.151], [-82.772, 9.565], [-82.986, 8.339], [-83.71, 8.429], [-83.534, 8.868], [-84.333, 9.469]]], "type": "Polygon"}, "properties": {"name": "Chorotega"}}, {"type": "Feature", "geometry": {"coordinates": [[[-69.945, 9.643], [-68.353, 10.147], [-66.968, 9.531], [-66.42, 7.564], [-67.452, 7.758], [-70.009, 9.143], [-69.945, 9.643]]], "type": "Polygon"}, "properties": {"name": "Llanos"}}, {"type": "Feature", "geometry": {"coordinates": [[[-62.709, 9.804], [-61.657, 10.042], [-60.866, 9.695], [-61.42, 8.697], [-59.762, 8.687], [-60.744, 7.862], [-62.306, 8.752], [-62.706, 9.595], [-62.858, 9.586], [-62.709, 9.804]]], "type": "Polygon"}, "properties": {"name": "Orinoco Delta"}}, {"type": "Feature", "geometry": {"coordinates": [[[1.325, 10.044], [2.024, 10.096], [2.365, 9.52], [2.575, 7.464], [2.22, 7.336], [1.708, 7.559], [1.744, 6.229], [1.705, 6.219], [1.626, 8.85], [1.325, 10.044]]], "type": "Polygon"}, "properties": {"name": "Abomey"}}, {"type": "Feature", "geometry": {"coordinates": [[[2.56, 10.074], [3.35, 9.96], [2.704, 7.766], [2.575, 7.464], [2.365, 9.52], [2.56, 10.074]]], "type": "Polygon"}, "properties": {"name": "Ketu"}}, {"type": "Feature", "geometry": {"coordinates": [[[9.703, 8.73], [12.015, 10.15], [12.647, 9.236], [10.12, 7.021], [9.816, 6.781], [9.479, 7.151], [9.805, 8.497], [9.703, 8.73]]], "type": "Polygon"}, "properties": {"name": "Wukari"}}, {"type": "Feature", "geometry": {"coordinates": [[[48.889, 10.149], [49.955, 10.083], [50.749, 9.689], [50.042, 8.405], [48.671, 9.029], [48.856, 9.691], [48.889, 10.149]]], "type": "Polygon"}, "properties": {"name": "Qardho"}}, {"type": "Feature", "geometry": {"coordinates": [[[-6.163, 9.208], [-4.948, 10.032], [-4.445, 9.705], [-3.352, 9.992], [-3.031, 9.804], [-2.729, 9.566], [-2.758, 9.233], [-4.74, 8.186], [-6.163, 9.208]]], "type": "Polygon"}, "properties": {"name": "Kong"}}, {"type": "Feature", "geometry": {"coordinates": [[[3.35, 9.96], [3.529, 9.91], [4.973, 9.211], [3.903, 7.337], [2.76, 7.287], [2.704, 7.766], [3.35, 9.96]]], "type": "Polygon"}, "properties": {"name": "Oyo"}}, {"type": "Feature", "geometry": {"coordinates": [[[13.955, 9.722], [15.607, 9.976], [15.94, 9.775], [16.469, 7.736], [16.016, 7.597], [15.612, 7.543], [13.955, 9.722]]], "type": "Polygon"}, "properties": {"name": "Logone"}}, {"type": "Feature", "geometry": {"coordinates": [[[45.656, 9.8], [46.433, 9.958], [47.772, 9.648], [48.856, 9.691], [48.671, 9.029], [47.802, 7.973], [45.444, 8.575], [44.877, 8.766], [45.656, 9.8]]], "type": "Polygon"}, "properties": {"name": "Togdheer"}}, {"type": "Feature", "geometry": {"coordinates": [[[27.558, 9.855], [28.43, 9.586], [29.304, 9.19], [30.228, 9.455], [30.255, 9.274], [30.886, 7.089], [31.648, 5.993], [30.747, 5.569], [29.699, 4.479], [27.658, 4.688], [28.76, 5.875], [28.93, 6.946], [27.37, 8.917], [27.558, 9.855]]], "type": "Polygon"}, "properties": {"name": "South Sudan"}}, {"type": "Feature", "geometry": {"coordinates": [[[-66.708, 9.527], [-65.507, 9.704], [-64.494, 9.104], [-64.154, 7.877], [-65.254, 7.687], [-66.465, 7.413], [-66.42, 7.564], [-66.968, 9.531], [-66.708, 9.527]]], "type": "Polygon"}, "properties": {"name": "Zaraza"}}, {"type": "Feature", "geometry": {"coordinates": [[[-64.494, 9.104], [-63.585, 9.803], [-63.006, 9.423], [-62.858, 9.586], [-62.706, 9.595], [-62.306, 8.752], [-62.97, 9.239], [-62.871, 8.302], [-63.355, 8.131], [-64.154, 7.877], [-64.494, 9.104]]], "type": "Polygon"}, "properties": {"name": "Uyapari"}}, {"type": "Feature", "geometry": {"coordinates": [[[12.932, 9.283], [13.955, 9.722], [15.612, 7.543], [16.016, 7.597], [15.338, 7.295], [14.504, 6.062], [13.425, 6.085], [11.339, 5.407], [10.547, 5.921], [11.274, 6.446], [12.821, 9.264], [12.932, 9.283]]], "type": "Polygon"}, "properties": {"name": "Adamaoua"}}, {"type": "Feature", "geometry": {"coordinates": [[[-82.772, 9.565], [-82.252, 8.932], [-81.335, 8.665], [-80.536, 8.067], [-80.075, 7.362], [-80.764, 7.082], [-81.193, 7.642], [-81.914, 8.144], [-83.012, 8.201], [-82.986, 8.339], [-82.772, 9.565]]], "type": "Polygon"}, "properties": {"name": "Veraguas"}}, {"type": "Feature", "geometry": {"coordinates": [[[76.307, 9.58], [76.416, 9.317], [77.207, 9.395], [77.238, 9.395], [77.813, 8.01], [77.154, 8.045], [76.307, 9.58]]], "type": "Polygon"}, "properties": {"name": "Venad"}}, {"type": "Feature", "geometry": {"coordinates": [[[98.116, 8.434], [98.356, 9.563], [99.304, 8.316], [100.341, 6.632], [99.955, 6.603], [98.74, 8.189], [98.116, 8.434]]], "type": "Polygon"}, "properties": {"name": "Thalang"}}, {"type": "Feature", "geometry": {"coordinates": [[[125.334, 9.663], [126.13, 8.884], [126.216, 8.166], [125.071, 7.593], [124.723, 7.842], [124.599, 8.247], [124.71, 8.752], [125.51, 8.871], [125.334, 9.663]]], "type": "Polygon"}, "properties": {"name": "Butuan"}}, {"type": "Feature", "geometry": {"coordinates": [[[166.815, 9.533], [167.573, 9.556], [167.827, 9.034], [167.663, 8.875], [166.815, 9.533]]], "type": "Polygon"}, "properties": {"name": "Wake"}}, {"type": "Feature", "geometry": {"coordinates": [[[-80.841, 8.762], [-79.505, 9.476], [-77.069, 8.179], [-77.905, 7.1], [-78.387, 7.86], [-78.17, 8.175], [-79.228, 8.957], [-80.536, 8.067], [-81.335, 8.665], [-80.841, 8.762]]], "type": "Polygon"}, "properties": {"name": "Panama"}}, {"type": "Feature", "geometry": {"coordinates": [[[7.258, 9.313], [8.438, 9.405], [9.495, 9.157], [9.703, 8.73], [9.805, 8.497], [8.528, 7.997], [6.72, 7.99], [6.744, 8.401], [7.258, 9.313]]], "type": "Polygon"}, "properties": {"name": "Pindinga"}}, {"type": "Feature", "geometry": {"coordinates": [[[43.451, 9.391], [43.491, 9.434], [44.877, 8.766], [45.444, 8.575], [44.241, 7.329], [42.719, 7.449], [42.271, 8.489], [42.487, 9.035], [43.451, 9.391]]], "type": "Polygon"}, "properties": {"name": "Degehabur"}}, {"type": "Feature", "geometry": {"coordinates": [[[77.238, 9.395], [78.345, 9.026], [77.813, 8.01], [77.238, 9.395]]], "type": "Polygon"}, "properties": {"name": "Tirunelveli"}}, {"type": "Feature", "geometry": {"coordinates": [[[80.247, 9.451], [81.03, 8.825], [80.532, 7.824], [79.944, 8.092], [79.907, 8.426], [80.247, 9.451]]], "type": "Polygon"}, "properties": {"name": "Vanni"}}, {"type": "Feature", "geometry": {"coordinates": [[[-62.97, 9.239], [-62.306, 8.752], [-60.744, 7.862], [-60.328, 7.191], [-61.152, 6.871], [-60.919, 5.604], [-60.137, 5.42], [-60.057, 5.253], [-60.575, 5.468], [-62.457, 4.346], [-62.795, 6.348], [-62.562, 6.694], [-62.405, 6.848], [-62.576, 7.554], [-62.857, 7.67], [-63.355, 8.131], [-62.871, 8.302], [-62.97, 9.239]]], "type": "Polygon"}, "properties": {"name": "Guayana"}}, {"type": "Feature", "geometry": {"coordinates": [[[-7.838, 9.313], [-6.163, 9.208], [-4.74, 8.186], [-4.419, 8.162], [-4.228, 6.372], [-5.619, 6.198], [-6.284, 6.882], [-7.876, 6.238], [-8.325, 6.526], [-8.356, 7.646], [-8.065, 7.72], [-8.074, 8.54], [-7.678, 8.524], [-7.838, 9.313]]], "type": "Polygon"}, "properties": {"name": "Worodugu"}}, {"type": "Feature", "geometry": {"coordinates": [[[12.647, 9.236], [12.821, 9.264], [11.274, 6.446], [10.782, 7.014], [10.12, 7.021], [12.647, 9.236]]], "type": "Polygon"}, "properties": {"name": "Yola"}}, {"type": "Feature", "geometry": {"coordinates": [[[30.255, 9.274], [31.944, 9.08], [32.9, 8.142], [34.103, 7.245], [35.035, 5.604], [31.648, 5.993], [30.886, 7.089], [30.255, 9.274]]], "type": "Polygon"}, "properties": {"name": "Nuer"}}, {"type": "Feature", "geometry": {"coordinates": [[[37.071, 9.265], [37.603, 8.559], [37.098, 7.546], [36.82, 7.719], [36.086, 8.297], [35.143, 7.698], [34.839, 8.805], [36.11, 9.051], [37.119, 9.075], [37.071, 9.265]]], "type": "Polygon"}, "properties": {"name": "Illubabor"}}, {"type": "Feature", "geometry": {"coordinates": [[[99.703, 9.359], [100.147, 8.328], [100.274, 7.359], [100.971, 6.937], [100.69, 6.447], [100.341, 6.632], [99.304, 8.316], [99.703, 9.359]]], "type": "Polygon"}, "properties": {"name": "Ligore"}}, {"type": "Feature", "geometry": {"coordinates": [[[-73.871, 8.793], [-73.28, 9.225], [-72.419, 8.18], [-72.371, 7.263], [-71.785, 6.763], [-73.005, 4.911], [-74.18, 5.357], [-74.481, 6.332], [-74.677, 6.36], [-73.98, 7.098], [-73.871, 8.793]]], "type": "Polygon"}, "properties": {"name": "Chiancon"}}, {"type": "Feature", "geometry": {"coordinates": [[[-70.552, 8.896], [-70.009, 9.143], [-67.452, 7.758], [-70.05, 6.855], [-71.134, 6.872], [-70.552, 8.896]]], "type": "Polygon"}, "properties": {"name": "Barinas"}}, {"type": "Feature", "geometry": {"coordinates": [[[-4.74, 8.186], [-2.758, 9.233], [-2.601, 8.05], [-2.804, 7.694], [-2.432, 7.491], [-2.899, 7.467], [-3.199, 6.33], [-4.228, 6.372], [-4.419, 8.162], [-4.74, 8.186]]], "type": "Polygon"}, "properties": {"name": "Gyaaman"}}, {"type": "Feature", "geometry": {"coordinates": [[[-0.979, 9.182], [-0.83, 8.971], [0.476, 7.446], [0.457, 7.394], [-0.035, 6.165], [-0.603, 5.956], [-2.432, 7.491], [-2.804, 7.694], [-2.601, 8.05], [-1.658, 8.183], [-0.979, 9.182]]], "type": "Polygon"}, "properties": {"name": "Kumasi"}}, {"type": "Feature", "geometry": {"coordinates": [[[3.903, 7.337], [4.973, 9.211], [6.744, 8.401], [6.72, 7.99], [6.751, 7.845], [5.663, 7.057], [5.378, 7.074], [3.903, 7.337]]], "type": "Polygon"}, "properties": {"name": "Ife"}}, {"type": "Feature", "geometry": {"coordinates": [[[149.61, 8.719], [150.365, 9.172], [150.482, 8.867], [149.61, 8.719]]], "type": "Polygon"}, "properties": {"name": "Micronesia"}}, {"type": "Feature", "geometry": {"coordinates": [[[39.572, 8.61], [40.131, 9.049], [41.601, 8.411], [39.261, 7.266], [39.119, 8.487], [39.572, 8.61]]], "type": "Polygon"}, "properties": {"name": "Arsi"}}, {"type": "Feature", "geometry": {"coordinates": [[[48.671, 9.029], [50.042, 8.405], [49.188, 6.872], [48.804, 6.899], [48.465, 7.491], [47.326, 7.511], [47.802, 7.973], [48.671, 9.029]]], "type": "Polygon"}, "properties": {"name": "Garoowe"}}, {"type": "Feature", "geometry": {"coordinates": [[[-71.452, 8.581], [-70.552, 8.896], [-71.134, 6.872], [-70.05, 6.855], [-70.15, 6.827], [-71.785, 6.763], [-72.371, 7.263], [-72.419, 8.18], [-71.452, 8.581]]], "type": "Polygon"}, "properties": {"name": "Merida"}}, {"type": "Feature", "geometry": {"coordinates": [[[0.744, 8.339], [1.626, 8.85], [1.705, 6.219], [1.211, 6.035], [0.457, 7.394], [0.476, 7.446], [0.744, 8.339]]], "type": "Polygon"}, "properties": {"name": "Togo"}}, {"type": "Feature", "geometry": {"coordinates": [[[81.03, 8.825], [81.864, 7.144], [80.968, 5.883], [80.532, 7.824], [81.03, 8.825]]], "type": "Polygon"}, "properties": {"name": "Kandy"}}, {"type": "Feature", "geometry": {"coordinates": [[[-76.802, 8.543], [-76.482, 8.685], [-76.045, 7.866], [-76.541, 6.667], [-77.268, 6.199], [-77.905, 7.1], [-77.069, 8.179], [-76.73, 7.866], [-76.802, 8.543]]], "type": "Polygon"}, "properties": {"name": "Darien"}}, {"type": "Feature", "geometry": {"coordinates": [[[-59.762, 8.687], [-58.605, 7.764], [-58.522, 7.172], [-58.917, 6.178], [-60.328, 7.191], [-60.744, 7.862], [-59.762, 8.687]]], "type": "Polygon"}, "properties": {"name": "Essequibo"}}, {"type": "Feature", "geometry": {"coordinates": [[[19.03, 8.755], [20.752, 7.417], [20.489, 6.435], [17.399, 6.021], [16.685, 7.614], [19.03, 8.755]]], "type": "Polygon"}, "properties": {"name": "Ouham"}}, {"type": "Feature", "geometry": {"coordinates": [[[32.9, 8.142], [34.069, 8.688], [34.839, 8.805], [35.143, 7.698], [34.959, 7.39], [34.103, 7.245], [32.9, 8.142]]], "type": "Polygon"}, "properties": {"name": "Fazughli"}}, {"type": "Feature", "geometry": {"coordinates": [[[-10.175, 8.395], [-9.647, 8.471], [-9.06, 7.161], [-10.371, 6.16], [-11.473, 7.002], [-10.175, 8.395]]], "type": "Polygon"}, "properties": {"name": "Karou"}}, {"type": "Feature", "geometry": {"coordinates": [[[37.603, 8.559], [39.119, 8.487], [39.261, 7.266], [39.295, 7.159], [38.595, 7.054], [37.098, 7.546], [37.603, 8.559]]], "type": "Polygon"}, "properties": {"name": "Ifat"}}, {"type": "Feature", "geometry": {"coordinates": [[[45.444, 8.575], [47.802, 7.973], [47.326, 7.511], [46.357, 6.487], [45.684, 5.753], [44.241, 7.329], [45.444, 8.575]]], "type": "Polygon"}, "properties": {"name": "Haud"}}, {"type": "Feature", "geometry": {"coordinates": [[[123.327, 8.514], [123.89, 8.166], [124.335, 8.451], [124.599, 8.247], [124.723, 7.842], [124.189, 7.24], [123.587, 7.629], [122.749, 7.165], [122.668, 7.652], [121.843, 6.69], [122.805, 8.066], [123.327, 8.514]]], "type": "Polygon"}, "properties": {"name": "Tagoloan"}}, {"type": "Feature", "geometry": {"coordinates": [[[8.528, 7.997], [9.805, 8.497], [9.479, 7.151], [8.395, 6.937], [7.643, 6.147], [7.114, 6.031], [7.067, 6.339], [6.751, 7.845], [6.72, 7.99], [8.528, 7.997]]], "type": "Polygon"}, "properties": {"name": "Idah"}}, {"type": "Feature", "geometry": {"coordinates": [[[41.601, 8.411], [42.271, 8.489], [42.719, 7.449], [41.674, 6.52], [40.389, 6.028], [39.882, 6.025], [39.295, 7.159], [39.261, 7.266], [41.601, 8.411]]], "type": "Polygon"}, "properties": {"name": "Dawaro"}}, {"type": "Feature", "geometry": {"coordinates": [[[35.143, 7.698], [36.086, 8.297], [36.82, 7.719], [35.8, 5.284], [35.035, 5.604], [34.103, 7.245], [34.959, 7.39], [35.143, 7.698]]], "type": "Polygon"}, "properties": {"name": "Kefa"}}, {"type": "Feature", "geometry": {"coordinates": [[[-76.045, 7.866], [-74.618, 8.158], [-73.98, 7.098], [-74.677, 6.36], [-75.984, 5.782], [-76.541, 6.667], [-76.045, 7.866]]], "type": "Polygon"}, "properties": {"name": "Antioquía"}}, {"type": "Feature", "geometry": {"coordinates": [[[-64.154, 7.877], [-63.355, 8.131], [-62.857, 7.67], [-62.562, 6.694], [-62.795, 6.348], [-62.457, 4.346], [-62.658, 4.292], [-62.829, 3.843], [-64.687, 4.371], [-64.646, 5.972], [-65.254, 7.687], [-64.154, 7.877]]], "type": "Polygon"}, "properties": {"name": "Angostura"}}, {"type": "Feature", "geometry": {"coordinates": [[[125.071, 7.593], [126.216, 8.166], [126.089, 6.67], [125.699, 7.172], [125.215, 6.61], [125.071, 7.593]]], "type": "Polygon"}, "properties": {"name": "Tagloc"}}, {"type": "Feature", "geometry": {"coordinates": [[[79.944, 8.092], [80.532, 7.824], [80.968, 5.883], [80.167, 5.963], [79.944, 8.092]]], "type": "Polygon"}, "properties": {"name": "Ceylon"}}, {"type": "Feature", "geometry": {"coordinates": [[[151.42, 7.467], [151.773, 7.885], [152.191, 7.32], [151.42, 7.467]]], "type": "Polygon"}, "properties": {"name": "Micronesia"}}, {"type": "Feature", "geometry": {"coordinates": [[[-70.05, 6.855], [-67.452, 7.758], [-66.42, 7.564], [-66.465, 7.413], [-67.407, 6.066], [-69.516, 6], [-70.15, 6.827], [-70.05, 6.855]]], "type": "Polygon"}, "properties": {"name": "Apure"}}, {"type": "Feature", "geometry": {"coordinates": [[[-66.465, 7.413], [-65.254, 7.687], [-64.646, 5.972], [-64.687, 4.371], [-63.441, 2.424], [-65.483, 0.966], [-66.842, 1.214], [-67.644, 3.094], [-67.546, 3.919], [-67.407, 6.066], [-66.465, 7.413]]], "type": "Polygon"}, "properties": {"name": "Upper Orinoco"}}, {"type": "Feature", "geometry": {"coordinates": [[[2.575, 7.464], [2.704, 7.766], [2.76, 7.287], [2.851, 6.408], [3.171, 6.442], [1.744, 6.229], [1.708, 7.559], [2.22, 7.336], [2.575, 7.464]]], "type": "Polygon"}, "properties": {"name": "Whydah"}}, {"type": "Feature", "geometry": {"coordinates": [[[5.663, 7.057], [6.751, 7.845], [7.067, 6.339], [6.479, 5.763], [5.663, 7.057]]], "type": "Polygon"}, "properties": {"name": "Ondo"}}, {"type": "Feature", "geometry": {"coordinates": [[[16.016, 7.597], [16.469, 7.736], [16.685, 7.614], [17.399, 6.021], [18.001, 4.51], [18.271, 3.571], [16.592, 3.535], [16.206, 2.261], [15.7, 3.204], [14.504, 6.062], [15.338, 7.295], [16.016, 7.597]]], "type": "Polygon"}, "properties": {"name": "Bouar"}}, {"type": "Feature", "geometry": {"coordinates": [[[36.82, 7.719], [37.098, 7.546], [38.595, 7.054], [37.575, 5.508], [37.154, 4.258], [36.203, 4.498], [35.867, 4.644], [35.763, 4.658], [35.8, 5.284], [36.82, 7.719]]], "type": "Polygon"}, "properties": {"name": "Welayta"}}, {"type": "Feature", "geometry": {"coordinates": [[[124.189, 7.24], [124.723, 7.842], [125.071, 7.593], [125.215, 6.61], [125.571, 5.772], [125.272, 5.32], [125.208, 5.837], [124.006, 6.355], [124.189, 7.24]]], "type": "Polygon"}, "properties": {"name": "Maguindanae"}}, {"type": "Feature", "geometry": {"coordinates": [[[-9.06, 7.161], [-8.356, 7.646], [-8.325, 6.526], [-7.876, 6.238], [-7.568, 4.32], [-10.371, 6.16], [-9.06, 7.161]]], "type": "Polygon"}, "properties": {"name": "Grain Coast"}}, {"type": "Feature", "geometry": {"coordinates": [[[-2.899, 7.467], [-2.432, 7.491], [-0.603, 5.956], [-0.779, 5.747], [-3.007, 6.019], [-3.199, 6.33], [-2.899, 7.467]]], "type": "Polygon"}, "properties": {"name": "Denkyira"}}, {"type": "Feature", "geometry": {"coordinates": [[[41.674, 6.52], [42.719, 7.449], [44.241, 7.329], [45.684, 5.753], [45.19, 5.09], [44.449, 4.949], [43.184, 4.651], [42.753, 5.409], [41.969, 5.907], [41.674, 6.52]]], "type": "Polygon"}, "properties": {"name": "Ogaden"}}, {"type": "Feature", "geometry": {"coordinates": [[[46.357, 6.487], [47.326, 7.511], [48.465, 7.491], [48.804, 6.899], [47.657, 5.692], [46.357, 6.487]]], "type": "Polygon"}, "properties": {"name": "Mayertern"}}, {"type": "Feature", "geometry": {"coordinates": [[[-0.035, 6.165], [0.457, 7.394], [1.211, 6.035], [-0.668, 5.39], [-0.779, 5.747], [-0.603, 5.956], [-0.035, 6.165]]], "type": "Polygon"}, "properties": {"name": "Gold Coast"}}, {"type": "Feature", "geometry": {"coordinates": [[[2.76, 7.287], [3.903, 7.337], [5.378, 7.074], [4.601, 6.279], [3.171, 6.442], [2.851, 6.408], [2.76, 7.287]]], "type": "Polygon"}, "properties": {"name": "Ijebu"}}, {"type": "Feature", "geometry": {"coordinates": [[[-61.152, 6.871], [-60.328, 7.191], [-58.917, 6.178], [-58.348, 4.022], [-58.009, 3.919], [-56.681, 2.12], [-58.787, 1.42], [-59.676, 1.888], [-59.787, 3.845], [-60.057, 5.253], [-60.137, 5.42], [-60.919, 5.604], [-61.152, 6.871]]], "type": "Polygon"}, "properties": {"name": "Pirara"}}, {"type": "Feature", "geometry": {"coordinates": [[[-58.522, 7.172], [-57.168, 6.179], [-57.431, 5.205], [-57.877, 5.168], [-58.009, 3.919], [-58.348, 4.022], [-58.917, 6.178], [-58.522, 7.172]]], "type": "Polygon"}, "properties": {"name": "Demerara"}}, {"type": "Feature", "geometry": {"coordinates": [[[8.395, 6.937], [9.479, 7.151], [9.816, 6.781], [8.563, 4.751], [8.018, 4.515], [7.643, 6.147], [8.395, 6.937]]], "type": "Polygon"}, "properties": {"name": "Calabar"}}, {"type": "Feature", "geometry": {"coordinates": [[[38.595, 7.054], [39.295, 7.159], [39.882, 6.025], [40.389, 6.028], [40.005, 4.068], [39.297, 3.502], [37.154, 4.258], [37.575, 5.508], [38.595, 7.054]]], "type": "Polygon"}, "properties": {"name": "Borena"}}, {"type": "Feature", "geometry": {"coordinates": [[[5.378, 7.074], [5.663, 7.057], [6.479, 5.763], [7.067, 6.339], [7.114, 6.031], [7.643, 6.147], [8.018, 4.515], [5.954, 4.315], [4.601, 6.279], [5.378, 7.074]]], "type": "Polygon"}, "properties": {"name": "Bonny"}}, {"type": "Feature", "geometry": {"coordinates": [[[9.816, 6.781], [10.12, 7.021], [10.782, 7.014], [11.274, 6.446], [10.547, 5.921], [9.228, 3.997], [8.563, 4.751], [9.816, 6.781]]], "type": "Polygon"}, "properties": {"name": "Bamenda"}}, {"type": "Feature", "geometry": {"coordinates": [[[115.721, 5.565], [116.723, 7.026], [116.788, 6.803], [117.596, 6.576], [117.558, 5.945], [117.526, 6.506], [117.091, 6.304], [117.179, 5.419], [116.48, 4.292], [116.308, 3.631], [116.155, 4.047], [115.691, 4.109], [115.258, 4.27], [115.173, 4.783], [115.389, 5.469], [115.721, 5.565]]], "type": "Polygon"}, "properties": {"name": "Sabah"}}, {"type": "Feature", "geometry": {"coordinates": [[[-7.876, 6.238], [-6.284, 6.882], [-5.619, 6.198], [-4.228, 6.372], [-3.199, 6.33], [-3.007, 6.019], [-2.736, 5.211], [-2.91, 5.177], [-7.568, 4.32], [-7.876, 6.238]]], "type": "Polygon"}, "properties": {"name": "Ivory Coast"}}, {"type": "Feature", "geometry": {"coordinates": [[[48.804, 6.899], [49.188, 6.872], [48.364, 5.322], [47.768, 5.393], [47.657, 5.692], [48.804, 6.899]]], "type": "Polygon"}, "properties": {"name": "Hobyo"}}, {"type": "Feature", "geometry": {"coordinates": [[[100.971, 6.937], [102.049, 6.224], [101.758, 5.728], [101.094, 5.639], [100.69, 6.447], [100.971, 6.937]]], "type": "Polygon"}, "properties": {"name": "Pattani"}}, {"type": "Feature", "geometry": {"coordinates": [[[-71.785, 6.763], [-70.15, 6.827], [-69.516, 6], [-71.75, 4.816], [-73.108, 4.761], [-73.005, 4.911], [-71.785, 6.763]]], "type": "Polygon"}, "properties": {"name": "Tunja"}}, {"type": "Feature", "geometry": {"coordinates": [[[17.399, 6.021], [20.489, 6.435], [20.82, 4.409], [19.547, 5.144], [18.549, 3.525], [18.271, 3.571], [18.001, 4.51], [17.399, 6.021]]], "type": "Polygon"}, "properties": {"name": "Bangui"}}, {"type": "Feature", "geometry": {"coordinates": [[[-77.268, 6.199], [-76.541, 6.667], [-75.984, 5.782], [-75.913, 5.361], [-76.311, 4.696], [-77.046, 3.995], [-77.401, 4.24], [-77.452, 6.078], [-77.268, 6.199]]], "type": "Polygon"}, "properties": {"name": "Choco"}}, {"type": "Feature", "geometry": {"coordinates": [[[99.955, 6.603], [100.341, 6.632], [100.69, 6.447], [101.094, 5.639], [100.368, 5.067], [99.955, 6.603]]], "type": "Polygon"}, "properties": {"name": "Kedah"}}, {"type": "Feature", "geometry": {"coordinates": [[[169.282, 6.641], [169.824, 5.963], [169.413, 5.89], [169.282, 6.641]]], "type": "Polygon"}, "properties": {"name": "Wake"}}, {"type": "Feature", "geometry": {"coordinates": [[[40.389, 6.028], [41.674, 6.52], [41.969, 5.907], [42.753, 5.409], [43.184, 4.651], [41.845, 3.943], [40.005, 4.068], [40.389, 6.028]]], "type": "Polygon"}, "properties": {"name": "Afder"}}, {"type": "Feature", "geometry": {"coordinates": [[[46.357, 6.487], [47.657, 5.692], [47.768, 5.393], [46.595, 4.202], [46.185, 4.067], [45.19, 5.09], [45.684, 5.753], [46.357, 6.487]]], "type": "Polygon"}, "properties": {"name": "El Buur"}}, {"type": "Feature", "geometry": {"coordinates": [[[117.091, 6.304], [117.526, 6.506], [117.558, 5.945], [119.181, 5.126], [118.01, 4.913], [118.518, 4.399], [117.616, 4.149], [116.48, 4.292], [117.179, 5.419], [117.091, 6.304]]], "type": "Polygon"}, "properties": {"name": "Lahad Datu"}}, {"type": "Feature", "geometry": {"coordinates": [[[-75.984, 5.782], [-74.677, 6.36], [-74.481, 6.332], [-74.18, 5.357], [-74.598, 5.018], [-75.277, 4.974], [-75.788, 4.339], [-76.311, 4.696], [-75.913, 5.361], [-75.984, 5.782]]], "type": "Polygon"}, "properties": {"name": "Mariquita"}}, {"type": "Feature", "geometry": {"coordinates": [[[-57.168, 6.179], [-54.031, 5.914], [-54.847, 5.234], [-56.11, 4.935], [-57.431, 5.205], [-57.168, 6.179]]], "type": "Polygon"}, "properties": {"name": "Paramaribo"}}, {"type": "Feature", "geometry": {"coordinates": [[[13.425, 6.085], [14.504, 6.062], [15.7, 3.204], [16.206, 2.261], [16.045, 1.764], [13.226, 2.194], [11.366, 2.428], [11.232, 3.818], [11.496, 5.324], [11.339, 5.407], [13.425, 6.085]]], "type": "Polygon"}, "properties": {"name": "Cameroon"}}, {"type": "Feature", "geometry": {"coordinates": [[[102.049, 6.224], [102.372, 5.886], [102.687, 4.797], [101.16, 4.614], [101.758, 5.728], [102.049, 6.224]]], "type": "Polygon"}, "properties": {"name": "Kelantan"}}, {"type": "Feature", "geometry": {"coordinates": [[[-69.516, 6], [-67.407, 6.066], [-67.546, 3.919], [-67.644, 3.094], [-66.842, 1.214], [-67.332, 2.263], [-69.601, 1.902], [-69.695, 2.898], [-71.649, 3.015], [-71.241, 4.865], [-71.75, 4.816], [-69.516, 6]]], "type": "Polygon"}, "properties": {"name": "Puerto Carreno"}}, {"type": "Feature", "geometry": {"coordinates": [[[-3.007, 6.019], [-0.779, 5.747], [-0.668, 5.39], [-1.899, 4.962], [-2.91, 5.177], [-2.736, 5.211], [-3.007, 6.019]]], "type": "Polygon"}, "properties": {"name": "Cape Coast"}}, {"type": "Feature", "geometry": {"coordinates": [[[31.648, 5.993], [35.035, 5.604], [35.8, 5.284], [35.763, 4.658], [33.969, 4.168], [30.745, 3.557], [29.699, 4.479], [30.747, 5.569], [31.648, 5.993]]], "type": "Polygon"}, "properties": {"name": "Juba"}}, {"type": "Feature", "geometry": {"coordinates": [[[-54.031, 5.914], [-52.947, 5.539], [-51.695, 4.356], [-52.987, 2.372], [-54.533, 2.527], [-54.215, 3.881], [-54.587, 5.206], [-54.847, 5.234], [-54.031, 5.914]]], "type": "Polygon"}, "properties": {"name": "Cayenne"}}, {"type": "Feature", "geometry": {"coordinates": [[[9.228, 3.997], [10.547, 5.921], [11.339, 5.407], [11.496, 5.324], [11.232, 3.818], [11.366, 2.428], [11.372, 2.144], [9.856, 2.172], [9.63, 3.881], [9.228, 3.997]]], "type": "Polygon"}, "properties": {"name": "Cameroon"}}, {"type": "Feature", "geometry": {"coordinates": [[[101.094, 5.639], [101.758, 5.728], [101.16, 4.614], [101.558, 3.691], [100.893, 3.487], [100.368, 5.067], [101.094, 5.639]]], "type": "Polygon"}, "properties": {"name": "Perak"}}, {"type": "Feature", "geometry": {"coordinates": [[[102.372, 5.886], [103.251, 4.924], [103.302, 3.645], [102.839, 3.707], [102.687, 4.797], [102.372, 5.886]]], "type": "Polygon"}, "properties": {"name": "Terengganu"}}, {"type": "Feature", "geometry": {"coordinates": [[[153.411, 5.85], [153.926, 5.643], [153.479, 5.185], [153.411, 5.85]]], "type": "Polygon"}, "properties": {"name": "Micronesia"}}, {"type": "Feature", "geometry": {"coordinates": [[[95.174, 5.676], [96.257, 5.194], [96.715, 4.182], [96.293, 3.902], [96.238, 3.87], [95.174, 5.676]]], "type": "Polygon"}, "properties": {"name": "Aceh"}}, {"type": "Feature", "geometry": {"coordinates": [[[-74.598, 5.018], [-74.18, 5.357], [-73.005, 4.911], [-73.108, 4.761], [-74.165, 4.185], [-74.611, 4.946], [-75.277, 4.974], [-74.598, 5.018]]], "type": "Polygon"}, "properties": {"name": "Bogota"}}, {"type": "Feature", "geometry": {"coordinates": [[[-60.575, 5.468], [-60.057, 5.253], [-59.787, 3.845], [-59.676, 1.888], [-60.993, 0.009], [-61.935, 0.205], [-63.076, 1.251], [-63.441, 2.424], [-64.687, 4.371], [-62.829, 3.843], [-62.658, 4.292], [-62.457, 4.346], [-60.575, 5.468]]], "type": "Polygon"}, "properties": {"name": "Roraima"}}, {"type": "Feature", "geometry": {"coordinates": [[[46.595, 4.202], [47.768, 5.393], [48.364, 5.322], [47.164, 3.747], [46.595, 4.202]]], "type": "Polygon"}, "properties": {"name": "Meregh"}}, {"type": "Feature", "geometry": {"coordinates": [[[-57.877, 5.168], [-57.431, 5.205], [-56.11, 4.935], [-54.847, 5.234], [-54.587, 5.206], [-54.215, 3.881], [-54.533, 2.527], [-56.058, 2.655], [-56.028, 2.059], [-56.681, 2.12], [-58.009, 3.919], [-57.877, 5.168]]], "type": "Polygon"}, "properties": {"name": "Suriname"}}, {"type": "Feature", "geometry": {"coordinates": [[[24.737, 5.055], [25.993, 5.168], [27.658, 4.688], [29.699, 4.479], [30.745, 3.557], [30.841, 2.43], [31.392, 2.176], [30.321, 1.273], [29.95, 0.822], [28.862, 1.255], [27.863, 0.38], [27.181, 0.6], [25.93, 0.187], [26.079, -0.417], [25.74, -0.832], [23.607, -0.712], [23.348, 0.432], [23.941, 2.242], [24.737, 5.055]]], "type": "Polygon"}, "properties": {"name": "Kisangani"}}, {"type": "Feature", "geometry": {"coordinates": [[[96.257, 5.194], [97.622, 5.039], [97.163, 4.439], [96.715, 4.182], [96.257, 5.194]]], "type": "Polygon"}, "properties": {"name": "Pasai"}}, {"type": "Feature", "geometry": {"coordinates": [[[18.549, 3.525], [19.547, 5.144], [20.82, 4.409], [22.339, 4.187], [22.801, 4.657], [24.737, 5.055], [23.941, 2.242], [23.348, 0.432], [23.607, -0.712], [23.59, -1.46], [22.133, -1.619], [21.796, -2.516], [20.296, -2.791], [19.058, -1.505], [17.682, -0.673], [17.996, 1.695], [18.549, 3.525]]], "type": "Polygon"}, "properties": {"name": "Inner Kongo"}}, {"type": "Feature", "geometry": {"coordinates": [[[44.449, 4.949], [45.19, 5.09], [46.185, 4.067], [45.794, 3.294], [44.17, 2.589], [44.099, 3.659], [44.449, 4.949]]], "type": "Polygon"}, "properties": {"name": "Beledweyne"}}, {"type": "Feature", "geometry": {"coordinates": [[[-75.788, 4.339], [-75.277, 4.974], [-74.611, 4.946], [-74.165, 4.185], [-74.656, 3.347], [-76.128, 1.682], [-76.848, 1.962], [-76.117, 2.919], [-75.788, 4.339]]], "type": "Polygon"}, "properties": {"name": "Neiva"}}, {"type": "Feature", "geometry": {"coordinates": [[[43.184, 4.651], [44.449, 4.949], [44.099, 3.659], [42.521, 2.591], [40.881, 1.924], [41.845, 3.943], [43.184, 4.651]]], "type": "Polygon"}, "properties": {"name": "Ajuuraan"}}, {"type": "Feature", "geometry": {"coordinates": [[[97.163, 4.439], [97.622, 5.039], [98.621, 3.646], [98.292, 3.208], [97.163, 4.439]]], "type": "Polygon"}, "properties": {"name": "Peureulak"}}, {"type": "Feature", "geometry": {"coordinates": [[[114.83, 4.917], [115.173, 4.783], [115.258, 4.27], [114.882, 4.454], [114.603, 3.983], [114.01, 4.375], [114.83, 4.917]]], "type": "Polygon"}, "properties": {"name": "Brunei"}}, {"type": "Feature", "geometry": {"coordinates": [[[-74.165, 4.185], [-73.108, 4.761], [-71.75, 4.816], [-71.241, 4.865], [-71.649, 3.015], [-73.764, 2.389], [-74.656, 3.347], [-74.165, 4.185]]], "type": "Polygon"}, "properties": {"name": "Meta"}}, {"type": "Feature", "geometry": {"coordinates": [[[101.16, 4.614], [102.687, 4.797], [102.839, 3.707], [103.302, 3.645], [103.559, 2.488], [103.22, 2.362], [102.436, 2.85], [101.558, 3.691], [101.16, 4.614]]], "type": "Polygon"}, "properties": {"name": "Pahang"}}, {"type": "Feature", "geometry": {"coordinates": [[[-77.046, 3.995], [-76.311, 4.696], [-75.788, 4.339], [-76.117, 2.919], [-76.591, 3.066], [-78.451, 1.506], [-78.771, 1.498], [-78.97, 1.917], [-78.578, 2.576], [-77.801, 2.932], [-77.046, 3.995]]], "type": "Polygon"}, "properties": {"name": "Cauca"}}, {"type": "Feature", "geometry": {"coordinates": [[[33.969, 4.168], [35.763, 4.658], [35.867, 4.644], [36.634, 2.423], [36.992, 1.506], [36.423, 0.212], [35.344, -1.784], [33.947, -1.073], [34.657, -0.251], [33.863, 0.133], [34.867, 1.594], [34.85, 2.345], [33.969, 4.168]]], "type": "Polygon"}, "properties": {"name": "Nyanza"}}, {"type": "Feature", "geometry": {"coordinates": [[[-51.695, 4.356], [-51.223, 4.189], [-50.394, 2.137], [-50.468, 2.02], [-51.976, 0.582], [-52.987, 2.372], [-51.695, 4.356]]], "type": "Polygon"}, "properties": {"name": "Oiapoque"}}, {"type": "Feature", "geometry": {"coordinates": [[[114.882, 4.454], [115.258, 4.27], [115.691, 4.109], [114.755, 1.778], [113.018, 1.252], [112.911, 1.783], [112.729, 1.818], [111.117, 1.949], [112.78, 2.894], [114.01, 4.375], [114.603, 3.983], [114.882, 4.454]]], "type": "Polygon"}, "properties": {"name": "Sibu"}}, {"type": "Feature", "geometry": {"coordinates": [[[36.203, 4.498], [37.154, 4.258], [39.297, 3.502], [40.005, 4.068], [41.845, 3.943], [40.881, 1.924], [40.78, -0.176], [40.251, -0.745], [39.94, -1.521], [38.475, -0.992], [37.494, -0.462], [37.885, 0.698], [36.992, 1.506], [36.634, 2.423], [36.334, 3.112], [36.203, 4.498]]], "type": "Polygon"}, "properties": {"name": "Tana"}}, {"type": "Feature", "geometry": {"coordinates": [[[96.715, 4.182], [97.163, 4.439], [98.292, 3.208], [97.647, 2.503], [96.293, 3.902], [96.715, 4.182]]], "type": "Polygon"}, "properties": {"name": "Gayo"}}, {"type": "Feature", "geometry": {"coordinates": [[[46.185, 4.067], [46.595, 4.202], [47.164, 3.747], [45.754, 2.354], [45.794, 3.294], [46.185, 4.067]]], "type": "Polygon"}, "properties": {"name": "Warsheikh"}}, {"type": "Feature", "geometry": {"coordinates": [[[116.308, 3.631], [116.48, 4.292], [117.616, 4.149], [117.871, 4.011], [117.499, 3.888], [117.753, 3.573], [117.239, 3.405], [118.017, 2.1], [117.722, 1.807], [116.754, 2.427], [116.308, 3.631]]], "type": "Polygon"}, "properties": {"name": "Tarakan"}}, {"type": "Feature", "geometry": {"coordinates": [[[30.745, 3.557], [33.969, 4.168], [34.85, 2.345], [34.867, 1.594], [33.863, 0.133], [33.331, 0.328], [32.789, 1.677], [30.818, 1.282], [31.392, 2.176], [30.841, 2.43], [30.745, 3.557]]], "type": "Polygon"}, "properties": {"name": "Acholiland"}}, {"type": "Feature", "geometry": {"coordinates": [[[107.887, 3.94], [108.313, 3.96], [108.048, 3.491], [107.887, 3.94]]], "type": "Polygon"}, "properties": {"name": "Pontianak"}}, {"type": "Feature", "geometry": {"coordinates": [[[115.691, 4.109], [116.155, 4.047], [116.308, 3.631], [116.754, 2.427], [116.404, 1.678], [114.755, 1.778], [115.691, 4.109]]], "type": "Polygon"}, "properties": {"name": "Bulungan"}}, {"type": "Feature", "geometry": {"coordinates": [[[8.367, 3.223], [8.953, 3.826], [8.814, 3.239], [8.367, 3.223]]], "type": "Polygon"}, "properties": {"name": "Fernando Po"}}, {"type": "Feature", "geometry": {"coordinates": [[[42.521, 2.591], [44.099, 3.659], [44.17, 2.589], [44.205, 2.385], [43.343, 1.265], [42.966, 1.173], [42.592, 1.437], [42.521, 2.591]]], "type": "Polygon"}, "properties": {"name": "Afgooye"}}, {"type": "Feature", "geometry": {"coordinates": [[[98.621, 3.646], [100.007, 2.402], [99.685, 1.893], [98.292, 3.208], [98.621, 3.646]]], "type": "Polygon"}, "properties": {"name": "Aru"}}, {"type": "Feature", "geometry": {"coordinates": [[[100.893, 3.487], [101.558, 3.691], [102.436, 2.85], [101.777, 2.285], [100.893, 3.487]]], "type": "Polygon"}, "properties": {"name": "Selangor"}}, {"type": "Feature", "geometry": {"coordinates": [[[16.592, 3.535], [18.271, 3.571], [18.549, 3.525], [17.996, 1.695], [17.682, -0.673], [17.005, -1.182], [15.329, 1.486], [14.116, 1.357], [13.191, 1.287], [13.226, 2.194], [16.045, 1.764], [16.206, 2.261], [16.592, 3.535]]], "type": "Polygon"}, "properties": {"name": "Likouala"}}, {"type": "Feature", "geometry": {"coordinates": [[[-76.128, 1.682], [-74.656, 3.347], [-73.764, 2.389], [-73.192, 1.231], [-72.45, 1.169], [-71.776, 0.517], [-72.33, -0.386], [-73.277, -0.476], [-73.695, -1.155], [-75.275, 0.184], [-75.394, -0.853], [-75.661, 0.329], [-77.408, 0.6], [-77.531, 0.976], [-76.128, 1.682]]], "type": "Polygon"}, "properties": {"name": "Caqueta"}}, {"type": "Feature", "geometry": {"coordinates": [[[44.17, 2.589], [45.794, 3.294], [45.754, 2.354], [44.733, 1.722], [44.205, 2.385], [44.17, 2.589]]], "type": "Polygon"}, "properties": {"name": "Mogadishu"}}, {"type": "Feature", "geometry": {"coordinates": [[[98.292, 3.208], [99.685, 1.893], [99.383, 1.474], [98.819, 0.952], [98.772, 1.57], [97.654, 2.223], [97.647, 2.503], [98.292, 3.208]]], "type": "Polygon"}, "properties": {"name": "Batak"}}, {"type": "Feature", "geometry": {"coordinates": [[[-78.451, 1.506], [-76.591, 3.066], [-76.117, 2.919], [-76.848, 1.962], [-76.128, 1.682], [-77.531, 0.976], [-78.267, 1.193], [-78.451, 1.506]]], "type": "Polygon"}, "properties": {"name": "Popayan"}}, {"type": "Feature", "geometry": {"coordinates": [[[-73.764, 2.389], [-71.649, 3.015], [-69.695, 2.898], [-69.601, 1.902], [-69.79, 1.355], [-69.265, 0.921], [-70.03, 0.65], [-70.069, 0.013], [-71.776, 0.517], [-72.45, 1.169], [-73.192, 1.231], [-73.764, 2.389]]], "type": "Polygon"}, "properties": {"name": "Guaviare"}}, {"type": "Feature", "geometry": {"coordinates": [[[102.436, 2.85], [103.22, 2.362], [102.753, 1.656], [101.777, 2.285], [102.436, 2.85]]], "type": "Polygon"}, "properties": {"name": "Malacca"}}, {"type": "Feature", "geometry": {"coordinates": [[[-56.058, 2.655], [-54.533, 2.527], [-52.987, 2.372], [-51.976, 0.582], [-52.805, -0.311], [-54.116, -0.128], [-55.192, -0.918], [-55.28, -1.377], [-58.458, -2.254], [-60.283, -1.672], [-60.993, 0.009], [-59.676, 1.888], [-58.787, 1.42], [-56.681, 2.12], [-56.028, 2.059], [-56.058, 2.655]]], "type": "Polygon"}, "properties": {"name": "Guyana"}}, {"type": "Feature", "geometry": {"coordinates": [[[40.881, 1.924], [42.521, 2.591], [42.592, 1.437], [42.507, 0.407], [42.391, 1.012], [40.965, -0.685], [40.78, -0.176], [40.881, 1.924]]], "type": "Polygon"}, "properties": {"name": "Bardera"}}, {"type": "Feature", "geometry": {"coordinates": [[[-65.483, 0.966], [-63.441, 2.424], [-63.076, 1.251], [-61.935, 0.205], [-60.993, 0.009], [-60.283, -1.672], [-61.574, -2.263], [-63.338, -2.318], [-65.483, 0.966]]], "type": "Polygon"}, "properties": {"name": "Barcelos"}}, {"type": "Feature", "geometry": {"coordinates": [[[11.366, 2.428], [13.226, 2.194], [13.191, 1.287], [14.116, 1.357], [14.441, 0.854], [13.785, -0.145], [14.421, -0.601], [14.489, -1.209], [14.174, -2.471], [13.215, -2.405], [12.591, -1.964], [11.75, -2.628], [11.099, -0.99], [11.352, 0.971], [11.372, 2.144], [11.366, 2.428]]], "type": "Polygon"}, "properties": {"name": "Ogooue"}}, {"type": "Feature", "geometry": {"coordinates": [[[100.007, 2.402], [100.718, 1.691], [101.108, 1.819], [101.363, 1.381], [100.275, 0.648], [99.383, 1.474], [99.685, 1.893], [100.007, 2.402]]], "type": "Polygon"}, "properties": {"name": "Rokan"}}, {"type": "Feature", "geometry": {"coordinates": [[[103.22, 2.362], [103.559, 2.488], [104.236, 1.165], [104.019, 1.083], [103.772, 1.53], [103.271, 1.251], [102.753, 1.656], [103.22, 2.362]]], "type": "Polygon"}, "properties": {"name": "Johor"}}, {"type": "Feature", "geometry": {"coordinates": [[[116.754, 2.427], [117.722, 1.807], [118.931, 0.561], [117.705, 0.741], [116.424, 0.929], [116.404, 1.678], [116.754, 2.427]]], "type": "Polygon"}, "properties": {"name": "Berau"}}, {"type": "Feature", "geometry": {"coordinates": [[[-69.601, 1.902], [-67.332, 2.263], [-66.842, 1.214], [-65.483, 0.966], [-63.338, -2.318], [-62.567, -4.143], [-63.417, -5.312], [-64.283, -5.063], [-66, -3.273], [-68.379, -3.976], [-69.838, -3.499], [-69.436, -1.135], [-70.069, 0.013], [-70.03, 0.65], [-69.265, 0.921], [-69.79, 1.355], [-69.601, 1.902]]], "type": "Polygon"}, "properties": {"name": "Northern Amazonas"}}, {"type": "Feature", "geometry": {"coordinates": [[[43.343, 1.265], [44.205, 2.385], [44.733, 1.722], [43.695, 0.916], [43.343, 1.265]]], "type": "Polygon"}, "properties": {"name": "Merca"}}, {"type": "Feature", "geometry": {"coordinates": [[[127.387, 1.444], [127.991, 2.241], [127.613, 0.873], [127.503, 0.868], [127.387, 1.444]]], "type": "Polygon"}, "properties": {"name": "Ternate"}}, {"type": "Feature", "geometry": {"coordinates": [[[9.856, 2.172], [11.372, 2.144], [11.352, 0.971], [9.488, 1.086], [9.451, 1.184], [9.856, 2.172]]], "type": "Polygon"}, "properties": {"name": "Equatorial Guinea"}}, {"type": "Feature", "geometry": {"coordinates": [[[111.117, 1.949], [112.729, 1.818], [112.557, 1.352], [111.682, 0.849], [110.468, 0.624], [109.428, 1.759], [109.396, 1.809], [110.917, 1.194], [111.117, 1.949]]], "type": "Polygon"}, "properties": {"name": "Sarawak"}}, {"type": "Feature", "geometry": {"coordinates": [[[-51.976, 0.582], [-50.468, 2.02], [-49.955, 1.777], [-50.111, 0.791], [-50.228, 0.87], [-50.574, 0.702], [-50.568, 0.501], [-51.604, -0.441], [-51.187, -0.558], [-51.76, -1.147], [-51.638, -0.553], [-51.948, -1.145], [-51.966, -1.319], [-52.57, -1.293], [-52.805, -0.311], [-51.976, 0.582]]], "type": "Polygon"}, "properties": {"name": "Tucujulandia"}}, {"type": "Feature", "geometry": {"coordinates": [[[112.729, 1.818], [112.911, 1.783], [113.018, 1.252], [114.755, 1.778], [116.404, 1.678], [116.424, 0.929], [115.4, -0.162], [115.186, -1.258], [114.665, -1.268], [112.963, -1.258], [110.971, -1.535], [110.949, -0.163], [110.821, -0.101], [110.468, 0.624], [111.682, 0.849], [112.557, 1.352], [112.729, 1.818]]], "type": "Polygon"}, "properties": {"name": "Borneo"}}, {"type": "Feature", "geometry": {"coordinates": [[[30.818, 1.282], [32.789, 1.677], [33.331, 0.328], [31.924, -0.238], [31.752, -0.946], [30.543, -1.158], [29.583, -1.491], [29.506, -0.819], [29.719, 0.068], [29.95, 0.822], [30.321, 1.273], [30.581, 1.026], [30.818, 1.282]]], "type": "Polygon"}, "properties": {"name": "Uganda"}}, {"type": "Feature", "geometry": {"coordinates": [[[109.163, -0.482], [109.428, 1.759], [110.468, 0.624], [110.821, -0.101], [109.163, -0.482]]], "type": "Polygon"}, "properties": {"name": "Pontianak"}}, {"type": "Feature", "geometry": {"coordinates": [[[123.858, 0.775], [125.128, 1.737], [124.077, 0.321], [123.858, 0.775]]], "type": "Polygon"}, "properties": {"name": "Menade"}}, {"type": "Feature", "geometry": {"coordinates": [[[-78.771, 1.498], [-78.451, 1.506], [-78.267, 1.193], [-79.295, 0.427], [-79.303, -0.99], [-80.532, -0.754], [-79.971, 0.984], [-78.771, 1.498]]], "type": "Polygon"}, "properties": {"name": "Esmeraldas"}}, {"type": "Feature", "geometry": {"coordinates": [[[103.271, 1.251], [103.772, 1.53], [104.019, 1.083], [103.271, 1.251]]], "type": "Polygon"}, "properties": {"name": "Singapore"}}, {"type": "Feature", "geometry": {"coordinates": [[[127.87, 0.882], [128.654, 1.615], [128.142, 0.795], [128.677, 0.31], [127.78, 0.428], [127.918, -0.523], [127.503, 0.868], [127.613, 0.873], [127.87, 0.882]]], "type": "Polygon"}, "properties": {"name": "Halmahera"}}, {"type": "Feature", "geometry": {"coordinates": [[[14.116, 1.357], [15.329, 1.486], [17.005, -1.182], [16.105, -3.012], [14.489, -1.209], [14.421, -0.601], [13.785, -0.145], [14.441, 0.854], [14.116, 1.357]]], "type": "Polygon"}, "properties": {"name": "Owando"}}, {"type": "Feature", "geometry": {"coordinates": [[[36.423, 0.212], [36.992, 1.506], [37.885, 0.698], [37.494, -0.462], [38.475, -0.992], [38.398, -1.584], [37.798, -1.962], [37.496, -2.877], [35.344, -1.784], [36.423, 0.212]]], "type": "Polygon"}, "properties": {"name": "Uganda"}}, {"type": "Feature", "geometry": {"coordinates": [[[42.507, 0.407], [42.592, 1.437], [42.966, 1.173], [43.343, 1.265], [43.695, 0.916], [42.571, -0.261], [42.507, 0.407]]], "type": "Polygon"}, "properties": {"name": "Barawa"}}, {"type": "Feature", "geometry": {"coordinates": [[[98.819, 0.952], [99.383, 1.474], [100.275, 0.648], [100.224, 0.274], [100.092, -0.568], [99.936, -0.754], [99.104, 0.129], [98.819, 0.952]]], "type": "Polygon"}, "properties": {"name": "Pariamay"}}, {"type": "Feature", "geometry": {"coordinates": [[[101.363, 1.381], [101.795, 1.262], [102.979, 0.126], [102.477, -0.05], [100.986, -0.177], [100.224, 0.274], [100.275, 0.648], [101.363, 1.381]]], "type": "Polygon"}, "properties": {"name": "Siak"}}, {"type": "Feature", "geometry": {"coordinates": [[[27.863, 0.38], [28.862, 1.255], [29.95, 0.822], [29.719, 0.068], [29.307, -0.471], [29.506, -0.819], [29.583, -1.491], [29.25, -1.628], [28.896, -2.636], [28.906, -2.725], [29.173, -3.442], [29.074, -4.37], [27.372, -3.318], [27.186, -1.827], [27.744, -1.035], [27.5, -0.629], [27.863, 0.38]]], "type": "Polygon"}, "properties": {"name": "Kivu"}}, {"type": "Feature", "geometry": {"coordinates": [[[120.04, 0.644], [121.011, 1.296], [121.725, 0.971], [121.703, 0.51], [120.357, 0.516], [119.939, -0.482], [120.591, -1.454], [120.382, -1.859], [119.181, -2.544], [119.816, -0.863], [120.04, 0.644]]], "type": "Polygon"}, "properties": {"name": "Palu"}}, {"type": "Feature", "geometry": {"coordinates": [[[-79.295, 0.427], [-78.267, 1.193], [-77.531, 0.976], [-77.408, 0.6], [-78.154, -0.248], [-77.833, -1.755], [-78.96, -2.394], [-79.303, -0.99], [-79.295, 0.427]]], "type": "Polygon"}, "properties": {"name": "Quito"}}, {"type": "Feature", "geometry": {"coordinates": [[[9.488, 1.086], [11.352, 0.971], [11.099, -0.99], [11.75, -2.628], [12.493, -3.4], [12.359, -3.465], [11.096, -3.893], [9.648, -2.272], [8.827, -0.917], [9.538, 0.144], [9.414, 0.537], [9.632, 0.713], [9.488, 1.086]]], "type": "Polygon"}, "properties": {"name": "Gabon"}}, {"type": "Feature", "geometry": {"coordinates": [[[121.73, 1.07], [123.858, 0.775], [124.077, 0.321], [121.703, 0.51], [121.725, 0.971], [121.73, 1.07]]], "type": "Polygon"}, "properties": {"name": "Gorontalo"}}, {"type": "Feature", "geometry": {"coordinates": [[[40.965, -0.685], [42.391, 1.012], [42.507, 0.407], [42.571, -0.261], [41.474, -1.714], [40.965, -0.685]]], "type": "Polygon"}, "properties": {"name": "Kismayo"}}, {"type": "Feature", "geometry": {"coordinates": [[[115.4, -0.162], [116.424, 0.929], [117.705, 0.741], [117.272, -0.675], [115.4, -0.162]]], "type": "Polygon"}, "properties": {"name": "Kutei"}}, {"type": "Feature", "geometry": {"coordinates": [[[-78.154, -0.248], [-77.408, 0.6], [-75.661, 0.329], [-75.394, -0.853], [-75.754, -1.636], [-76.795, -2.446], [-77.833, -1.755], [-78.154, -0.248]]], "type": "Polygon"}, "properties": {"name": "Canelos"}}, {"type": "Feature", "geometry": {"coordinates": [[[25.93, 0.187], [27.181, 0.6], [27.863, 0.38], [27.5, -0.629], [27.744, -1.035], [27.186, -1.827], [27.372, -3.318], [29.074, -4.37], [29.125, -5.163], [26.495, -4.815], [26.377, -5.36], [26.313, -4.817], [26.169, -4.878], [25.031, -4.053], [25.297, -3.186], [24.551, -1.662], [23.59, -1.46], [23.607, -0.712], [25.74, -0.832], [26.079, -0.417], [25.93, 0.187]]], "type": "Polygon"}, "properties": {"name": "Maniema"}}, {"type": "Feature", "geometry": {"coordinates": [[[-72.33, -0.386], [-71.776, 0.517], [-70.069, 0.013], [-69.436, -1.135], [-69.838, -3.499], [-69.948, -4.018], [-70.644, -3.615], [-70.047, -2.537], [-72.962, -2.26], [-73.695, -1.155], [-73.277, -0.476], [-72.33, -0.386]]], "type": "Polygon"}, "properties": {"name": "Inner Colombia"}}, {"type": "Feature", "geometry": {"coordinates": [[[100.224, 0.274], [100.986, -0.177], [101.181, -1.143], [101.768, -2.064], [100.81, -2.117], [99.894, -0.805], [99.936, -0.754], [100.092, -0.568], [100.224, 0.274]]], "type": "Polygon"}, "properties": {"name": "Minangkabau"}}, {"type": "Feature", "geometry": {"coordinates": [[[-75.275, 0.184], [-73.695, -1.155], [-72.962, -2.26], [-70.047, -2.537], [-70.644, -3.615], [-69.948, -4.018], [-69.975, -4.174], [-72.102, -4.506], [-73.734, -3.814], [-74.3, -3.725], [-75.754, -1.636], [-75.394, -0.853], [-75.275, 0.184]]], "type": "Polygon"}, "properties": {"name": "Iquitos"}}, {"type": "Feature", "geometry": {"coordinates": [[[103.051, 0.027], [103.326, 0.239], [103.679, -0.049], [103.367, -0.472], [102.746, -1.341], [101.181, -1.143], [100.986, -0.177], [102.477, -0.05], [103.051, 0.027]]], "type": "Polygon"}, "properties": {"name": "Indragiri"}}, {"type": "Feature", "geometry": {"coordinates": [[[-50.781, -0.375], [-50.176, -0.032], [-48.45, -0.128], [-49.285, -1.451], [-51.02, -1.69], [-51.422, -1.535], [-51.676, -1.886], [-51.947, -1.567], [-50.987, -0.836], [-50.77, -1.308], [-50.688, -0.846], [-51.041, -0.416], [-50.781, -0.375]]], "type": "Polygon"}, "properties": {"name": "Marajo"}}, {"type": "Feature", "geometry": {"coordinates": [[[-55.192, -0.918], [-54.116, -0.128], [-52.805, -0.311], [-52.57, -1.293], [-52.744, -1.442], [-52.771, -1.464], [-52.745, -1.466], [-51.947, -1.567], [-51.676, -1.886], [-51.491, -2.161], [-52.019, -3.366], [-52.597, -3.996], [-53.485, -4.122], [-54.632, -1.765], [-55.28, -1.377], [-55.192, -0.918]]], "type": "Polygon"}, "properties": {"name": "Muturu"}}, {"type": "Feature", "geometry": {"coordinates": [[[109.163, -0.482], [110.821, -0.101], [110.949, -0.163], [110.971, -1.535], [111.06, -3.004], [110.228, -2.886], [110, -1.21], [109.408, -1.207], [109.002, -0.63], [109.163, -0.482]]], "type": "Polygon"}, "properties": {"name": "Sukadane"}}, {"type": "Feature", "geometry": {"coordinates": [[[115.186, -1.258], [115.4, -0.162], [117.272, -0.675], [117.562, -1.097], [116.426, -1.457], [115.186, -1.258]]], "type": "Polygon"}, "properties": {"name": "Samarinda"}}, {"type": "Feature", "geometry": {"coordinates": [[[40.251, -0.745], [40.78, -0.176], [40.965, -0.685], [41.474, -1.714], [40.863, -2.172], [40.251, -0.745]]], "type": "Polygon"}, "properties": {"name": "Pate"}}, {"type": "Feature", "geometry": {"coordinates": [[[102.746, -1.341], [103.367, -0.472], [103.322, -1.131], [104.336, -1.293], [104.437, -2.103], [103.147, -3.16], [102.574, -3.148], [101.768, -2.064], [101.181, -1.143], [102.746, -1.341]]], "type": "Polygon"}, "properties": {"name": "Jambi"}}, {"type": "Feature", "geometry": {"coordinates": [[[131.113, -1.109], [132.444, -0.368], [133.921, -0.788], [134.065, -2.168], [133.793, -2.27], [132.269, -2.31], [131.794, -1.725], [130.451, -0.849], [131.113, -1.109]]], "type": "Polygon"}, "properties": {"name": "Irian"}}, {"type": "Feature", "geometry": {"coordinates": [[[-48.3, -0.697], [-46.068, -1.01], [-47.167, -2.787], [-48.58, -3.146], [-49.748, -3.461], [-49.508, -2.155], [-48.457, -1.356], [-48.3, -0.697]]], "type": "Polygon"}, "properties": {"name": "Grao Para"}}, {"type": "Feature", "geometry": {"coordinates": [[[123.053, -0.64], [123.364, -1.086], [122.847, -0.976], [121.342, -2.075], [120.671, -2.405], [120.382, -1.859], [120.591, -1.454], [121.58, -0.961], [123.053, -0.64]]], "type": "Polygon"}, "properties": {"name": "Pose"}}, {"type": "Feature", "geometry": {"coordinates": [[[-80.764, -0.723], [-80.532, -0.754], [-79.303, -0.99], [-78.96, -2.394], [-80.114, -3.403], [-79.78, -2.584], [-80.864, -2.21], [-80.764, -0.723]]], "type": "Polygon"}, "properties": {"name": "Guayaquil"}}, {"type": "Feature", "geometry": {"coordinates": [[[17.005, -1.182], [17.682, -0.673], [19.058, -1.505], [20.296, -2.791], [19.139, -4.831], [17.139, -4.065], [17.372, -3.114], [16.302, -3.108], [16.105, -3.012], [17.005, -1.182]]], "type": "Polygon"}, "properties": {"name": "Bandundu"}}, {"type": "Feature", "geometry": {"coordinates": [[[39.94, -1.521], [40.251, -0.745], [40.863, -2.172], [40.263, -2.632], [39.94, -1.521]]], "type": "Polygon"}, "properties": {"name": "Chisimayo"}}, {"type": "Feature", "geometry": {"coordinates": [[[-46.068, -1.01], [-44.892, -1.502], [-44.443, -2.162], [-44.726, -2.763], [-44.893, -3.442], [-45.766, -3.898], [-47.26, -3.294], [-47.167, -2.787], [-46.068, -1.01]]], "type": "Polygon"}, "properties": {"name": "Alcantara"}}, {"type": "Feature", "geometry": {"coordinates": [[[30.543, -1.158], [31.752, -0.946], [31.689, -2.752], [32.129, -2.444], [33.518, -2.55], [33.852, -3.528], [31.25, -3.703], [30.616, -3.49], [30.814, -3.173], [30.508, -2.385], [30.858, -2.326], [30.543, -1.158]]], "type": "Polygon"}, "properties": {"name": "Mwanza"}}, {"type": "Feature", "geometry": {"coordinates": [[[38.475, -0.992], [39.94, -1.521], [40.263, -2.632], [39.673, -3.927], [37.798, -1.962], [38.398, -1.584], [38.475, -0.992]]], "type": "Polygon"}, "properties": {"name": "Malindi"}}, {"type": "Feature", "geometry": {"coordinates": [[[33.947, -1.073], [35.344, -1.784], [37.496, -2.877], [37.497, -3.453], [36.916, -5.144], [35.11, -4.674], [33.852, -3.528], [33.518, -2.55], [33.736, -2.236], [32.795, -2.059], [33.44, -1.887], [33.947, -1.073]]], "type": "Polygon"}, "properties": {"name": "Kilimanjaro"}}, {"type": "Feature", "geometry": {"coordinates": [[[174.563, -1.064], [175.233, -1.683], [174.797, -1.687], [174.563, -1.064]]], "type": "Polygon"}, "properties": {"name": "Wake"}}, {"type": "Feature", "geometry": {"coordinates": [[[-58.458, -2.254], [-55.28, -1.377], [-54.632, -1.765], [-53.485, -4.122], [-56.204, -5.144], [-56.498, -5.418], [-57.069, -4.796], [-57.529, -3.684], [-58.458, -2.254]]], "type": "Polygon"}, "properties": {"name": "Para"}}, {"type": "Feature", "geometry": {"coordinates": [[[14.489, -1.209], [16.105, -3.012], [16.302, -3.108], [14.662, -4.931], [14.138, -4.445], [13.466, -4.779], [12.805, -4.758], [12.91, -4.584], [12.359, -3.465], [12.493, -3.4], [11.75, -2.628], [12.591, -1.964], [13.215, -2.405], [14.174, -2.471], [14.489, -1.209]]], "type": "Polygon"}, "properties": {"name": "Mayombe"}}, {"type": "Feature", "geometry": {"coordinates": [[[29.583, -1.491], [30.543, -1.158], [30.858, -2.326], [30.508, -2.385], [28.906, -2.725], [28.896, -2.636], [29.25, -1.628], [29.583, -1.491]]], "type": "Polygon"}, "properties": {"name": "Rwanda"}}, {"type": "Feature", "geometry": {"coordinates": [[[110.971, -1.535], [112.963, -1.258], [112.983, -3.086], [111.83, -3.47], [111.798, -2.976], [111.06, -3.004], [110.971, -1.535]]], "type": "Polygon"}, "properties": {"name": "Sampit"}}, {"type": "Feature", "geometry": {"coordinates": [[[112.963, -1.258], [114.665, -1.268], [114.063, -3.315], [113.782, -3.511], [112.983, -3.086], [112.963, -1.258]]], "type": "Polygon"}, "properties": {"name": "Barito"}}, {"type": "Feature", "geometry": {"coordinates": [[[114.665, -1.268], [115.186, -1.258], [116.426, -1.457], [116.412, -2.447], [114.562, -4.257], [114.063, -3.315], [114.665, -1.268]]], "type": "Polygon"}, "properties": {"name": "Banjarmasin"}}, {"type": "Feature", "geometry": {"coordinates": [[[22.133, -1.619], [23.59, -1.46], [24.551, -1.662], [25.297, -3.186], [25.031, -4.053], [26.169, -4.878], [26.313, -4.817], [26.377, -5.36], [25.313, -6.706], [24.183, -7.155], [23.31, -7.82], [23.46, -5.559], [22.826, -4.148], [21.796, -2.516], [22.133, -1.619]]], "type": "Polygon"}, "properties": {"name": "Kasai Oriental"}}, {"type": "Feature", "geometry": {"coordinates": [[[105.405, -1.617], [105.914, -1.554], [106.177, -2.375], [106.809, -3.12], [105.7, -2.175], [105.056, -2.089], [105.405, -1.617]]], "type": "Polygon"}, "properties": {"name": "Bangka"}}, {"type": "Feature", "geometry": {"coordinates": [[[137.034, -2.203], [137.971, -1.642], [140.936, -2.683], [140.95, -5.021], [140.939, -6.781], [139.315, -5.793], [137.806, -4.37], [135.822, -3.548], [135.785, -3.117], [136.351, -2.339], [137.034, -2.203]]], "type": "Polygon"}, "properties": {"name": "Maoke"}}, {"type": "Feature", "geometry": {"coordinates": [[[-76.795, -2.446], [-75.754, -1.636], [-74.3, -3.725], [-75.64, -4.924], [-77.303, -4.64], [-77.775, -2.777], [-76.795, -2.446]]], "type": "Polygon"}, "properties": {"name": "Quijos"}}, {"type": "Feature", "geometry": {"coordinates": [[[-61.574, -2.263], [-60.283, -1.672], [-58.458, -2.254], [-57.529, -3.684], [-57.069, -4.796], [-56.498, -5.418], [-57.791, -6.599], [-58.914, -6.64], [-59.615, -5.194], [-60.204, -4.522], [-62.567, -4.143], [-63.338, -2.318], [-61.574, -2.263]]], "type": "Polygon"}, "properties": {"name": "Manaus"}}, {"type": "Feature", "geometry": {"coordinates": [[[-50.719, -1.858], [-49.46, -1.721], [-49.508, -2.155], [-49.748, -3.461], [-49.773, -3.784], [-51.626, -4.656], [-52.597, -3.996], [-52.019, -3.366], [-51.491, -2.161], [-51.405, -1.772], [-50.931, -2.236], [-50.719, -1.858]]], "type": "Polygon"}, "properties": {"name": "Para"}}, {"type": "Feature", "geometry": {"coordinates": [[[124.285, -1.696], [125.924, -1.88], [125.925, -2.468], [125.759, -1.996], [124.261, -2.116], [124.285, -1.696]]], "type": "Polygon"}, "properties": {"name": "Sula"}}, {"type": "Feature", "geometry": {"coordinates": [[[-78.96, -2.394], [-77.833, -1.755], [-76.795, -2.446], [-77.775, -2.777], [-78.922, -4.827], [-79.17, -4.843], [-80.446, -4.205], [-80.114, -3.403], [-78.96, -2.394]]], "type": "Polygon"}, "properties": {"name": "Santa Ana"}}, {"type": "Feature", "geometry": {"coordinates": [[[119.181, -2.544], [120.382, -1.859], [120.671, -2.405], [120.793, -2.587], [120.156, -3.066], [120.344, -3.73], [119.532, -4.042], [119.496, -3.525], [118.856, -3.552], [118.803, -2.78], [119.181, -2.544]]], "type": "Polygon"}, "properties": {"name": "Palopo"}}, {"type": "Feature", "geometry": {"coordinates": [[[37.496, -2.877], [37.798, -1.962], [39.673, -3.927], [39.143, -4.71], [37.497, -3.453], [37.496, -2.877]]], "type": "Polygon"}, "properties": {"name": "Mombasa"}}, {"type": "Feature", "geometry": {"coordinates": [[[100.81, -2.117], [101.768, -2.064], [102.574, -3.148], [102.129, -3.704], [100.81, -2.117]]], "type": "Polygon"}, "properties": {"name": "South Pagaryung"}}, {"type": "Feature", "geometry": {"coordinates": [[[103.147, -3.16], [104.437, -2.103], [104.665, -2.054], [104.485, -2.688], [105.343, -2.554], [105.985, -3.094], [105.748, -3.593], [104.935, -3.628], [103.955, -4.599], [103.147, -3.16]]], "type": "Polygon"}, "properties": {"name": "Palembang"}}, {"type": "Feature", "geometry": {"coordinates": [[[120.671, -2.405], [121.342, -2.075], [122.327, -3.258], [122.123, -3.784], [122.878, -4.521], [122.046, -4.643], [121.916, -5.031], [121.402, -4.809], [121.583, -4.238], [120.87, -3.686], [120.793, -2.587], [120.671, -2.405]]], "type": "Polygon"}, "properties": {"name": "Bone"}}, {"type": "Feature", "geometry": {"coordinates": [[[133.793, -2.27], [134.065, -2.168], [134.802, -3.142], [135.785, -3.117], [135.822, -3.548], [135.488, -4.536], [133.595, -3.72], [132.788, -4.226], [131.892, -2.873], [133.684, -2.543], [133.793, -2.27]]], "type": "Polygon"}, "properties": {"name": "Fak-Fak"}}, {"type": "Feature", "geometry": {"coordinates": [[[-44.232, -2.712], [-43.388, -2.267], [-41.94, -2.835], [-42.997, -3.941], [-44.761, -4.632], [-45.73, -4.2], [-45.766, -3.898], [-44.893, -3.442], [-44.726, -2.763], [-44.124, -2.372], [-44.232, -2.712]]], "type": "Polygon"}, "properties": {"name": "Maranhao"}}, {"type": "Feature", "geometry": {"coordinates": [[[20.296, -2.791], [21.796, -2.516], [22.826, -4.148], [23.46, -5.559], [23.31, -7.82], [21.791, -7.752], [21.767, -7.398], [19.761, -6.95], [19.654, -5.79], [19.139, -4.831], [20.296, -2.791]]], "type": "Polygon"}, "properties": {"name": "Kasai"}}, {"type": "Feature", "geometry": {"coordinates": [[[28.906, -2.725], [30.508, -2.385], [30.814, -3.173], [30.616, -3.49], [29.641, -4.585], [29.173, -3.442], [28.906, -2.725]]], "type": "Polygon"}, "properties": {"name": "Burundi"}}, {"type": "Feature", "geometry": {"coordinates": [[[107.601, -2.542], [108.138, -2.855], [108.031, -3.22], [107.493, -3.186], [107.601, -2.542]]], "type": "Polygon"}, "properties": {"name": "Belitung"}}, {"type": "Feature", "geometry": {"coordinates": [[[-41.388, -2.869], [-39.362, -3.152], [-37.445, -4.706], [-37.991, -5.36], [-41.055, -5.79], [-41.104, -5.083], [-41.388, -2.869]]], "type": "Polygon"}, "properties": {"name": "Ceara"}}, {"type": "Feature", "geometry": {"coordinates": [[[140.936, -2.683], [145.585, -4.775], [145.78, -5.565], [146.241, -5.763], [144.579, -6.136], [142.462, -5.628], [140.95, -5.021], [140.936, -2.683]]], "type": "Polygon"}, "properties": {"name": "Madang"}}, {"type": "Feature", "geometry": {"coordinates": [[[-78.922, -4.827], [-77.775, -2.777], [-77.303, -4.64], [-77.351, -5.235], [-78.963, -5.6], [-78.922, -4.827]]], "type": "Polygon"}, "properties": {"name": "Wankapampa"}}, {"type": "Feature", "geometry": {"coordinates": [[[-48.58, -3.146], [-47.167, -2.787], [-47.26, -3.294], [-48.397, -4.95], [-48.647, -5.197], [-48.405, -6.009], [-49.446, -7.468], [-50.964, -5.582], [-51.626, -4.656], [-49.773, -3.784], [-49.748, -3.461], [-48.58, -3.146]]], "type": "Polygon"}, "properties": {"name": "Tucurui"}}, {"type": "Feature", "geometry": {"coordinates": [[[-41.94, -2.835], [-41.851, -2.733], [-41.388, -2.869], [-41.104, -5.083], [-43.032, -5.825], [-42.997, -3.941], [-41.94, -2.835]]], "type": "Polygon"}, "properties": {"name": "Parnaiba"}}, {"type": "Feature", "geometry": {"coordinates": [[[166.9, -2.863], [167.519, -3.1], [166.723, -3.682], [166.9, -2.863]]], "type": "Polygon"}, "properties": {"name": "Nauru"}}, {"type": "Feature", "geometry": {"coordinates": [[[127.497, -3.5], [130.183, -3.09], [130.884, -3.937], [128.386, -3.496], [128.124, -3.338], [127.497, -3.5]]], "type": "Polygon"}, "properties": {"name": "Ceram"}}, {"type": "Feature", "geometry": {"coordinates": [[[16.302, -3.108], [17.372, -3.114], [17.139, -4.065], [16.466, -4.124], [16.52, -5.877], [15.168, -5.912], [15.08, -5.082], [14.662, -4.931], [16.302, -3.108]]], "type": "Polygon"}, "properties": {"name": "Kinshasa"}}, {"type": "Feature", "geometry": {"coordinates": [[[102.574, -3.148], [103.147, -3.16], [103.955, -4.599], [103.772, -5.12], [102.129, -3.704], [102.574, -3.148]]], "type": "Polygon"}, "properties": {"name": "Benkulen"}}, {"type": "Feature", "geometry": {"coordinates": [[[125.904, -3.246], [126.941, -3.255], [127.245, -3.804], [125.904, -3.246]]], "type": "Polygon"}, "properties": {"name": "Buru"}}, {"type": "Feature", "geometry": {"coordinates": [[[-68.379, -3.976], [-66, -3.273], [-64.283, -5.063], [-63.417, -5.312], [-64.268, -7.968], [-67.131, -9.749], [-71.183, -8.003], [-73.805, -7.143], [-73.534, -6.681], [-73.006, -5.517], [-72.102, -4.506], [-69.975, -4.174], [-69.948, -4.018], [-69.838, -3.499], [-68.379, -3.976]]], "type": "Polygon"}, "properties": {"name": "Jurua"}}, {"type": "Feature", "geometry": {"coordinates": [[[-81.344, -4.629], [-80.114, -3.403], [-80.446, -4.205], [-79.17, -4.843], [-81.06, -4.774], [-81.344, -4.629]]], "type": "Polygon"}, "properties": {"name": "Tumbes"}}, {"type": "Feature", "geometry": {"coordinates": [[[-48.397, -4.95], [-47.26, -3.294], [-45.766, -3.898], [-45.73, -4.2], [-44.761, -4.632], [-44.764, -6.299], [-47.494, -6.486], [-47.545, -5.54], [-48.397, -4.95]]], "type": "Polygon"}, "properties": {"name": "Alpercatas"}}, {"type": "Feature", "geometry": {"coordinates": [[[11.096, -3.893], [12.359, -3.465], [12.91, -4.584], [12.805, -4.758], [12.256, -5.868], [11.096, -3.893]]], "type": "Polygon"}, "properties": {"name": "Loango"}}, {"type": "Feature", "geometry": {"coordinates": [[[29.641, -4.585], [30.616, -3.49], [31.25, -3.703], [32.006, -3.793], [32.202, -5.912], [32.845, -7.321], [32.812, -7.48], [30.787, -7.877], [29.792, -6.345], [29.641, -4.585]]], "type": "Polygon"}, "properties": {"name": "Ujiji"}}, {"type": "Feature", "geometry": {"coordinates": [[[31.25, -3.703], [33.852, -3.528], [35.11, -4.674], [34.522, -7.473], [34.434, -7.738], [32.964, -7.595], [32.845, -7.321], [32.202, -5.912], [32.006, -3.793], [31.25, -3.703]]], "type": "Polygon"}, "properties": {"name": "Tabora"}}, {"type": "Feature", "geometry": {"coordinates": [[[36.916, -5.144], [37.497, -3.453], [39.143, -4.71], [38.645, -5.962], [37.152, -5.252], [36.916, -5.144]]], "type": "Polygon"}, "properties": {"name": "Tanga"}}, {"type": "Feature", "geometry": {"coordinates": [[[135.822, -3.548], [137.806, -4.37], [139.315, -5.793], [138.424, -6.298], [135.488, -4.536], [135.822, -3.548]]], "type": "Polygon"}, "properties": {"name": "Asmat"}}, {"type": "Feature", "geometry": {"coordinates": [[[-74.3, -3.725], [-73.734, -3.814], [-72.102, -4.506], [-73.006, -5.517], [-73.534, -6.681], [-75.456, -5.321], [-75.64, -4.924], [-74.3, -3.725]]], "type": "Polygon"}, "properties": {"name": "Maynas"}}, {"type": "Feature", "geometry": {"coordinates": [[[103.955, -4.599], [104.935, -3.628], [105.748, -3.593], [105.759, -5.95], [105.286, -5.717], [104.627, -5.753], [104.39, -5.899], [103.772, -5.12], [103.955, -4.599]]], "type": "Polygon"}, "properties": {"name": "Lampung"}}, {"type": "Feature", "geometry": {"coordinates": [[[119.532, -4.042], [120.344, -3.73], [120.381, -5.701], [119.586, -5.839], [119.259, -5.533], [119.532, -4.042]]], "type": "Polygon"}, "properties": {"name": "Makassar"}}, {"type": "Feature", "geometry": {"coordinates": [[[-44.761, -4.632], [-42.997, -3.941], [-43.032, -5.825], [-43.004, -6.725], [-43.508, -6.752], [-43.921, -6.633], [-44.764, -6.299], [-44.761, -4.632]]], "type": "Polygon"}, "properties": {"name": "Timon"}}, {"type": "Feature", "geometry": {"coordinates": [[[-53.485, -4.122], [-52.597, -3.996], [-51.626, -4.656], [-50.964, -5.582], [-49.446, -7.468], [-49.617, -8.729], [-50.143, -9.44], [-50.853, -9.859], [-51.128, -10.674], [-51.13, -10.439], [-53.764, -10.191], [-54.844, -8.725], [-54.907, -6.676], [-56.204, -5.144], [-53.485, -4.122]]], "type": "Polygon"}, "properties": {"name": "Xingu"}}, {"type": "Feature", "geometry": {"coordinates": [[[16.466, -4.124], [17.139, -4.065], [19.139, -4.831], [19.654, -5.79], [19.761, -6.95], [19.163, -7.919], [17.548, -8.183], [17.332, -7.838], [16.52, -5.877], [16.466, -4.124]]], "type": "Polygon"}, "properties": {"name": "Mbata"}}, {"type": "Feature", "geometry": {"coordinates": [[[-63.417, -5.312], [-62.567, -4.143], [-60.204, -4.522], [-59.615, -5.194], [-58.914, -6.64], [-61.014, -9.011], [-62.095, -8.583], [-64.268, -7.968], [-63.417, -5.312]]], "type": "Polygon"}, "properties": {"name": "Rio Madeira"}}, {"type": "Feature", "geometry": {"coordinates": [[[55.414, -4.668], [56.601, -4.429], [56.409, -5.132], [55.414, -4.668]]], "type": "Polygon"}, "properties": {"name": "Mahe"}}, {"type": "Feature", "geometry": {"coordinates": [[[151.669, -5.038], [151.543, -4.277], [152.395, -4.789], [151.938, -5.212], [152.086, -5.652], [151.51, -5.757], [149.659, -6.424], [148.246, -5.759], [149.875, -5.741], [150.017, -5.186], [150.106, -5.697], [150.914, -5.652], [151.17, -5.165], [151.669, -5.038]]], "type": "Polygon"}, "properties": {"name": "Rabaul"}}, {"type": "Feature", "geometry": {"coordinates": [[[13.466, -4.779], [14.138, -4.445], [14.662, -4.931], [15.08, -5.082], [15.168, -5.912], [13.593, -5.908], [12.344, -6.191], [12.256, -5.868], [12.805, -4.758], [13.466, -4.779]]], "type": "Polygon"}, "properties": {"name": "Mbamba"}}, {"type": "Feature", "geometry": {"coordinates": [[[-77.303, -4.64], [-75.64, -4.924], [-75.456, -5.321], [-75.781, -5.475], [-75.524, -6.601], [-75.872, -7], [-77.085, -6.38], [-77.351, -5.235], [-77.303, -4.64]]], "type": "Polygon"}, "properties": {"name": "Chachapoyas"}}, {"type": "Feature", "geometry": {"coordinates": [[[-37.445, -4.706], [-35.618, -5.072], [-35.258, -5.905], [-35.286, -6.115], [-36.731, -6.567], [-38.117, -5.953], [-37.991, -5.36], [-37.445, -4.706]]], "type": "Polygon"}, "properties": {"name": "Rio Grande"}}, {"type": "Feature", "geometry": {"coordinates": [[[35.11, -4.674], [36.916, -5.144], [37.152, -5.252], [36.992, -7.27], [36.768, -8.33], [35.636, -8.742], [34.434, -7.738], [34.522, -7.473], [35.11, -4.674]]], "type": "Polygon"}, "properties": {"name": "Dodoma"}}, {"type": "Feature", "geometry": {"coordinates": [[[122.809, -4.902], [123.094, -4.592], [123.077, -5.498], [122.592, -5.844], [122.722, -5.21], [122.291, -5.571], [122.379, -4.888], [122.809, -4.902]]], "type": "Polygon"}, "properties": {"name": "Buton"}}, {"type": "Feature", "geometry": {"coordinates": [[[-81.06, -4.774], [-79.17, -4.843], [-78.922, -4.827], [-78.963, -5.6], [-79.036, -6.07], [-80.641, -6.184], [-80.977, -6.076], [-81.06, -4.774]]], "type": "Polygon"}, "properties": {"name": "Piwra"}}, {"type": "Feature", "geometry": {"coordinates": [[[26.495, -4.815], [29.125, -5.163], [29.202, -6.216], [30.589, -8.309], [30.348, -8.329], [28.79, -8.534], [28.394, -8.99], [27.914, -9.181], [25.814, -9.281], [25.643, -8.856], [25.702, -7.736], [25.313, -6.706], [26.377, -5.36], [26.495, -4.815]]], "type": "Polygon"}, "properties": {"name": "Kalemie"}}, {"type": "Feature", "geometry": {"coordinates": [[[-48.647, -5.197], [-48.397, -4.95], [-47.545, -5.54], [-47.494, -6.486], [-47.394, -7.64], [-47.085, -9.135], [-46.554, -10.169], [-48.224, -9.583], [-49.162, -9.441], [-49.617, -8.729], [-49.446, -7.468], [-48.405, -6.009], [-48.647, -5.197]]], "type": "Polygon"}, "properties": {"name": "Tocantins"}}, {"type": "Feature", "geometry": {"coordinates": [[[-78.963, -5.6], [-77.351, -5.235], [-77.085, -6.38], [-77.79, -7.8], [-78.939, -7.062], [-79.036, -6.07], [-78.963, -5.6]]], "type": "Polygon"}, "properties": {"name": "Cajamarca"}}, {"type": "Feature", "geometry": {"coordinates": [[[-43.032, -5.825], [-41.104, -5.083], [-41.055, -5.79], [-39.989, -7.559], [-41.073, -8.643], [-43.616, -9.557], [-43.508, -6.752], [-43.004, -6.725], [-43.032, -5.825]]], "type": "Polygon"}, "properties": {"name": "Oeiras"}}, {"type": "Feature", "geometry": {"coordinates": [[[140.95, -5.021], [142.462, -5.628], [142.384, -7], [143.488, -8.253], [143.64, -8.426], [142.72, -8.51], [143.451, -9.214], [140.983, -9.402], [140.984, -9.296], [140.939, -6.781], [140.95, -5.021]]], "type": "Polygon"}, "properties": {"name": "Daru"}}, {"type": "Feature", "geometry": {"coordinates": [[[-56.498, -5.418], [-56.204, -5.144], [-54.907, -6.676], [-54.844, -8.725], [-53.764, -10.191], [-54.428, -10.994], [-55.919, -10.575], [-57.45, -11.636], [-58.647, -10.675], [-59.734, -11.344], [-61.014, -9.011], [-58.914, -6.64], [-57.791, -6.599], [-56.498, -5.418]]], "type": "Polygon"}, "properties": {"name": "Southern Amazonas"}}, {"type": "Feature", "geometry": {"coordinates": [[[-41.055, -5.79], [-37.991, -5.36], [-38.117, -5.953], [-38.368, -7.524], [-39.989, -7.559], [-41.055, -5.79]]], "type": "Polygon"}, "properties": {"name": "Crato"}}, {"type": "Feature", "geometry": {"coordinates": [[[-75.781, -5.475], [-75.456, -5.321], [-73.534, -6.681], [-73.805, -7.143], [-73.521, -8.313], [-74.686, -9.289], [-75.854, -8.711], [-75.872, -7], [-75.524, -6.601], [-75.781, -5.475]]], "type": "Polygon"}, "properties": {"name": "Moyobamba"}}, {"type": "Feature", "geometry": {"coordinates": [[[36.992, -7.27], [37.152, -5.252], [38.645, -5.962], [38.961, -6.584], [36.992, -7.27]]], "type": "Polygon"}, "properties": {"name": "Bagamoyo"}}, {"type": "Feature", "geometry": {"coordinates": [[[142.462, -5.628], [144.579, -6.136], [146.653, -8.012], [146.2, -8.366], [144.449, -7.837], [144.147, -7.935], [143.722, -7.714], [143.894, -8.175], [143.488, -8.253], [142.384, -7], [142.462, -5.628]]], "type": "Polygon"}, "properties": {"name": "Kerema"}}, {"type": "Feature", "geometry": {"coordinates": [[[134.023, -7.011], [134.62, -5.632], [134.666, -6.452], [134.274, -6.514], [134.33, -6.937], [134.023, -7.011]]], "type": "Polygon"}, "properties": {"name": "Aru Moluccan\""}}, {"type": "Feature", "geometry": {"coordinates": [[[139.315, -5.793], [140.939, -6.781], [140.984, -9.296], [139.946, -8.306], [138.879, -8.319], [138.866, -8.525], [137.64, -8.538], [138.812, -7.557], [138.564, -7.039], [138.842, -6.986], [138.297, -6.395], [138.424, -6.298], [139.315, -5.793]]], "type": "Polygon"}, "properties": {"name": "Yos Sudarso"}}, {"type": "Feature", "geometry": {"coordinates": [[[146.241, -5.763], [147.589, -6.292], [147.819, -6.898], [146.892, -6.878], [148.176, -8.403], [148.212, -8.739], [146.653, -8.012], [144.579, -6.136], [146.241, -5.763]]], "type": "Polygon"}, "properties": {"name": "Lae"}}, {"type": "Feature", "geometry": {"coordinates": [[[-80.641, -6.184], [-79.036, -6.07], [-78.939, -7.062], [-79.345, -7.764], [-80.641, -6.184]]], "type": "Polygon"}, "properties": {"name": "Tucume"}}, {"type": "Feature", "geometry": {"coordinates": [[[-35.286, -6.115], [-35.258, -5.905], [-34.905, -7.272], [-36.842, -7.648], [-36.731, -6.567], [-35.286, -6.115]]], "type": "Polygon"}, "properties": {"name": "Paraiba"}}, {"type": "Feature", "geometry": {"coordinates": [[[12.344, -6.191], [13.593, -5.908], [14.565, -8.081], [14.574, -8.615], [17.332, -7.838], [17.548, -8.183], [18.392, -9.589], [18.793, -11.179], [17.119, -12.006], [16.153, -11.438], [15.058, -11.755], [14.428, -10.117], [13.193, -9.553], [13.035, -9.178], [13.342, -8.577], [12.344, -6.191]]], "type": "Polygon"}, "properties": {"name": "Ndongo"}}, {"type": "Feature", "geometry": {"coordinates": [[[13.593, -5.908], [15.168, -5.912], [16.52, -5.877], [17.332, -7.838], [14.574, -8.615], [14.565, -8.081], [13.593, -5.908]]], "type": "Polygon"}, "properties": {"name": "Kongo"}}, {"type": "Feature", "geometry": {"coordinates": [[[-38.368, -7.524], [-38.117, -5.953], [-36.731, -6.567], [-36.842, -7.648], [-36.394, -8.779], [-37.593, -8.862], [-38.368, -7.524]]], "type": "Polygon"}, "properties": {"name": "Boroborema"}}, {"type": "Feature", "geometry": {"coordinates": [[[105.94, -6.11], [106.312, -6.107], [106.347, -6.19], [106.566, -6.711], [106.395, -7.063], [105.595, -6.882], [105.94, -6.11]]], "type": "Polygon"}, "properties": {"name": "Banten"}}, {"type": "Feature", "geometry": {"coordinates": [[[106.347, -6.19], [107.148, -6.111], [107.783, -6.483], [107.289, -6.87], [106.566, -6.711], [106.347, -6.19]]], "type": "Polygon"}, "properties": {"name": "Sunda"}}, {"type": "Feature", "geometry": {"coordinates": [[[-77.085, -6.38], [-75.872, -7], [-75.854, -8.711], [-76.495, -8.521], [-77.682, -8.542], [-77.79, -7.8], [-77.085, -6.38]]], "type": "Polygon"}, "properties": {"name": "Pisqupampa"}}, {"type": "Feature", "geometry": {"coordinates": [[[-47.494, -6.486], [-44.764, -6.299], [-43.921, -6.633], [-45.475, -7.648], [-45.993, -8.789], [-47.085, -9.135], [-47.394, -7.64], [-47.494, -6.486]]], "type": "Polygon"}, "properties": {"name": "Pastos Bons"}}, {"type": "Feature", "geometry": {"coordinates": [[[107.783, -6.483], [108.272, -6.373], [108.512, -6.854], [108.957, -7.042], [109.036, -7.391], [107.482, -7.141], [107.289, -6.87], [107.783, -6.483]]], "type": "Polygon"}, "properties": {"name": "Cirebon"}}, {"type": "Feature", "geometry": {"coordinates": [[[-43.921, -6.633], [-43.508, -6.752], [-43.616, -9.557], [-44.071, -10.195], [-46.013, -10.474], [-46.554, -10.169], [-47.085, -9.135], [-45.993, -8.789], [-45.475, -7.648], [-43.921, -6.633]]], "type": "Polygon"}, "properties": {"name": "Parnagua"}}, {"type": "Feature", "geometry": {"coordinates": [[[36.992, -7.27], [38.961, -6.584], [39.376, -7.032], [39.215, -7.802], [39.144, -7.991], [37.899, -7.912], [37.294, -8.562], [36.768, -8.33], [36.992, -7.27]]], "type": "Polygon"}, "properties": {"name": "Mzizima"}}, {"type": "Feature", "geometry": {"coordinates": [[[110.741, -6.652], [111.789, -6.964], [111.768, -6.98], [111.315, -7.336], [111.302, -7.346], [110.309, -7.433], [110.345, -7.207], [110.741, -6.652]]], "type": "Polygon"}, "properties": {"name": "Surabaya"}}, {"type": "Feature", "geometry": {"coordinates": [[[156.26953125, -8.233237111274553], [154.6435546875, -5.222246513227375], [157.7197265625, -7.057282352971569], [160.86181640624997, -8.363692651835823], [162.59765625, -11.005904459659451], [156.26953125, -8.233237111274553]]], "type": "Polygon"}, "properties": {"name": "Solomon Islands"}}, {"type": "Feature", "geometry": {"coordinates": [[[24.183, -7.155], [25.313, -6.706], [25.702, -7.736], [25.643, -8.856], [25.249, -9.802], [25.859, -10.818], [25.221, -11.476], [24.057, -11.231], [23.95, -11.651], [23.995, -11.013], [22.227, -11.189], [22.128, -10.789], [21.807, -9.283], [21.791, -7.752], [23.31, -7.82], [24.183, -7.155]]], "type": "Polygon"}, "properties": {"name": "Kolwezi"}}, {"type": "Feature", "geometry": {"coordinates": [[[106.395, -7.063], [106.566, -6.711], [107.289, -6.87], [107.482, -7.141], [107.433, -7.719], [106.346, -7.56], [106.395, -7.063]]], "type": "Polygon"}, "properties": {"name": "Sukabumi"}}, {"type": "Feature", "geometry": {"coordinates": [[[-78.939, -7.062], [-77.79, -7.8], [-77.682, -8.542], [-77.676, -9.519], [-78.297, -9.714], [-79.345, -7.764], [-78.939, -7.062]]], "type": "Polygon"}, "properties": {"name": "Chanchan"}}, {"type": "Feature", "geometry": {"coordinates": [[[19.163, -7.919], [19.761, -6.95], [21.767, -7.398], [21.791, -7.752], [21.807, -9.283], [22.128, -10.789], [20.625, -11.553], [18.793, -11.179], [18.392, -9.589], [17.548, -8.183], [19.163, -7.919]]], "type": "Polygon"}, "properties": {"name": "Lunda"}}, {"type": "Feature", "geometry": {"coordinates": [[[108.957, -7.042], [110.345, -7.207], [110.309, -7.433], [110.314, -7.613], [109.133, -7.413], [109.036, -7.391], [108.957, -7.042]]], "type": "Polygon"}, "properties": {"name": "Demak"}}, {"type": "Feature", "geometry": {"coordinates": [[[111.315, -7.336], [111.768, -6.98], [112.468, -7.101], [112.73, -7.841], [111.885, -7.81], [111.315, -7.336]]], "type": "Polygon"}, "properties": {"name": "Surabaya"}}, {"type": "Feature", "geometry": {"coordinates": [[[-73.521, -8.313], [-73.805, -7.143], [-71.183, -8.003], [-67.131, -9.749], [-66.736, -9.935], [-68.355, -10.958], [-69.55, -10.934], [-70.439, -11.372], [-70.792, -9.914], [-72.188, -9.831], [-73.521, -8.313]]], "type": "Polygon"}, "properties": {"name": "Acre State"}}, {"type": "Feature", "geometry": {"coordinates": [[[107.482, -7.141], [109.036, -7.391], [109.133, -7.413], [109.126, -7.845], [107.433, -7.719], [107.482, -7.141]]], "type": "Polygon"}, "properties": {"name": "Priangan"}}, {"type": "Feature", "geometry": {"coordinates": [[[130.983, -8.196], [132.002, -7.322], [131.689, -7.538], [130.983, -8.196]]], "type": "Polygon"}, "properties": {"name": "Yamdena"}}, {"type": "Feature", "geometry": {"coordinates": [[[-36.842, -7.648], [-34.905, -7.272], [-35.047, -8.482], [-36.394, -8.779], [-36.842, -7.648]]], "type": "Polygon"}, "properties": {"name": "Itamaraca"}}, {"type": "Feature", "geometry": {"coordinates": [[[32.845, -7.321], [32.964, -7.595], [34.434, -7.738], [35.636, -8.742], [36.768, -8.33], [37.294, -8.562], [37.016, -10.299], [37.417, -11.688], [34.906, -11.611], [34.108, -9.508], [33.83, -9.669], [32.809, -9.401], [31.134, -8.788], [30.787, -7.877], [32.812, -7.48], [32.845, -7.321]]], "type": "Polygon"}, "properties": {"name": "Mbeya"}}, {"type": "Feature", "geometry": {"coordinates": [[[110.309, -7.433], [111.302, -7.346], [111.35, -8.422], [110.36, -8.276], [110.357, -8.236], [110.314, -7.613], [110.309, -7.433]]], "type": "Polygon"}, "properties": {"name": "Mataram"}}, {"type": "Feature", "geometry": {"coordinates": [[[111.302, -7.346], [111.315, -7.336], [111.885, -7.81], [112.73, -7.841], [112.794, -7.838], [112.922, -8.414], [112.946, -8.521], [111.35, -8.422], [111.302, -7.346]]], "type": "Polygon"}, "properties": {"name": "Kediri"}}, {"type": "Feature", "geometry": {"coordinates": [[[-38.368, -7.524], [-37.593, -8.862], [-37.908, -9.369], [-38.137, -9.763], [-39.751, -9.242], [-40.725, -9.587], [-41.073, -8.643], [-39.989, -7.559], [-38.368, -7.524]]], "type": "Polygon"}, "properties": {"name": "Pambu"}}, {"type": "Feature", "geometry": {"coordinates": [[[109.133, -7.413], [110.314, -7.613], [110.357, -8.236], [109.126, -7.845], [109.133, -7.413]]], "type": "Polygon"}, "properties": {"name": "Karia"}}, {"type": "Feature", "geometry": {"coordinates": [[[37.294, -8.562], [37.899, -7.912], [39.144, -7.991], [39.215, -7.802], [39.511, -9.436], [38.018, -10.364], [37.016, -10.299], [37.294, -8.562]]], "type": "Polygon"}, "properties": {"name": "Kilwa"}}, {"type": "Feature", "geometry": {"coordinates": [[[112.794, -7.838], [114.318, -7.887], [114.789, -8.327], [114.603, -8.556], [114.407, -8.465], [114.317, -8.862], [112.922, -8.414], [112.794, -7.838]]], "type": "Polygon"}, "properties": {"name": "Blambangan"}}, {"type": "Feature", "geometry": {"coordinates": [[[-67.131, -9.749], [-64.268, -7.968], [-62.095, -8.583], [-62.944, -9.752], [-63.03, -11.2], [-63.599, -12.627], [-65.376, -10.48], [-65.319, -9.768], [-66.736, -9.935], [-67.131, -9.749]]], "type": "Polygon"}, "properties": {"name": "Rondonia"}}, {"type": "Feature", "geometry": {"coordinates": [[[146.653, -8.012], [148.212, -8.739], [148.671, -9.257], [149.148, -9.199], [149.301, -9.678], [150.053, -9.85], [149.81, -10.17], [150.487, -10.42], [150.66, -10.771], [149.876, -10.729], [147.709, -10.223], [146.2, -8.366], [146.653, -8.012]]], "type": "Polygon"}, "properties": {"name": "Papua"}}, {"type": "Feature", "geometry": {"coordinates": [[[-73.521, -8.313], [-72.188, -9.831], [-70.792, -9.914], [-70.439, -11.372], [-72.397, -11.752], [-73.689, -11.834], [-74.159, -11.774], [-74.415, -10.767], [-74.686, -9.289], [-73.521, -8.313]]], "type": "Polygon"}, "properties": {"name": "Ucayali"}}, {"type": "Feature", "geometry": {"coordinates": [[[28.79, -8.534], [30.348, -8.329], [31.134, -8.788], [32.809, -9.401], [33.473, -10.425], [33.244, -12.434], [32.987, -14.092], [30.119, -14.999], [30.09, -14.832], [30.417, -12.859], [30.27, -10.807], [29.884, -9.532], [29.061, -8.924], [28.79, -8.534]]], "type": "Polygon"}, "properties": {"name": "Zambia"}}, {"type": "Feature", "geometry": {"coordinates": [[[114.789, -8.327], [115.66, -8.659], [114.603, -8.556], [114.789, -8.327]]], "type": "Polygon"}, "properties": {"name": "Bali-Lombok"}}, {"type": "Feature", "geometry": {"coordinates": [[[-36.394, -8.779], [-35.047, -8.482], [-36.389, -10.35], [-37.908, -9.369], [-37.593, -8.862], [-36.394, -8.779]]], "type": "Polygon"}, "properties": {"name": "Pernambuco"}}, {"type": "Feature", "geometry": {"coordinates": [[[115.831, -9.05], [116.644, -8.403], [116.486, -9.128], [115.831, -9.05]]], "type": "Polygon"}, "properties": {"name": "Lombok"}}, {"type": "Feature", "geometry": {"coordinates": [[[117.774, -8.373], [118.947, -8.685], [118.615, -9.062], [117.774, -8.373]]], "type": "Polygon"}, "properties": {"name": "Sumbawa"}}, {"type": "Feature", "geometry": {"coordinates": [[[119.555, -8.961], [121.426, -8.636], [122.853, -8.612], [121.704, -9.076], [119.555, -8.961]]], "type": "Polygon"}, "properties": {"name": "Flores"}}, {"type": "Feature", "geometry": {"coordinates": [[[-77.682, -8.542], [-76.495, -8.521], [-75.984, -10.535], [-76.54, -11.022], [-76.797, -11.017], [-77.676, -9.519], [-77.682, -8.542]]], "type": "Polygon"}, "properties": {"name": "Huaraz"}}, {"type": "Feature", "geometry": {"coordinates": [[[-76.495, -8.521], [-75.854, -8.711], [-74.686, -9.289], [-74.415, -10.767], [-75.984, -10.535], [-76.495, -8.521]]], "type": "Polygon"}, "properties": {"name": "Huanuco"}}, {"type": "Feature", "geometry": {"coordinates": [[[-62.095, -8.583], [-61.014, -9.011], [-59.734, -11.344], [-60.74, -13.713], [-63.435, -12.668], [-63.599, -12.627], [-63.03, -11.2], [-62.944, -9.752], [-62.095, -8.583]]], "type": "Polygon"}, "properties": {"name": "Cerejeiras"}}, {"type": "Feature", "geometry": {"coordinates": [[[116.744, -8.707], [118.08, -8.972], [116.796, -9.257], [116.744, -8.707]]], "type": "Polygon"}, "properties": {"name": "Sumbawa"}}, {"type": "Feature", "geometry": {"coordinates": [[[125.795, -8.669], [127.253, -8.597], [125.05, -9.614], [124.994, -9.128], [125.795, -8.669]]], "type": "Polygon"}, "properties": {"name": "Timor"}}, {"type": "Feature", "geometry": {"coordinates": [[[-43.616, -9.557], [-41.073, -8.643], [-40.725, -9.587], [-40.74, -10.363], [-42.185, -11.788], [-42.75, -12.187], [-44.167, -11.604], [-44.071, -10.195], [-43.616, -9.557]]], "type": "Polygon"}, "properties": {"name": "Barra"}}, {"type": "Feature", "geometry": {"coordinates": [[[-50.143, -9.44], [-49.617, -8.729], [-49.162, -9.441], [-48.224, -9.583], [-46.554, -10.169], [-46.013, -10.474], [-46.044, -12.453], [-47.147, -12.734], [-47.431, -11.856], [-49.502, -10.559], [-50.143, -9.44]]], "type": "Polygon"}, "properties": {"name": "Natividad"}}, {"type": "Feature", "geometry": {"coordinates": [[[25.643, -8.856], [25.814, -9.281], [27.914, -9.181], [28.394, -8.99], [28.164, -9.423], [28.631, -9.58], [28.377, -11.424], [28.906, -12.283], [29.703, -12.253], [29.731, -13.037], [29.683, -13.377], [29.007, -13.405], [27.002, -11.675], [26.872, -12.054], [25.221, -11.476], [25.859, -10.818], [25.249, -9.802], [25.643, -8.856]]], "type": "Polygon"}, "properties": {"name": "Katanga"}}, {"type": "Feature", "geometry": {"coordinates": [[[29.061, -8.924], [29.884, -9.532], [30.27, -10.807], [30.417, -12.859], [29.731, -13.037], [29.703, -12.253], [28.906, -12.283], [28.377, -11.424], [28.631, -9.58], [29.061, -8.924]]], "type": "Polygon"}, "properties": {"name": "Luapula"}}, {"type": "Feature", "geometry": {"coordinates": [[[-39.751, -9.242], [-38.137, -9.763], [-38.712, -10.89], [-40.74, -10.363], [-40.725, -9.587], [-39.751, -9.242]]], "type": "Polygon"}, "properties": {"name": "Jeremoabo"}}, {"type": "Feature", "geometry": {"coordinates": [[[123.892, -9.605], [124.994, -9.128], [125.05, -9.614], [125.059, -9.675], [123.289, -10.498], [123.892, -9.605]]], "type": "Polygon"}, "properties": {"name": "West Timor"}}, {"type": "Feature", "geometry": {"coordinates": [[[-38.137, -9.763], [-37.908, -9.369], [-36.389, -10.35], [-37.559, -11.487], [-38.216, -11.249], [-38.712, -10.89], [-38.137, -9.763]]], "type": "Polygon"}, "properties": {"name": "Sergipe"}}, {"type": "Feature", "geometry": {"coordinates": [[[32.809, -9.401], [33.83, -9.669], [34.106, -11.799], [34.49, -13.949], [34.14, -14.461], [33.657, -14.558], [32.987, -14.092], [33.244, -12.434], [33.473, -10.425], [32.809, -9.401]]], "type": "Polygon"}, "properties": {"name": "Malawi"}}, {"type": "Feature", "geometry": {"coordinates": [[[39.511, -9.436], [40.383, -10.538], [38.269, -11.362], [37.895, -11.398], [37.417, -11.688], [37.016, -10.299], [38.018, -10.364], [39.511, -9.436]]], "type": "Polygon"}, "properties": {"name": "Lindi"}}, {"type": "Feature", "geometry": {"coordinates": [[[-78.297, -9.714], [-77.676, -9.519], [-76.797, -11.017], [-77.274, -11.503], [-77.547, -11.359], [-78.297, -9.714]]], "type": "Polygon"}, "properties": {"name": "Chimbote"}}, {"type": "Feature", "geometry": {"coordinates": [[[-50.853, -9.859], [-50.143, -9.44], [-49.502, -10.559], [-47.431, -11.856], [-47.147, -12.734], [-49.528, -12.982], [-51.1, -12.936], [-51.128, -10.674], [-50.853, -9.859]]], "type": "Polygon"}, "properties": {"name": "Conceicao"}}, {"type": "Feature", "geometry": {"coordinates": [[[13.193, -9.553], [14.428, -10.117], [15.058, -11.755], [14.599, -13.004], [14.229, -14.082], [16.153, -15.286], [16.355, -15.419], [16.339, -17.37], [13.902, -17.406], [13.199, -17.049], [11.744, -17.266], [12.015, -15.566], [12.681, -13.336], [13.776, -11.907], [13.193, -9.553]]], "type": "Polygon"}, "properties": {"name": "Benguela"}}, {"type": "Feature", "geometry": {"coordinates": [[[119.046, -9.789], [119.576, -9.614], [120.766, -10.389], [119.046, -9.789]]], "type": "Polygon"}, "properties": {"name": "Sumba"}}, {"type": "Feature", "geometry": {"coordinates": [[[-66.736, -9.935], [-65.319, -9.768], [-65.376, -10.48], [-66.626, -11.684], [-66.88, -12.591], [-67.388, -13.764], [-67.631, -15.215], [-68.922, -14.078], [-68.991, -13.402], [-68.723, -12.445], [-69.55, -10.934], [-68.355, -10.958], [-66.736, -9.935]]], "type": "Polygon"}, "properties": {"name": "Madre de Dios"}}, {"type": "Feature", "geometry": {"coordinates": [[[-53.764, -10.191], [-51.13, -10.439], [-51.128, -10.674], [-51.1, -12.936], [-51.509, -14.623], [-52.483, -14.997], [-54.253, -14.122], [-54.279, -13.199], [-55.001, -13.191], [-54.428, -10.994], [-53.764, -10.191]]], "type": "Polygon"}, "properties": {"name": "Rio das Mortes"}}, {"type": "Feature", "geometry": {"coordinates": [[[-46.013, -10.474], [-44.071, -10.195], [-44.167, -11.604], [-44.453, -14.201], [-46.127, -14.849], [-46.13, -14.358], [-46.339, -13.435], [-46.044, -12.453], [-46.013, -10.474]]], "type": "Polygon"}, "properties": {"name": "Campo Largo"}}, {"type": "Feature", "geometry": {"coordinates": [[[-42.185, -11.788], [-40.74, -10.363], [-38.712, -10.89], [-38.216, -11.249], [-39.949, -12.595], [-40.214, -13.013], [-42.185, -11.788]]], "type": "Polygon"}, "properties": {"name": "Inhambupe"}}, {"type": "Feature", "geometry": {"coordinates": [[[-76.54, -11.022], [-75.984, -10.535], [-74.415, -10.767], [-74.159, -11.774], [-75.843, -12.074], [-76.54, -11.022]]], "type": "Polygon"}, "properties": {"name": "Tarma"}}, {"type": "Feature", "geometry": {"coordinates": [[[-66.626, -11.684], [-65.376, -10.48], [-63.599, -12.627], [-63.435, -12.668], [-64.49, -13.818], [-65.703, -13.849], [-67.388, -13.764], [-66.88, -12.591], [-66.626, -11.684]]], "type": "Polygon"}, "properties": {"name": "San Joaquin"}}, {"type": "Feature", "geometry": {"coordinates": [[[-55.919, -10.575], [-54.428, -10.994], [-55.001, -13.191], [-54.279, -13.199], [-54.253, -14.122], [-56.554, -14.877], [-57.978, -13.324], [-57.45, -11.636], [-55.919, -10.575]]], "type": "Polygon"}, "properties": {"name": "Diamantino"}}, {"type": "Feature", "geometry": {"coordinates": [[[40.383, -10.538], [40.458, -13.574], [40.674, -14.797], [40.208, -15.828], [38.269, -14.663], [38.094, -13.105], [38.269, -11.362], [40.383, -10.538]]], "type": "Polygon"}, "properties": {"name": "Mozambique"}}, {"type": "Feature", "geometry": {"coordinates": [[[105.361, -10.589], [106.091, -10.506], [105.707, -11.184], [105.361, -10.589]]], "type": "Polygon"}, "properties": {"name": "Christmas Island"}}, {"type": "Feature", "geometry": {"coordinates": [[[142.182, -10.567], [142.688, -10.584], [142.927, -11.632], [143.42, -12.72], [143.75, -14.278], [144.334, -14.057], [145.242, -14.705], [145.305, -15.861], [143.17, -16.346], [141.456, -15.646], [141.82, -12.34], [141.648, -12.079], [142.182, -10.567]]], "type": "Polygon"}, "properties": {"name": "Kokowarra"}}, {"type": "Feature", "geometry": {"coordinates": [[[-59.734, -11.344], [-58.647, -10.675], [-57.45, -11.636], [-57.978, -13.324], [-58.414, -13.845], [-58.21, -15.595], [-58.387, -17.311], [-58.434, -17.272], [-58.462, -16.378], [-60.192, -16.359], [-60.387, -14.371], [-60.74, -13.713], [-59.734, -11.344]]], "type": "Polygon"}, "properties": {"name": "Vila Bela"}}, {"type": "Feature", "geometry": {"coordinates": [[[20.625, -11.553], [22.128, -10.789], [22.227, -11.189], [23.995, -11.013], [23.95, -11.651], [23.859, -12.997], [21.954, -13.027], [21.919, -16.17], [21.155, -15.422], [19.808, -14.817], [19.097, -13.872], [18.305, -13.711], [17.605, -13.376], [17.119, -12.006], [18.793, -11.179], [20.625, -11.553]]], "type": "Polygon"}, "properties": {"name": "Moxico"}}, {"type": "Feature", "geometry": {"coordinates": [[[165.733, -10.778], [166.512, -10.801], [165.771, -11.35], [165.733, -10.778]]], "type": "Polygon"}, "properties": {"name": "Vanuatu"}}, {"type": "Feature", "geometry": {"coordinates": [[[-70.439, -11.372], [-69.55, -10.934], [-68.723, -12.445], [-68.991, -13.402], [-70.497, -13.683], [-71.814, -13.189], [-72.397, -11.752], [-70.439, -11.372]]], "type": "Polygon"}, "properties": {"name": "Quero"}}, {"type": "Feature", "geometry": {"coordinates": [[[130.265, -10.997], [131.341, -10.945], [131.579, -11.155], [130.997, -11.582], [130.045, -11.463], [130.265, -10.997]]], "type": "Polygon"}, "properties": {"name": "Larrakia"}}, {"type": "Feature", "geometry": {"coordinates": [[[-77.274, -11.503], [-76.797, -11.017], [-76.54, -11.022], [-75.843, -12.074], [-75.264, -12.819], [-76.245, -13.328], [-77.274, -11.503]]], "type": "Polygon"}, "properties": {"name": "Lima"}}, {"type": "Feature", "geometry": {"coordinates": [[[132.77, -11.062], [134.257, -11.706], [134.244, -11.711], [133.98, -11.706], [133.519, -12.532], [132.885, -13.412], [132.73, -14.947], [132.782, -15.944], [131.174, -16.41], [129.747, -15.979], [129.727, -14.922], [129.731, -14.52], [129.335, -14.212], [130.057, -13.144], [131.073, -11.973], [132.486, -11.824], [132.77, -11.062]]], "type": "Polygon"}, "properties": {"name": "Larrakia"}}, {"type": "Feature", "geometry": {"coordinates": [[[-38.216, -11.249], [-37.559, -11.487], [-38.389, -12.954], [-38.829, -12.837], [-39.949, -12.595], [-38.216, -11.249]]], "type": "Polygon"}, "properties": {"name": "Bahia"}}, {"type": "Feature", "geometry": {"coordinates": [[[24.057, -11.231], [25.221, -11.476], [26.872, -12.054], [26.354, -13.812], [27.013, -15.038], [26.027, -15.291], [24.918, -14.894], [23.721, -15.515], [22.049, -16.357], [21.919, -16.17], [21.954, -13.027], [23.859, -12.997], [23.95, -11.651], [24.057, -11.231]]], "type": "Polygon"}, "properties": {"name": "Solwezi"}}, {"type": "Feature", "geometry": {"coordinates": [[[37.417, -11.688], [37.895, -11.398], [38.269, -11.362], [38.094, -13.105], [38.269, -14.663], [37.18, -15.645], [35.853, -15.453], [34.913, -13.516], [34.906, -11.611], [37.417, -11.688]]], "type": "Polygon"}, "properties": {"name": "Niassa"}}, {"type": "Feature", "geometry": {"coordinates": [[[15.058, -11.755], [16.153, -11.438], [17.119, -12.006], [17.605, -13.376], [18.305, -13.711], [16.153, -15.286], [14.229, -14.082], [14.599, -13.004], [15.058, -11.755]]], "type": "Polygon"}, "properties": {"name": "Huambo"}}, {"type": "Feature", "geometry": {"coordinates": [[[-44.167, -11.604], [-42.75, -12.187], [-43.503, -14.857], [-43.983, -14.794], [-43.914, -14.268], [-44.453, -14.201], [-44.167, -11.604]]], "type": "Polygon"}, "properties": {"name": "Paratinga"}}, {"type": "Feature", "geometry": {"coordinates": [[[-75.843, -12.074], [-74.159, -11.774], [-73.689, -11.834], [-73.967, -12.588], [-74.598, -13.521], [-75.264, -12.819], [-75.843, -12.074]]], "type": "Polygon"}, "properties": {"name": "Huancavelica"}}, {"type": "Feature", "geometry": {"coordinates": [[[-73.689, -11.834], [-72.397, -11.752], [-71.814, -13.189], [-72.271, -13.904], [-73.967, -12.588], [-73.689, -11.834]]], "type": "Polygon"}, "properties": {"name": "Cuzco"}}, {"type": "Feature", "geometry": {"coordinates": [[[-42.75, -12.187], [-42.185, -11.788], [-40.214, -13.013], [-39.895, -15.712], [-40.678, -15.937], [-42.105, -15.656], [-44.035, -14.88], [-43.983, -14.794], [-43.503, -14.857], [-42.75, -12.187]]], "type": "Polygon"}, "properties": {"name": "Rio Contas"}}, {"type": "Feature", "geometry": {"coordinates": [[[27.002, -11.675], [29.007, -13.405], [29.683, -13.377], [29.731, -13.037], [30.417, -12.859], [30.09, -14.832], [27.293, -15.544], [27.013, -15.038], [26.354, -13.812], [26.872, -12.054], [27.002, -11.675]]], "type": "Polygon"}, "properties": {"name": "Ndola"}}, {"type": "Feature", "geometry": {"coordinates": [[[133.519, -12.532], [133.98, -11.706], [134.244, -11.711], [135.139, -11.99], [135.554, -11.73], [136.353, -12.177], [136.295, -11.729], [136.886, -12.046], [136.454, -12.814], [135.794, -13.277], [135.887, -13.726], [135.324, -14.659], [137.634, -16.074], [137.919, -16.443], [137.734, -18.025], [137.158, -18.162], [134.273, -16.871], [132.782, -15.944], [132.73, -14.947], [132.885, -13.412], [133.519, -12.532]]], "type": "Polygon"}, "properties": {"name": "Yolngu"}}, {"type": "Feature", "geometry": {"coordinates": [[[48.708, -13.346], [49.023, -12.238], [49.425, -12.369], [50.07, -14.271], [50.118, -16.06], [49.553, -15.403], [49.594, -16.204], [47.702, -16.931], [47.11, -17.955], [46.125, -19.286], [43.93, -17.409], [44.377, -16.243], [46.763, -15.308], [47.067, -15.538], [47.226, -14.79], [47.491, -14.949], [47.857, -14.155], [47.758, -13.542], [48.155, -13.749], [48.708, -13.346]]], "type": "Polygon"}, "properties": {"name": "Boina"}}, {"type": "Feature", "geometry": {"coordinates": [[[-47.147, -12.734], [-46.044, -12.453], [-46.339, -13.435], [-46.13, -14.358], [-46.451, -16.035], [-47.861, -15.835], [-48.388, -14.757], [-49.435, -14.234], [-49.528, -12.982], [-47.147, -12.734]]], "type": "Polygon"}, "properties": {"name": "Arrial dos Couros"}}, {"type": "Feature", "geometry": {"coordinates": [[[-74.598, -13.521], [-73.967, -12.588], [-72.271, -13.904], [-72.828, -14.993], [-73.445, -14.79], [-74.721, -14.242], [-74.598, -13.521]]], "type": "Polygon"}, "properties": {"name": "Huamanga"}}, {"type": "Feature", "geometry": {"coordinates": [[[-40.214, -13.013], [-39.949, -12.595], [-38.829, -12.837], [-38.997, -15.655], [-39.895, -15.712], [-40.214, -13.013]]], "type": "Polygon"}, "properties": {"name": "Ilheus"}}, {"type": "Feature", "geometry": {"coordinates": [[[44.813, -12.606], [45.234, -12.745], [44.982, -13.163], [44.813, -12.606]]], "type": "Polygon"}, "properties": {"name": "Comores"}}, {"type": "Feature", "geometry": {"coordinates": [[[-64.49, -13.818], [-63.435, -12.668], [-60.74, -13.713], [-60.387, -14.371], [-60.192, -16.359], [-60.882, -17.394], [-62.672, -17.622], [-64.138, -16.353], [-64.943, -15.49], [-63.881, -14.981], [-64.49, -13.818]]], "type": "Polygon"}, "properties": {"name": "Chiquitos"}}, {"type": "Feature", "geometry": {"coordinates": [[[-76.245, -13.328], [-75.264, -12.819], [-74.598, -13.521], [-74.721, -14.242], [-73.445, -14.79], [-74.059, -16.003], [-76.036, -14.428], [-76.245, -13.328]]], "type": "Polygon"}, "properties": {"name": "Nazca"}}, {"type": "Feature", "geometry": {"coordinates": [[[-51.1, -12.936], [-49.528, -12.982], [-49.435, -14.234], [-48.388, -14.757], [-47.861, -15.835], [-48.891, -16.26], [-49.717, -16.572], [-52.01, -15.794], [-52.483, -14.997], [-51.509, -14.623], [-51.1, -12.936]]], "type": "Polygon"}, "properties": {"name": "Goias"}}, {"type": "Feature", "geometry": {"coordinates": [[[-71.814, -13.189], [-70.497, -13.683], [-70.513, -14.944], [-71.252, -15.9], [-72.828, -14.993], [-72.271, -13.904], [-71.814, -13.189]]], "type": "Polygon"}, "properties": {"name": "Ayaviri"}}, {"type": "Feature", "geometry": {"coordinates": [[[-70.497, -13.683], [-68.991, -13.402], [-68.922, -14.078], [-69.42, -15.472], [-69.797, -15.434], [-69.849, -15.578], [-70.513, -14.944], [-70.497, -13.683]]], "type": "Polygon"}, "properties": {"name": "Macaya"}}, {"type": "Feature", "geometry": {"coordinates": [[[-58.414, -13.845], [-57.978, -13.324], [-56.554, -14.877], [-56.221, -16.693], [-55.748, -17.281], [-55.329, -17.897], [-55.507, -18.472], [-57.541, -18.249], [-58.387, -17.311], [-58.21, -15.595], [-58.414, -13.845]]], "type": "Polygon"}, "properties": {"name": "Mato Caceres"}}, {"type": "Feature", "geometry": {"coordinates": [[[34.913, -13.516], [35.853, -15.453], [35.124, -16.971], [34.748, -16.705], [34.333, -15.761], [34.14, -14.461], [34.49, -13.949], [34.544, -14.181], [35.252, -14.376], [34.913, -13.516]]], "type": "Polygon"}, "properties": {"name": "Chewa"}}, {"type": "Feature", "geometry": {"coordinates": [[[126.912, -13.578], [128.097, -14.797], [128.532, -14.58], [129.727, -14.922], [129.747, -15.979], [129.713, -17.999], [128.618, -18.559], [126.802, -19.032], [125.959, -17.514], [124.721, -16.317], [124.48, -16.041], [124.699, -15.732], [124.4, -15.618], [124.676, -15.103], [125.11, -15.267], [124.987, -14.944], [125.404, -14.969], [125.163, -14.498], [126.086, -14.245], [126.117, -13.879], [126.912, -13.578]]], "type": "Polygon"}, "properties": {"name": "Ngarinyin"}}, {"type": "Feature", "geometry": {"coordinates": [[[-65.703, -13.849], [-64.49, -13.818], [-63.881, -14.981], [-64.943, -15.49], [-66.975, -15.568], [-67.631, -15.215], [-67.388, -13.764], [-65.703, -13.849]]], "type": "Polygon"}, "properties": {"name": "Moxos"}}, {"type": "Feature", "geometry": {"coordinates": [[[18.305, -13.711], [19.097, -13.872], [19.808, -14.817], [21.155, -15.422], [21.919, -16.17], [22.049, -16.357], [23.299, -17.655], [19.331, -17.827], [17.522, -17.358], [16.339, -17.37], [16.355, -15.419], [16.153, -15.286], [18.305, -13.711]]], "type": "Polygon"}, "properties": {"name": "Cuando Cubango"}}, {"type": "Feature", "geometry": {"coordinates": [[[-68.922, -14.078], [-67.631, -15.215], [-66.975, -15.568], [-66.849, -16.285], [-67.891, -16.636], [-68.792, -16.132], [-69.42, -15.472], [-68.922, -14.078]]], "type": "Polygon"}, "properties": {"name": "Chuquiabo"}}, {"type": "Feature", "geometry": {"coordinates": [[[-56.554, -14.877], [-54.253, -14.122], [-52.483, -14.997], [-52.01, -15.794], [-53.292, -17.336], [-55.428, -17.034], [-55.748, -17.281], [-56.221, -16.693], [-56.554, -14.877]]], "type": "Polygon"}, "properties": {"name": "Xeres"}}, {"type": "Feature", "geometry": {"coordinates": [[[30.119, -14.999], [32.987, -14.092], [33.657, -14.558], [32.375, -16.503], [31.258, -16.136], [30.272, -15.652], [30.119, -14.999]]], "type": "Polygon"}, "properties": {"name": "Zumbo"}}, {"type": "Feature", "geometry": {"coordinates": [[[-46.127, -14.849], [-44.453, -14.201], [-43.914, -14.268], [-43.983, -14.794], [-44.035, -14.88], [-45.001, -15.959], [-45.215, -18.036], [-46.324, -18.91], [-46.756, -18.302], [-46.451, -16.035], [-46.13, -14.358], [-46.127, -14.849]]], "type": "Polygon"}, "properties": {"name": "Santo Antonio da Manga"}}, {"type": "Feature", "geometry": {"coordinates": [[[33.657, -14.558], [34.14, -14.461], [34.333, -15.761], [34.748, -16.705], [32.953, -17.665], [32.815, -16.702], [32.375, -16.503], [33.657, -14.558]]], "type": "Polygon"}, "properties": {"name": "Barwe"}}, {"type": "Feature", "geometry": {"coordinates": [[[37.18, -15.645], [38.269, -14.663], [40.208, -15.828], [37.717, -17.382], [37.421, -15.904], [37.18, -15.645]]], "type": "Polygon"}, "properties": {"name": "Angoche"}}, {"type": "Feature", "geometry": {"coordinates": [[[-73.445, -14.79], [-72.828, -14.993], [-71.252, -15.9], [-70.943, -16.219], [-71.91, -17.137], [-74.059, -16.003], [-73.445, -14.79]]], "type": "Polygon"}, "properties": {"name": "Camana"}}, {"type": "Feature", "geometry": {"coordinates": [[[27.293, -15.544], [30.09, -14.832], [30.119, -14.999], [30.272, -15.652], [28.773, -16.054], [28.775, -16.49], [27.516, -17.318], [27.293, -15.544]]], "type": "Polygon"}, "properties": {"name": "Shangwe"}}, {"type": "Feature", "geometry": {"coordinates": [[[166.475, -14.763], [167.133, -15.701], [166.73, -15.781], [166.475, -14.763]]], "type": "Polygon"}, "properties": {"name": "Vanuatu"}}, {"type": "Feature", "geometry": {"coordinates": [[[-44.035, -14.88], [-42.105, -15.656], [-43.685, -17.741], [-43.971, -18.231], [-45.215, -18.036], [-45.001, -15.959], [-44.035, -14.88]]], "type": "Polygon"}, "properties": {"name": "Diamentina"}}, {"type": "Feature", "geometry": {"coordinates": [[[23.721, -15.515], [24.918, -14.894], [26.027, -15.291], [27.013, -15.038], [27.293, -15.544], [27.516, -17.318], [26.951, -18.07], [25.279, -17.833], [25.073, -17.719], [23.299, -17.655], [22.049, -16.357], [23.721, -15.515]]], "type": "Polygon"}, "properties": {"name": "Lusaka"}}, {"type": "Feature", "geometry": {"coordinates": [[[-71.252, -15.9], [-70.513, -14.944], [-69.849, -15.578], [-69.947, -15.88], [-68.959, -16.629], [-69.7, -17.335], [-70.513, -16.177], [-70.943, -16.219], [-71.252, -15.9]]], "type": "Polygon"}, "properties": {"name": "Puno"}}, {"type": "Feature", "geometry": {"coordinates": [[[-66.975, -15.568], [-64.943, -15.49], [-64.138, -16.353], [-64.474, -16.681], [-64.33, -17.359], [-64.907, -18.61], [-66.149, -18.103], [-66.849, -16.285], [-66.975, -15.568]]], "type": "Polygon"}, "properties": {"name": "Caranga"}}, {"type": "Feature", "geometry": {"coordinates": [[[-5.89, -16.168], [-5.046, -15.451], [-4.901, -15.978], [-5.89, -16.168]]], "type": "Polygon"}, "properties": {"name": "St. Helena"}}, {"type": "Feature", "geometry": {"coordinates": [[[35.853, -15.453], [37.18, -15.645], [37.421, -15.904], [37.717, -17.382], [35.821, -18.888], [35.373, -18.037], [35.798, -17.309], [35.124, -16.971], [35.853, -15.453]]], "type": "Polygon"}, "properties": {"name": "Quelimane"}}, {"type": "Feature", "geometry": {"coordinates": [[[-47.861, -15.835], [-46.451, -16.035], [-46.756, -18.302], [-48.252, -18.476], [-48.891, -16.26], [-47.861, -15.835]]], "type": "Polygon"}, "properties": {"name": "Luziana"}}, {"type": "Feature", "geometry": {"coordinates": [[[-39.895, -15.712], [-38.997, -15.655], [-39.273, -17.803], [-39.879, -18.658], [-40.853, -18.178], [-40.678, -15.937], [-39.895, -15.712]]], "type": "Polygon"}, "properties": {"name": "Porto Seguro"}}, {"type": "Feature", "geometry": {"coordinates": [[[-43.685, -17.741], [-42.105, -15.656], [-40.678, -15.937], [-40.853, -18.178], [-41.833, -18.886], [-42.858, -18.89], [-43.381, -18.048], [-43.685, -17.741]]], "type": "Polygon"}, "properties": {"name": "Serro"}}, {"type": "Feature", "geometry": {"coordinates": [[[28.773, -16.054], [30.272, -15.652], [31.258, -16.136], [30.561, -18.129], [29.847, -18.028], [28.775, -16.49], [28.773, -16.054]]], "type": "Polygon"}, "properties": {"name": "Urungwe"}}, {"type": "Feature", "geometry": {"coordinates": [[[140.737, -17.324], [141.456, -15.646], [143.17, -16.346], [143.125, -19.267], [141.413, -19.508], [139.344, -18.472], [137.734, -18.025], [137.919, -16.443], [139.226, -17.092], [140.737, -17.324]]], "type": "Polygon"}, "properties": {"name": "Kurtjar"}}, {"type": "Feature", "geometry": {"coordinates": [[[-53.292, -17.336], [-52.01, -15.794], [-49.717, -16.572], [-51.087, -18.002], [-51.148, -18.571], [-52.249, -19.319], [-52.813, -18.744], [-53.292, -17.336]]], "type": "Polygon"}, "properties": {"name": "Mato Grosso"}}, {"type": "Feature", "geometry": {"coordinates": [[[132.782, -15.944], [134.273, -16.871], [137.158, -18.162], [136.124, -20.054], [135.188, -21.763], [131.951, -21.556], [130.634, -19.759], [129.713, -17.999], [129.747, -15.979], [131.174, -16.41], [132.782, -15.944]]], "type": "Polygon"}, "properties": {"name": "Mudburra"}}, {"type": "Feature", "geometry": {"coordinates": [[[143.17, -16.346], [145.305, -15.861], [145.403, -15.856], [146.096, -17.634], [146.201, -18.715], [144.745, -19.729], [144.286, -19.674], [143.125, -19.267], [143.17, -16.346]]], "type": "Polygon"}, "properties": {"name": "Djirbalngan"}}, {"type": "Feature", "geometry": {"coordinates": [[[123.58, -16.027], [124.721, -16.317], [125.959, -17.514], [126.802, -19.032], [125.169, -20.107], [123.139, -21.655], [121.998, -20.968], [121.289, -19.432], [122.358, -18.011], [122.205, -17.059], [122.998, -16.405], [123.485, -17.265], [123.844, -16.945], [123.58, -16.027]]], "type": "Polygon"}, "properties": {"name": "Nyikina"}}, {"type": "Feature", "geometry": {"coordinates": [[[-70.943, -16.219], [-70.513, -16.177], [-69.7, -17.335], [-69.499, -17.594], [-70.304, -18.501], [-71.91, -17.137], [-70.943, -16.219]]], "type": "Polygon"}, "properties": {"name": "Arequipa"}}, {"type": "Feature", "geometry": {"coordinates": [[[-68.792, -16.132], [-67.891, -16.636], [-67.299, -17.545], [-68.606, -17.838], [-69.138, -18.193], [-69.499, -17.594], [-69.7, -17.335], [-68.959, -16.629], [-68.727, -16.405], [-68.792, -16.132]]], "type": "Polygon"}, "properties": {"name": "Tiahuanaco"}}, {"type": "Feature", "geometry": {"coordinates": [[[31.258, -16.136], [32.375, -16.503], [32.815, -16.702], [32.953, -17.665], [32.671, -18.974], [32.047, -19.112], [31.85, -18.547], [30.561, -18.129], [31.258, -16.136]]], "type": "Polygon"}, "properties": {"name": "Tete"}}, {"type": "Feature", "geometry": {"coordinates": [[[49.594, -16.204], [49.765, -16.12], [49.332, -17.639], [48.27, -21.232], [47.309, -24.275], [46.188, -22.004], [46.399, -20.432], [46.125, -19.286], [47.11, -17.955], [47.702, -16.931], [49.594, -16.204]]], "type": "Polygon"}, "properties": {"name": "Antananarivo"}}, {"type": "Feature", "geometry": {"coordinates": [[[-67.891, -16.636], [-66.849, -16.285], [-66.149, -18.103], [-66.955, -18.888], [-67.065, -18.501], [-67.059, -17.794], [-67.299, -17.545], [-67.891, -16.636]]], "type": "Polygon"}, "properties": {"name": "Charcas"}}, {"type": "Feature", "geometry": {"coordinates": [[[-49.717, -16.572], [-48.891, -16.26], [-48.252, -18.476], [-49.452, -18.832], [-51.347, -19.822], [-52.249, -19.319], [-51.148, -18.571], [-51.087, -18.002], [-49.717, -16.572]]], "type": "Polygon"}, "properties": {"name": "Vila Boa"}}, {"type": "Feature", "geometry": {"coordinates": [[[178.482, -16.79], [179.908, -16.214], [179.568, -16.785], [178.789, -17.051], [178.482, -16.79]]], "type": "Polygon"}, "properties": {"name": "Fiji"}}, {"type": "Feature", "geometry": {"coordinates": [[[-64.474, -16.681], [-64.138, -16.353], [-62.672, -17.622], [-63.126, -18.951], [-64.007, -19.176], [-64.254, -18.97], [-64.907, -18.61], [-64.33, -17.359], [-64.474, -16.681]]], "type": "Polygon"}, "properties": {"name": "Santa Cruz de la Sierra"}}, {"type": "Feature", "geometry": {"coordinates": [[[-60.882, -17.394], [-60.192, -16.359], [-58.462, -16.378], [-58.434, -17.272], [-58.387, -17.311], [-57.541, -18.249], [-58.107, -20.237], [-58.625, -19.626], [-61.695, -19.702], [-62.147, -20.428], [-62.844, -20.59], [-63.126, -18.951], [-62.672, -17.622], [-60.882, -17.394]]], "type": "Polygon"}, "properties": {"name": "Fuerte Borbon"}}, {"type": "Feature", "geometry": {"coordinates": [[[27.516, -17.318], [28.775, -16.49], [29.847, -18.028], [29.072, -19.022], [28.689, -18.9], [26.951, -18.07], [27.516, -17.318]]], "type": "Polygon"}, "properties": {"name": "Butua"}}, {"type": "Feature", "geometry": {"coordinates": [[[34.748, -16.705], [35.124, -16.971], [35.798, -17.309], [35.373, -18.037], [32.969, -19.834], [32.671, -18.974], [32.953, -17.665], [34.748, -16.705]]], "type": "Polygon"}, "properties": {"name": "Sena"}}, {"type": "Feature", "geometry": {"coordinates": [[[-55.748, -17.281], [-55.428, -17.034], [-53.292, -17.336], [-52.813, -18.744], [-53.173, -20.181], [-55.442, -20.983], [-55.507, -18.472], [-55.329, -17.897], [-55.748, -17.281]]], "type": "Polygon"}, "properties": {"name": "Mbaracayu"}}, {"type": "Feature", "geometry": {"coordinates": [[[11.744, -17.266], [13.199, -17.049], [13.902, -17.406], [14.215, -19.238], [15.279, -20.458], [15.632, -21.784], [16.758, -24.31], [16.769, -24.791], [16.765, -26.038], [14.907, -25.972], [14.623, -24.469], [14.441, -22.402], [13.761, -21.362], [12.234, -18.674], [11.744, -17.266]]], "type": "Polygon"}, "properties": {"name": "Greater Namaqualand"}}, {"type": "Feature", "geometry": {"coordinates": [[[13.902, -17.406], [16.339, -17.37], [17.522, -17.358], [18.037, -18.387], [18.213, -19.59], [19.104, -20.962], [18.406, -21.544], [16.997, -21.269], [15.632, -21.784], [15.279, -20.458], [14.215, -19.238], [13.902, -17.406]]], "type": "Polygon"}, "properties": {"name": "Oshana"}}, {"type": "Feature", "geometry": {"coordinates": [[[17.522, -17.358], [19.331, -17.827], [23.299, -17.655], [25.073, -17.719], [23.65, -18.302], [20.983, -18.375], [20.964, -20.958], [20.944, -21.894], [20.447, -21.906], [19.811, -20.958], [19.104, -20.962], [18.213, -19.59], [18.037, -18.387], [17.522, -17.358]]], "type": "Polygon"}, "properties": {"name": "Okavango"}}, {"type": "Feature", "geometry": {"coordinates": [[[43.872, -17.389], [43.93, -17.409], [46.125, -19.286], [46.399, -20.432], [46.188, -22.004], [47.309, -24.275], [46.731, -25.073], [45.231, -25.594], [43.558, -23.816], [43.144, -22.279], [44.319, -19.687], [43.872, -17.389]]], "type": "Polygon"}, "properties": {"name": "Menabe"}}, {"type": "Feature", "geometry": {"coordinates": [[[177.381, -18.129], [178.456, -17.511], [178.721, -18.146], [177.381, -18.129]]], "type": "Polygon"}, "properties": {"name": "Fiji"}}, {"type": "Feature", "geometry": {"coordinates": [[[-67.299, -17.545], [-67.059, -17.794], [-67.065, -18.501], [-67.144, -19.288], [-67.109, -19.411], [-68.528, -19.441], [-68.916, -19.086], [-69.138, -18.193], [-68.606, -17.838], [-67.299, -17.545]]], "type": "Polygon"}, "properties": {"name": "Oruro"}}, {"type": "Feature", "geometry": {"coordinates": [[[-70.304, -18.501], [-69.499, -17.594], [-69.138, -18.193], [-68.916, -19.086], [-70.038, -19.957], [-70.187, -19.499], [-70.304, -18.501]]], "type": "Polygon"}, "properties": {"name": "Arica"}}, {"type": "Feature", "geometry": {"coordinates": [[[-43.971, -18.231], [-43.685, -17.741], [-43.381, -18.048], [-42.858, -18.89], [-43.589, -19.847], [-43.646, -21.238], [-45.96, -20.52], [-46.324, -18.91], [-45.215, -18.036], [-43.971, -18.231]]], "type": "Polygon"}, "properties": {"name": "Minas Gerais"}}, {"type": "Feature", "geometry": {"coordinates": [[[23.65, -18.302], [25.073, -17.719], [25.279, -17.833], [25.992, -19.203], [25.231, -19.428], [25.326, -21.096], [24.627, -21.349], [22.366, -20.971], [20.964, -20.958], [20.983, -18.375], [23.65, -18.302]]], "type": "Polygon"}, "properties": {"name": "Ngamiland"}}, {"type": "Feature", "geometry": {"coordinates": [[[25.279, -17.833], [26.951, -18.07], [28.689, -18.9], [29.235, -20.452], [30.828, -21.564], [30.783, -22.255], [29.335, -22.016], [27.926, -21.316], [27.403, -20.344], [25.992, -19.203], [25.279, -17.833]]], "type": "Polygon"}, "properties": {"name": "Matabeleland"}}, {"type": "Feature", "geometry": {"coordinates": [[[29.847, -18.028], [30.561, -18.129], [31.85, -18.547], [32.047, -19.112], [31.2, -20.047], [29.072, -19.022], [29.847, -18.028]]], "type": "Polygon"}, "properties": {"name": "Buhera"}}, {"type": "Feature", "geometry": {"coordinates": [[[32.969, -19.834], [35.373, -18.037], [35.821, -18.888], [34.62, -19.791], [34.936, -20.966], [33.65, -21.286], [32.465, -20.731], [32.969, -19.834]]], "type": "Polygon"}, "properties": {"name": "Sofala"}}, {"type": "Feature", "geometry": {"coordinates": [[[128.618, -18.559], [129.713, -17.999], [130.634, -19.759], [131.951, -21.556], [130.324, -23.447], [129.648, -24.844], [130.093, -26.276], [130.318, -27.394], [129.273, -28.479], [128.152, -27.714], [126.378, -27.392], [125.891, -26.654], [125.187, -25.948], [123.972, -26.043], [123.33, -25.465], [122.377, -25.048], [122.071, -24.153], [121.169, -23.305], [123.139, -21.655], [125.169, -20.107], [126.802, -19.032], [128.618, -18.559]]], "type": "Polygon"}, "properties": {"name": "Western Australia"}}, {"type": "Feature", "geometry": {"coordinates": [[[137.158, -18.162], [137.734, -18.025], [139.344, -18.472], [141.413, -19.508], [142.218, -22.139], [140.815, -24.014], [140.058, -24.496], [138.92, -23.467], [137.444, -23.229], [136.444, -22.665], [135.188, -21.763], [136.124, -20.054], [137.158, -18.162]]], "type": "Polygon"}, "properties": {"name": "Warluwarra"}}, {"type": "Feature", "geometry": {"coordinates": [[[-66.149, -18.103], [-64.907, -18.61], [-64.254, -18.97], [-65.271, -19.948], [-66.695, -19.176], [-66.955, -18.888], [-66.149, -18.103]]], "type": "Polygon"}, "properties": {"name": "Caracara"}}, {"type": "Feature", "geometry": {"coordinates": [[[-41.833, -18.886], [-40.853, -18.178], [-39.879, -18.658], [-39.765, -19.112], [-41.124, -21.506], [-42.428, -21.125], [-41.833, -18.886]]], "type": "Polygon"}, "properties": {"name": "Espirito Santo"}}, {"type": "Feature", "geometry": {"coordinates": [[[-58.107, -20.237], [-57.541, -18.249], [-55.507, -18.472], [-55.442, -20.983], [-55.822, -22.263], [-56.096, -22.271], [-57.96, -22.178], [-58.107, -20.237]]], "type": "Polygon"}, "properties": {"name": "Corumba"}}, {"type": "Feature", "geometry": {"coordinates": [[[-48.252, -18.476], [-46.756, -18.302], [-46.324, -18.91], [-45.96, -20.52], [-47.425, -20.398], [-47.388, -21.096], [-47.503, -20.37], [-48.757, -20.543], [-50.311, -19.909], [-51.302, -20.296], [-51.347, -19.822], [-49.452, -18.832], [-48.252, -18.476]]], "type": "Polygon"}, "properties": {"name": "Araxas"}}, {"type": "Feature", "geometry": {"coordinates": [[[-52.813, -18.744], [-52.249, -19.319], [-51.347, -19.822], [-51.302, -20.296], [-53.152, -22.644], [-54.253, -24.038], [-55.513, -23.94], [-56.096, -22.271], [-55.822, -22.263], [-55.442, -20.983], [-53.173, -20.181], [-52.813, -18.744]]], "type": "Polygon"}, "properties": {"name": "Ofaie"}}, {"type": "Feature", "geometry": {"coordinates": [[[144.745, -19.729], [146.201, -18.715], [147.62, -19.738], [148.747, -20.26], [148.673, -20.691], [149.478, -22.355], [149.333, -22.816], [147.123, -22.968], [146.69, -21.906], [145.245, -20.738], [144.715, -19.788], [144.286, -19.674], [144.745, -19.729]]], "type": "Polygon"}, "properties": {"name": "Biri"}}, {"type": "Feature", "geometry": {"coordinates": [[[-42.858, -18.89], [-41.833, -18.886], [-42.428, -21.125], [-43.057, -21.651], [-43.539, -21.678], [-43.646, -21.238], [-43.589, -19.847], [-42.858, -18.89]]], "type": "Polygon"}, "properties": {"name": "Vila Rica"}}, {"type": "Feature", "geometry": {"coordinates": [[[-64.254, -18.97], [-64.007, -19.176], [-63.126, -18.951], [-62.844, -20.59], [-65.48, -20.686], [-65.271, -19.948], [-64.254, -18.97]]], "type": "Polygon"}, "properties": {"name": "Sucre"}}, {"type": "Feature", "geometry": {"coordinates": [[[28.689, -18.9], [29.072, -19.022], [31.2, -20.047], [30.828, -21.564], [29.235, -20.452], [28.689, -18.9]]], "type": "Polygon"}, "properties": {"name": "Zimbabwe"}}, {"type": "Feature", "geometry": {"coordinates": [[[32.047, -19.112], [32.671, -18.974], [32.969, -19.834], [32.465, -20.731], [31.253, -22.292], [30.783, -22.255], [30.828, -21.564], [31.2, -20.047], [32.047, -19.112]]], "type": "Polygon"}, "properties": {"name": "Uteve"}}, {"type": "Feature", "geometry": {"coordinates": [[[-70.038, -19.957], [-68.916, -19.086], [-68.528, -19.441], [-68.768, -20.48], [-70.072, -21.714], [-70.187, -19.499], [-70.038, -19.957]]], "type": "Polygon"}, "properties": {"name": "Iquique"}}, {"type": "Feature", "geometry": {"coordinates": [[[-67.144, -19.288], [-66.695, -19.176], [-65.271, -19.948], [-65.48, -20.686], [-65.504, -20.945], [-65.504, -20.391], [-67.126, -21.007], [-67.109, -19.411], [-67.144, -19.288]]], "type": "Polygon"}, "properties": {"name": "Potosi"}}, {"type": "Feature", "geometry": {"coordinates": [[[25.231, -19.428], [25.992, -19.203], [27.403, -20.344], [27.926, -21.316], [29.335, -22.016], [27.362, -23.224], [24.527, -22.362], [24.627, -21.349], [25.326, -21.096], [25.231, -19.428]]], "type": "Polygon"}, "properties": {"name": "Kalanga"}}, {"type": "Feature", "geometry": {"coordinates": [[[141.413, -19.508], [143.125, -19.267], [144.286, -19.674], [144.715, -19.788], [145.245, -20.738], [146.69, -21.906], [147.123, -22.968], [145.638, -24.018], [144.36, -23.779], [143.475, -22.774], [142.218, -22.139], [141.413, -19.508]]], "type": "Polygon"}, "properties": {"name": "Yirandali"}}, {"type": "Feature", "geometry": {"coordinates": [[[-68.528, -19.441], [-67.109, -19.411], [-67.126, -21.007], [-68.125, -21.69], [-68.768, -20.48], [-68.528, -19.441]]], "type": "Polygon"}, "properties": {"name": "Quillacas"}}, {"type": "Feature", "geometry": {"coordinates": [[[-61.695, -19.702], [-58.625, -19.626], [-58.107, -20.237], [-57.96, -22.178], [-57.98, -22.686], [-60.899, -22.007], [-62.335, -21.278], [-62.147, -20.428], [-61.695, -19.702]]], "type": "Polygon"}, "properties": {"name": "Chaco Boreal"}}, {"type": "Feature", "geometry": {"coordinates": [[[119.253, -19.987], [121.289, -19.432], [121.998, -20.968], [123.139, -21.655], [121.169, -23.305], [119.088, -24.517], [117.737, -24.584], [116.192, -22.82], [114.717, -21.932], [116.648, -20.714], [117.994, -20.526], [118.617, -20.312], [119.253, -19.987]]], "type": "Polygon"}, "properties": {"name": "Nyamal"}}, {"type": "Feature", "geometry": {"coordinates": [[[-51.302, -20.296], [-50.311, -19.909], [-48.757, -20.543], [-48.913, -21.74], [-49.867, -22.95], [-51.084, -22.82], [-53.152, -22.644], [-51.302, -20.296]]], "type": "Polygon"}, "properties": {"name": "Araquara"}}, {"type": "Feature", "geometry": {"coordinates": [[[164.06, -20.37], [165.163, -20.863], [166.949, -22.19], [167.063, -22.438], [164.06, -20.37]]], "type": "Polygon"}, "properties": {"name": "New Caledonia"}}, {"type": "Feature", "geometry": {"coordinates": [[[-67.126, -21.007], [-65.504, -20.391], [-65.504, -20.945], [-66.207, -21.87], [-67.675, -22.907], [-67.814, -22.934], [-68.125, -21.69], [-67.126, -21.007]]], "type": "Polygon"}, "properties": {"name": "Chichas"}}, {"type": "Feature", "geometry": {"coordinates": [[[-62.844, -20.59], [-62.147, -20.428], [-62.335, -21.278], [-62.638, -22.257], [-63.949, -22.042], [-64.298, -22.707], [-66.207, -21.87], [-65.504, -20.945], [-65.48, -20.686], [-62.844, -20.59]]], "type": "Polygon"}, "properties": {"name": "Tarija"}}, {"type": "Feature", "geometry": {"coordinates": [[[-48.757, -20.543], [-47.503, -20.37], [-47.388, -21.096], [-47.065, -22.554], [-49.618, -24.109], [-49.867, -22.95], [-48.913, -21.74], [-48.757, -20.543]]], "type": "Polygon"}, "properties": {"name": "Campinas"}}, {"type": "Feature", "geometry": {"coordinates": [[[-47.425, -20.398], [-45.96, -20.52], [-43.646, -21.238], [-43.539, -21.678], [-44.624, -22.113], [-44.563, -22.415], [-44.641, -22.146], [-46.505, -22.722], [-47.065, -22.554], [-47.388, -21.096], [-47.425, -20.398]]], "type": "Polygon"}, "properties": {"name": "Sao Joao del Rel"}}, {"type": "Feature", "geometry": {"coordinates": [[[-68.768, -20.48], [-68.125, -21.69], [-67.814, -22.934], [-68.507, -23.123], [-70.208, -22.635], [-70.072, -21.714], [-68.768, -20.48]]], "type": "Polygon"}, "properties": {"name": "Calama"}}, {"type": "Feature", "geometry": {"coordinates": [[[54.965, -21.083], [55.399, -20.528], [55.55, -21.124], [54.965, -21.083]]], "type": "Polygon"}, "properties": {"name": "Réunion"}}, {"type": "Feature", "geometry": {"coordinates": [[[31.253, -22.292], [32.465, -20.731], [33.65, -21.286], [34.936, -20.966], [35.392, -23.321], [31.56, -23.443], [31.253, -22.292]]], "type": "Polygon"}, "properties": {"name": "Inhambane"}}, {"type": "Feature", "geometry": {"coordinates": [[[20.964, -20.958], [22.366, -20.971], [24.627, -21.349], [24.527, -22.362], [24.214, -23.714], [23.14, -24.274], [22.879, -25.188], [21.699, -26.818], [20.614, -26.815], [20.607, -25.421], [19.96, -24.672], [19.987, -21.919], [20.447, -21.906], [20.944, -21.894], [20.964, -20.958]]], "type": "Polygon"}, "properties": {"name": "Kalahari"}}, {"type": "Feature", "geometry": {"coordinates": [[[19.104, -20.962], [19.811, -20.958], [20.447, -21.906], [19.987, -21.919], [19.96, -24.672], [19.946, -25.682], [18.783, -24.919], [16.769, -24.791], [16.758, -24.31], [15.632, -21.784], [16.997, -21.269], [18.406, -21.544], [19.104, -20.962]]], "type": "Polygon"}, "properties": {"name": "Damaraland"}}, {"type": "Feature", "geometry": {"coordinates": [[[-42.428, -21.125], [-41.124, -21.506], [-41.038, -22.045], [-42.168, -22.951], [-43.241, -22.959], [-43.057, -21.651], [-42.428, -21.125]]], "type": "Polygon"}, "properties": {"name": "Sao Tome"}}, {"type": "Feature", "geometry": {"coordinates": [[[-62.638, -22.257], [-62.335, -21.278], [-60.899, -22.007], [-57.98, -22.686], [-57.294, -24.126], [-58.191, -25.018], [-59.426, -24.428], [-61.232, -23.637], [-62.069, -22.91], [-62.638, -22.257]]], "type": "Polygon"}, "properties": {"name": "Melodia"}}, {"type": "Feature", "geometry": {"coordinates": [[[131.951, -21.556], [135.188, -21.763], [136.444, -22.665], [135.303, -24.522], [134.642, -25.71], [132.868, -26.361], [131.44, -25.934], [130.093, -26.276], [129.648, -24.844], [130.324, -23.447], [131.951, -21.556]]], "type": "Polygon"}, "properties": {"name": "Uluru"}}, {"type": "Feature", "geometry": {"coordinates": [[[-44.624, -22.113], [-43.539, -21.678], [-43.057, -21.651], [-43.241, -22.959], [-44.442, -23.046], [-44.563, -22.415], [-44.624, -22.113]]], "type": "Polygon"}, "properties": {"name": "Rio de Janeiro"}}, {"type": "Feature", "geometry": {"coordinates": [[[-67.675, -22.907], [-66.207, -21.87], [-64.298, -22.707], [-64.005, -23.466], [-65.96, -23.654], [-65.944, -24.09], [-65.94, -24.522], [-67.401, -24.105], [-67.099, -22.89], [-67.675, -22.907]]], "type": "Polygon"}, "properties": {"name": "Santa Catalina"}}, {"type": "Feature", "geometry": {"coordinates": [[[114.139, -22.582], [114.717, -21.932], [116.192, -22.82], [117.737, -24.584], [117.967, -25.639], [117.719, -27.137], [118.379, -28.928], [117.792, -29.754], [117.795, -29.589], [115.08, -29.898], [114.25, -28.125], [113.603, -26.741], [114.291, -26.392], [113.478, -24.24], [113.824, -22.93], [114.061, -21.978], [114.139, -22.582]]], "type": "Polygon"}, "properties": {"name": "Watjarri"}}, {"type": "Feature", "geometry": {"coordinates": [[[-63.949, -22.042], [-62.638, -22.257], [-62.069, -22.91], [-62.239, -23.322], [-62.103, -23.71], [-62.563, -24.132], [-63.883, -25.07], [-64.543, -25.258], [-65.47, -25.046], [-65.944, -24.09], [-65.96, -23.654], [-64.005, -23.466], [-64.298, -22.707], [-63.949, -22.042]]], "type": "Polygon"}, "properties": {"name": "Jujuy"}}, {"type": "Feature", "geometry": {"coordinates": [[[29.335, -22.016], [30.783, -22.255], [31.253, -22.292], [31.56, -23.443], [31.869, -24.212], [29.595, -25.009], [28.197, -24.429], [26.84, -23.954], [27.362, -23.224], [29.335, -22.016]]], "type": "Polygon"}, "properties": {"name": "Limpopo"}}, {"type": "Feature", "geometry": {"coordinates": [[[-57.96, -22.178], [-56.096, -22.271], [-55.513, -23.94], [-57.294, -24.126], [-57.98, -22.686], [-57.96, -22.178]]], "type": "Polygon"}, "properties": {"name": "Concepcion"}}, {"type": "Feature", "geometry": {"coordinates": [[[-46.505, -22.722], [-44.641, -22.146], [-44.563, -22.415], [-44.442, -23.046], [-45.437, -23.686], [-46.505, -22.722]]], "type": "Polygon"}, "properties": {"name": "Santo Amaro"}}, {"type": "Feature", "geometry": {"coordinates": [[[142.218, -22.139], [143.475, -22.774], [144.36, -23.779], [145.638, -24.018], [147.052, -26.007], [145.871, -27.668], [143.451, -26.666], [141.893, -25.884], [140.022, -25.638], [140.058, -24.496], [140.815, -24.014], [142.218, -22.139]]], "type": "Polygon"}, "properties": {"name": "Kuungkari"}}, {"type": "Feature", "geometry": {"coordinates": [[[149.834, -22.442], [150.669, -22.526], [150.801, -23.417], [151.801, -24.189], [152.799, -25.463], [153.308, -24.722], [152.939, -25.851], [150.836, -26.143], [150.293, -24.553], [149.333, -22.816], [149.478, -22.355], [149.834, -22.442]]], "type": "Polygon"}, "properties": {"name": "Gubbi Gubbi"}}, {"type": "Feature", "geometry": {"coordinates": [[[24.214, -23.714], [24.527, -22.362], [27.362, -23.224], [26.84, -23.954], [25.844, -24.804], [25.604, -25.532], [22.879, -25.188], [23.14, -24.274], [24.214, -23.714]]], "type": "Polygon"}, "properties": {"name": "Botswana"}}, {"type": "Feature", "geometry": {"coordinates": [[[-47.065, -22.554], [-46.505, -22.722], [-45.437, -23.686], [-45.356, -23.784], [-46.446, -24.015], [-47.85, -24.871], [-49.567, -24.388], [-49.618, -24.109], [-47.065, -22.554]]], "type": "Polygon"}, "properties": {"name": "Sao Vicente"}}, {"type": "Feature", "geometry": {"coordinates": [[[-70.208, -22.635], [-68.507, -23.123], [-67.814, -22.934], [-67.675, -22.907], [-67.099, -22.89], [-67.401, -24.105], [-67.524, -24.113], [-70.381, -24.085], [-70.418, -24.083], [-70.541, -23.577], [-70.208, -22.635]]], "type": "Polygon"}, "properties": {"name": "Atacama"}}, {"type": "Feature", "geometry": {"coordinates": [[[-54.253, -24.038], [-53.152, -22.644], [-51.084, -22.82], [-51.924, -23.502], [-51.897, -24.354], [-51.337, -25.128], [-51.412, -26.177], [-53.812, -25.689], [-54.572, -25.504], [-54.44, -24.722], [-54.253, -24.038]]], "type": "Polygon"}, "properties": {"name": "Guayra"}}, {"type": "Feature", "geometry": {"coordinates": [[[136.444, -22.665], [137.444, -23.229], [138.92, -23.467], [140.058, -24.496], [140.022, -25.638], [139.933, -26.758], [139.769, -28.414], [138.668, -29.404], [137.987, -30.566], [137.475, -30.39], [137.634, -31.126], [137.084, -31.826], [136.36, -31.828], [136.179, -31.168], [135.615, -31.027], [135.79, -31.59], [135.239, -31.084], [134.968, -31.418], [134.682, -31.301], [133.252, -30.64], [130.197, -30.197], [129.273, -28.479], [130.318, -27.394], [130.093, -26.276], [131.44, -25.934], [132.868, -26.361], [134.642, -25.71], [135.303, -24.522], [136.444, -22.665]]], "type": "Polygon"}, "properties": {"name": "Central Australia"}}, {"type": "Feature", "geometry": {"coordinates": [[[-51.084, -22.82], [-49.867, -22.95], [-49.618, -24.109], [-49.567, -24.388], [-50.383, -26], [-51.412, -26.177], [-51.337, -25.128], [-51.897, -24.354], [-51.924, -23.502], [-51.084, -22.82]]], "type": "Polygon"}, "properties": {"name": "Castro"}}, {"type": "Feature", "geometry": {"coordinates": [[[147.123, -22.968], [149.333, -22.816], [150.293, -24.553], [150.836, -26.143], [150.523, -26.37], [148.701, -26.157], [147.052, -26.007], [145.638, -24.018], [147.123, -22.968]]], "type": "Polygon"}, "properties": {"name": "Barunggam"}}, {"type": "Feature", "geometry": {"coordinates": [[[-62.069, -22.91], [-61.232, -23.637], [-59.426, -24.428], [-58.191, -25.018], [-57.617, -25.479], [-58.493, -26.966], [-61.062, -25.241], [-62.563, -24.132], [-62.103, -23.71], [-62.239, -23.322], [-62.069, -22.91]]], "type": "Polygon"}, "properties": {"name": "Chaco Central"}}, {"type": "Feature", "geometry": {"coordinates": [[[31.56, -23.443], [35.392, -23.321], [35.169, -24.312], [33.003, -25.295], [32.449, -25.971], [32.781, -26.809], [31.992, -26.781], [31.905, -25.753], [31.869, -24.212], [31.56, -23.443]]], "type": "Polygon"}, "properties": {"name": "Delagoa Bay"}}, {"type": "Feature", "geometry": {"coordinates": [[[119.088, -24.517], [121.169, -23.305], [122.071, -24.153], [122.377, -25.048], [123.33, -25.465], [123.972, -26.043], [125.187, -25.948], [125.891, -26.654], [126.378, -27.392], [128.152, -27.714], [129.273, -28.479], [130.197, -30.197], [127.225, -30.359], [124.548, -30.965], [124.252, -30.55], [121.992, -29.144], [120.302, -29.248], [118.379, -28.928], [117.719, -27.137], [117.967, -25.639], [117.737, -24.584], [119.088, -24.517]]], "type": "Polygon"}, "properties": {"name": "Wawula"}}, {"type": "Feature", "geometry": {"coordinates": [[[-57.294, -24.126], [-55.513, -23.94], [-54.253, -24.038], [-54.44, -24.722], [-56.128, -25.516], [-57.617, -25.479], [-58.191, -25.018], [-57.294, -24.126]]], "type": "Polygon"}, "properties": {"name": "Itenines"}}, {"type": "Feature", "geometry": {"coordinates": [[[26.84, -23.954], [28.197, -24.429], [29.595, -25.009], [29.388, -26.387], [29.164, -27.057], [26.871, -26.93], [25.604, -25.532], [25.844, -24.804], [26.84, -23.954]]], "type": "Polygon"}, "properties": {"name": "Gauteng"}}, {"type": "Feature", "geometry": {"coordinates": [[[-70.381, -24.085], [-67.524, -24.113], [-68.28, -24.442], [-68.54, -25.882], [-68.466, -27.023], [-68.973, -27.989], [-69.245, -28.416], [-70.901, -27.9], [-70.592, -26.888], [-70.484, -25.889], [-70.381, -24.085]]], "type": "Polygon"}, "properties": {"name": "Copiapo"}}, {"type": "Feature", "geometry": {"coordinates": [[[-67.524, -24.113], [-67.401, -24.105], [-65.94, -24.522], [-65.944, -24.09], [-65.47, -25.046], [-64.543, -25.258], [-65.043, -27.704], [-65.274, -29.745], [-65.305, -29.763], [-65.311, -28.499], [-66.083, -28.224], [-66.374, -27.014], [-67.56, -25.905], [-68.54, -25.882], [-68.28, -24.442], [-67.524, -24.113]]], "type": "Polygon"}, "properties": {"name": "Tucuman"}}, {"type": "Feature", "geometry": {"coordinates": [[[-63.883, -25.07], [-62.563, -24.132], [-61.062, -25.241], [-63.083, -27.865], [-63.544, -27.29], [-63.883, -25.07]]], "type": "Polygon"}, "properties": {"name": "Matara"}}, {"type": "Feature", "geometry": {"coordinates": [[[29.595, -25.009], [31.869, -24.212], [31.905, -25.753], [30.965, -26.009], [31.004, -27.229], [30.304, -28.46], [29.716, -27.827], [29.164, -27.057], [29.388, -26.387], [29.595, -25.009]]], "type": "Polygon"}, "properties": {"name": "Mpumalanga"}}, {"type": "Feature", "geometry": {"coordinates": [[[-50.383, -26], [-49.567, -24.388], [-47.85, -24.871], [-48.643, -25.822], [-50.383, -26]]], "type": "Polygon"}, "properties": {"name": "Santana"}}, {"type": "Feature", "geometry": {"coordinates": [[[16.769, -24.791], [18.783, -24.919], [19.946, -25.682], [19.912, -28.342], [19.003, -28.932], [17.705, -28.764], [17.029, -28.077], [16.338, -28.575], [14.907, -25.972], [16.765, -26.038], [16.769, -24.791]]], "type": "Polygon"}, "properties": {"name": "Karas"}}, {"type": "Feature", "geometry": {"coordinates": [[[-56.128, -25.516], [-54.44, -24.722], [-54.572, -25.504], [-56.583, -27.537], [-56.949, -27.486], [-56.128, -25.516]]], "type": "Polygon"}, "properties": {"name": "Itapua"}}, {"type": "Feature", "geometry": {"coordinates": [[[19.96, -24.672], [20.607, -25.421], [20.614, -26.815], [21.699, -26.818], [22.016, -27.862], [22.581, -28.701], [22.953, -29.865], [22.393, -29.936], [19.345, -30.086], [19.003, -28.932], [19.912, -28.342], [19.946, -25.682], [19.96, -24.672]]], "type": "Polygon"}, "properties": {"name": "Khoikhoi"}}, {"type": "Feature", "geometry": {"coordinates": [[[-64.543, -25.258], [-63.883, -25.07], [-63.544, -27.29], [-63.083, -27.865], [-61.831, -30.135], [-63.809, -30.007], [-65.274, -29.745], [-65.043, -27.704], [-64.543, -25.258]]], "type": "Polygon"}, "properties": {"name": "Santiago del Estero"}}, {"type": "Feature", "geometry": {"coordinates": [[[-61.062, -25.241], [-58.493, -26.966], [-58.656, -27.231], [-59.401, -29.262], [-59.79, -30.034], [-61.45, -30.464], [-61.831, -30.135], [-63.083, -27.865], [-61.062, -25.241]]], "type": "Polygon"}, "properties": {"name": "Chaco Austral"}}, {"type": "Feature", "geometry": {"coordinates": [[[21.699, -26.818], [22.879, -25.188], [25.604, -25.532], [26.871, -26.93], [26.217, -27.553], [24.957, -28.07], [24.297, -29.646], [22.953, -29.865], [22.581, -28.701], [22.016, -27.862], [21.699, -26.818]]], "type": "Polygon"}, "properties": {"name": "Griqualand"}}, {"type": "Feature", "geometry": {"coordinates": [[[-57.617, -25.479], [-56.128, -25.516], [-56.949, -27.486], [-58.656, -27.231], [-58.493, -26.966], [-57.617, -25.479]]], "type": "Polygon"}, "properties": {"name": "Santiago"}}, {"type": "Feature", "geometry": {"coordinates": [[[-54.572, -25.504], [-53.812, -25.689], [-53.74, -27.132], [-55.049, -27.822], [-55.761, -28.329], [-56.583, -27.537], [-54.572, -25.504]]], "type": "Polygon"}, "properties": {"name": "Misiones"}}, {"type": "Feature", "geometry": {"coordinates": [[[140.022, -25.638], [141.893, -25.884], [143.451, -26.666], [145.871, -27.668], [145.43, -29.388], [143.877, -30.549], [142.277, -29.902], [140.76, -28.526], [139.769, -28.414], [139.933, -26.758], [140.022, -25.638]]], "type": "Polygon"}, "properties": {"name": "Wangkumara"}}, {"type": "Feature", "geometry": {"coordinates": [[[-68.54, -25.882], [-67.56, -25.905], [-66.374, -27.014], [-66.083, -28.224], [-65.311, -28.499], [-65.305, -29.763], [-66.059, -29.809], [-67.109, -28.985], [-68.973, -27.989], [-68.466, -27.023], [-68.54, -25.882]]], "type": "Polygon"}, "properties": {"name": "Catamarca"}}, {"type": "Feature", "geometry": {"coordinates": [[[-53.812, -25.689], [-51.412, -26.177], [-50.383, -26], [-48.643, -25.822], [-48.74, -26.2], [-48.956, -27.155], [-49.655, -29.207], [-50.085, -28.505], [-53.74, -27.132], [-53.812, -25.689]]], "type": "Polygon"}, "properties": {"name": "Santa Catarina"}}, {"type": "Feature", "geometry": {"coordinates": [[[30.965, -26.009], [31.905, -25.753], [31.992, -26.781], [31.816, -27.283], [31.004, -27.229], [30.965, -26.009]]], "type": "Polygon"}, "properties": {"name": "Swaziland"}}, {"type": "Feature", "geometry": {"coordinates": [[[150.836, -26.143], [152.939, -25.851], [153.022, -27.294], [153.346, -27.634], [153.499, -28.636], [152.905, -30.724], [150.645, -29.941], [149.993, -28.133], [150.523, -26.37], [150.836, -26.143]]], "type": "Polygon"}, "properties": {"name": "Bundjalung"}}, {"type": "Feature", "geometry": {"coordinates": [[[147.052, -26.007], [148.701, -26.157], [150.523, -26.37], [149.993, -28.133], [150.645, -29.941], [150.276, -30.493], [148.311, -30.658], [147.136, -31.192], [144.91, -31.792], [143.877, -30.549], [145.43, -29.388], [145.871, -27.668], [147.052, -26.007]]], "type": "Polygon"}, "properties": {"name": "Kamilaroi"}}, {"type": "Feature", "geometry": {"coordinates": [[[31.992, -26.781], [32.781, -26.809], [31.401, -29.235], [30.304, -28.46], [31.004, -27.229], [31.816, -27.283], [31.992, -26.781]]], "type": "Polygon"}, "properties": {"name": "Zululand"}}, {"type": "Feature", "geometry": {"coordinates": [[[26.871, -26.93], [29.164, -27.057], [29.716, -27.827], [28.848, -28.744], [28.309, -28.626], [27.035, -29.752], [27.349, -30.331], [26.63, -30.753], [26.182, -30.469], [25.296, -30.51], [24.297, -29.646], [24.957, -28.07], [26.217, -27.553], [26.871, -26.93]]], "type": "Polygon"}, "properties": {"name": "Highveld"}}, {"type": "Feature", "geometry": {"coordinates": [[[-55.049, -27.822], [-53.74, -27.132], [-50.085, -28.505], [-51.528, -29.55], [-52.983, -29.73], [-53.194, -29.563], [-54.699, -29.312], [-55.049, -27.822]]], "type": "Polygon"}, "properties": {"name": "Tape"}}, {"type": "Feature", "geometry": {"coordinates": [[[-59.401, -29.262], [-58.656, -27.231], [-56.949, -27.486], [-56.583, -27.537], [-55.761, -28.329], [-56.59, -29.193], [-58.661, -29.457], [-59.401, -29.262]]], "type": "Polygon"}, "properties": {"name": "Corrientes"}}, {"type": "Feature", "geometry": {"coordinates": [[[-70.901, -27.9], [-69.245, -28.416], [-69.808, -29.61], [-70.268, -31.04], [-70.702, -32.093], [-71.743, -32.006], [-71.523, -30.785], [-71.272, -29.074], [-70.901, -27.9]]], "type": "Polygon"}, "properties": {"name": "Coquimbo"}}, {"type": "Feature", "geometry": {"coordinates": [[[-55.761, -28.329], [-55.049, -27.822], [-54.699, -29.312], [-53.194, -29.563], [-52.983, -29.73], [-53.865, -32.454], [-54.518, -32.026], [-55.877, -31.295], [-57.63, -30.32], [-56.59, -29.193], [-55.761, -28.329]]], "type": "Polygon"}, "properties": {"name": "Santa Tecla"}}, {"type": "Feature", "geometry": {"coordinates": [[[28.848, -28.744], [29.716, -27.827], [30.304, -28.46], [31.401, -29.235], [30.347, -30.805], [29.14, -29.913], [29.309, -29.272], [28.848, -28.744]]], "type": "Polygon"}, "properties": {"name": "Natal"}}, {"type": "Feature", "geometry": {"coordinates": [[[-69.245, -28.416], [-68.973, -27.989], [-67.109, -28.985], [-66.059, -29.809], [-67.175, -31.196], [-67.658, -30.361], [-69.808, -29.61], [-69.245, -28.416]]], "type": "Polygon"}, "properties": {"name": "La Rioja"}}, {"type": "Feature", "geometry": {"coordinates": [[[16.338, -28.575], [17.029, -28.077], [17.705, -28.764], [19.003, -28.932], [19.345, -30.086], [19.4, -30.971], [19.504, -32.773], [18.291, -33.539], [17.822, -32.919], [18.305, -32.627], [17.218, -30.29], [16.338, -28.575]]], "type": "Polygon"}, "properties": {"name": "Lesser Namaqualand"}}, {"type": "Feature", "geometry": {"coordinates": [[[139.769, -28.414], [140.76, -28.526], [142.277, -29.902], [143.877, -30.549], [144.91, -31.792], [144.636, -32.399], [143.293, -32.999], [140.478, -33.824], [138.333, -32.601], [137.084, -31.826], [137.634, -31.126], [137.746, -31.739], [138.189, -30.637], [137.987, -30.566], [138.668, -29.404], [139.769, -28.414]]], "type": "Polygon"}, "properties": {"name": "Andyamathanha"}}, {"type": "Feature", "geometry": {"coordinates": [[[-50.085, -28.505], [-49.655, -29.207], [-51.753, -31.962], [-50.881, -30.666], [-51.46, -30.674], [-52.139, -31.694], [-52.592, -32.765], [-53.701, -34.022], [-53.523, -32.871], [-53.865, -32.454], [-52.983, -29.73], [-51.528, -29.55], [-50.085, -28.505]]], "type": "Polygon"}, "properties": {"name": "Patos"}}, {"type": "Feature", "geometry": {"coordinates": [[[27.035, -29.752], [28.309, -28.626], [28.848, -28.744], [29.309, -29.272], [29.14, -29.913], [27.83, -30.666], [27.349, -30.331], [27.035, -29.752]]], "type": "Polygon"}, "properties": {"name": "Lesotho"}}, {"type": "Feature", "geometry": {"coordinates": [[[118.379, -28.928], [120.302, -29.248], [121.992, -29.144], [124.252, -30.55], [122.146, -31.559], [120.453, -31.816], [119.372, -32.228], [117.88, -30.62], [117.792, -29.754], [118.379, -28.928]]], "type": "Polygon"}, "properties": {"name": "Kalaamaya"}}, {"type": "Feature", "geometry": {"coordinates": [[[-58.661, -29.457], [-56.59, -29.193], [-57.63, -30.32], [-58.339, -30.747], [-58.42, -32.294], [-59.697, -31.261], [-59.79, -30.034], [-59.401, -29.262], [-58.661, -29.457]]], "type": "Polygon"}, "properties": {"name": "Yareyu"}}, {"type": "Feature", "geometry": {"coordinates": [[[-69.808, -29.61], [-67.658, -30.361], [-67.175, -31.196], [-67.131, -32.176], [-70.463, -32.3], [-70.702, -32.093], [-70.268, -31.04], [-69.808, -29.61]]], "type": "Polygon"}, "properties": {"name": "Cuyo"}}, {"type": "Feature", "geometry": {"coordinates": [[[22.953, -29.865], [24.297, -29.646], [25.296, -30.51], [26.182, -30.469], [26.63, -30.753], [26.299, -31.595], [25.172, -32.516], [24.547, -32.599], [24.194, -32.941], [21.999, -32.482], [22.393, -29.936], [22.953, -29.865]]], "type": "Polygon"}, "properties": {"name": "Great Karoo"}}, {"type": "Feature", "geometry": {"coordinates": [[[115.08, -29.898], [117.795, -29.589], [117.792, -29.754], [117.88, -30.62], [119.372, -32.228], [118.722, -33.447], [118.893, -34.431], [117.198, -35.019], [115.335, -34.206], [115.081, -33.751], [115.597, -33.659], [115.375, -30.969], [115.08, -29.898]]], "type": "Polygon"}, "properties": {"name": "Wadjuk"}}, {"type": "Feature", "geometry": {"coordinates": [[[-66.059, -29.809], [-65.305, -29.763], [-65.274, -29.745], [-63.809, -30.007], [-65.212, -31.823], [-65.041, -32.771], [-66.973, -32.417], [-67.131, -32.176], [-67.175, -31.196], [-66.059, -29.809]]], "type": "Polygon"}, "properties": {"name": "Chepes"}}, {"type": "Feature", "geometry": {"coordinates": [[[19.345, -30.086], [22.393, -29.936], [21.999, -32.482], [21.792, -32.887], [19.504, -32.773], [19.4, -30.971], [19.345, -30.086]]], "type": "Polygon"}, "properties": {"name": "Roggeveld"}}, {"type": "Feature", "geometry": {"coordinates": [[[27.83, -30.666], [29.14, -29.913], [30.347, -30.805], [27.751, -33.087], [26.299, -31.595], [26.63, -30.753], [27.349, -30.331], [27.83, -30.666]]], "type": "Polygon"}, "properties": {"name": "Transkei"}}, {"type": "Feature", "geometry": {"coordinates": [[[-63.809, -30.007], [-61.831, -30.135], [-61.45, -30.464], [-61.838, -32.498], [-62.288, -33.164], [-64.883, -33.239], [-65.041, -32.771], [-65.212, -31.823], [-63.809, -30.007]]], "type": "Polygon"}, "properties": {"name": "Quisquiscate"}}, {"type": "Feature", "geometry": {"coordinates": [[[150.276, -30.493], [150.645, -29.941], [152.905, -30.724], [152.525, -32.178], [151.405, -33.473], [150.751, -34.873], [149.357, -34.509], [150.428, -32.779], [150.339, -32.078], [150.65, -30.751], [150.276, -30.493]]], "type": "Polygon"}, "properties": {"name": "Eora"}}, {"type": "Feature", "geometry": {"coordinates": [[[-61.45, -30.464], [-59.79, -30.034], [-59.697, -31.261], [-58.42, -32.294], [-58.296, -32.722], [-58.255, -32.96], [-58.345, -33.795], [-58.474, -33.826], [-58.958, -33.729], [-60.061, -32.896], [-61.838, -32.498], [-61.45, -30.464]]], "type": "Polygon"}, "properties": {"name": "Parana"}}, {"type": "Feature", "geometry": {"coordinates": [[[130.197, -30.197], [133.252, -30.64], [134.682, -31.301], [133.746, -32.253], [132.284, -32.035], [131.202, -31.62], [129.321, -31.733], [127.228, -32.301], [125.736, -32.466], [125.238, -32.661], [124.548, -30.965], [127.225, -30.359], [130.197, -30.197]]], "type": "Polygon"}, "properties": {"name": "Nullarbor"}}, {"type": "Feature", "geometry": {"coordinates": [[[-58.339, -30.747], [-57.63, -30.32], [-55.877, -31.295], [-54.518, -32.026], [-54.878, -32.276], [-55.26, -32.238], [-57.178, -31.992], [-58.296, -32.722], [-58.42, -32.294], [-58.339, -30.747]]], "type": "Polygon"}, "properties": {"name": "Salto"}}, {"type": "Feature", "geometry": {"coordinates": [[[148.311, -30.658], [150.276, -30.493], [150.65, -30.751], [150.339, -32.078], [150.428, -32.779], [149.357, -34.509], [148.212, -35.388], [147.527, -33.964], [146.252, -33.753], [144.636, -32.399], [144.91, -31.792], [147.136, -31.192], [148.311, -30.658]]], "type": "Polygon"}, "properties": {"name": "Wiradjuri"}}, {"type": "Feature", "geometry": {"coordinates": [[[122.146, -31.559], [124.252, -30.55], [124.548, -30.965], [125.238, -32.661], [124.158, -33.067], [123.457, -33.872], [120.314, -33.894], [118.893, -34.431], [118.722, -33.447], [119.372, -32.228], [120.453, -31.816], [122.146, -31.559]]], "type": "Polygon"}, "properties": {"name": "Wudjari"}}, {"type": "Feature", "geometry": {"coordinates": [[[133.746, -32.253], [134.682, -31.301], [134.968, -31.418], [135.768, -31.625], [136.315, -32.221], [136.36, -31.828], [137.084, -31.826], [138.333, -32.601], [138.091, -32.91], [137.761, -32.795], [137.187, -33.662], [135.931, -34.999], [135.423, -34.742], [135.229, -34.067], [134.686, -33.254], [134.122, -33.012], [134.212, -32.65], [133.746, -32.253]]], "type": "Polygon"}, "properties": {"name": "Nawu"}}, {"type": "Feature", "geometry": {"coordinates": [[[25.172, -32.516], [26.299, -31.595], [27.751, -33.087], [25.807, -33.779], [25.45, -34.023], [24.194, -32.941], [24.547, -32.599], [25.172, -32.516]]], "type": "Polygon"}, "properties": {"name": "Graaff-Reinet"}}, {"type": "Feature", "geometry": {"coordinates": [[[-57.178, -31.992], [-55.26, -32.238], [-55.379, -32.777], [-54.958, -33.365], [-56.461, -33.936], [-56.677, -33.377], [-57.92, -33.453], [-58.255, -32.96], [-58.296, -32.722], [-57.178, -31.992]]], "type": "Polygon"}, "properties": {"name": "Uruguay"}}, {"type": "Feature", "geometry": {"coordinates": [[[-71.743, -32.006], [-70.702, -32.093], [-70.463, -32.3], [-70.23, -34.577], [-70.611, -35.864], [-72.157, -35.253], [-72.14, -33.748], [-71.743, -32.006]]], "type": "Polygon"}, "properties": {"name": "Pincunmapu"}}, {"type": "Feature", "geometry": {"coordinates": [[[-54.878, -32.276], [-54.518, -32.026], [-53.865, -32.454], [-53.523, -32.871], [-53.701, -34.022], [-54.504, -34.913], [-54.958, -33.365], [-55.379, -32.777], [-55.26, -32.238], [-54.878, -32.276]]], "type": "Polygon"}, "properties": {"name": "Banda Oriente"}}, {"type": "Feature", "geometry": {"coordinates": [[[-70.463, -32.3], [-67.131, -32.176], [-66.973, -32.417], [-66.063, -35.15], [-67.673, -35.258], [-68.953, -35.416], [-69.173, -35.07], [-70.23, -34.577], [-70.463, -32.3]]], "type": "Polygon"}, "properties": {"name": "Mendoza"}}, {"type": "Feature", "geometry": {"coordinates": [[[-66.973, -32.417], [-65.041, -32.771], [-64.883, -33.239], [-65.005, -35.164], [-65.438, -35.152], [-66.063, -35.15], [-66.973, -32.417]]], "type": "Polygon"}, "properties": {"name": "San Luis"}}, {"type": "Feature", "geometry": {"coordinates": [[[143.293, -32.999], [144.636, -32.399], [146.252, -33.753], [147.527, -33.964], [148.212, -35.388], [147.68, -35.779], [147.062, -35.758], [146.213, -36.55], [144.291, -36.161], [143.409, -36.082], [141.988, -35.967], [141.337, -34.926], [140.478, -33.824], [143.293, -32.999]]], "type": "Polygon"}, "properties": {"name": "Wergaia"}}, {"type": "Feature", "geometry": {"coordinates": [[[-62.288, -33.164], [-61.838, -32.498], [-60.061, -32.896], [-58.958, -33.729], [-60.373, -34.56], [-61.098, -34.538], [-62.559, -33.646], [-62.288, -33.164]]], "type": "Polygon"}, "properties": {"name": "Rosario"}}, {"type": "Feature", "geometry": {"coordinates": [[[21.999, -32.482], [24.194, -32.941], [25.45, -34.023], [21.589, -34.363], [21.305, -33.632], [21.792, -32.887], [21.999, -32.482]]], "type": "Polygon"}, "properties": {"name": "Little Karoo"}}, {"type": "Feature", "geometry": {"coordinates": [[[138.333, -32.601], [140.478, -33.824], [141.337, -34.926], [139.725, -36.182], [139.24, -35.757], [139.36, -35.319], [138.273, -35.677], [138.189, -34.153], [137.727, -35.057], [136.831, -35.218], [137.006, -34.922], [137.448, -34.944], [137.888, -33.565], [138.091, -32.91], [138.333, -32.601]]], "type": "Polygon"}, "properties": {"name": "Kaurna"}}, {"type": "Feature", "geometry": {"coordinates": [[[18.291, -33.539], [19.504, -32.773], [21.792, -32.887], [21.305, -33.632], [21.589, -34.363], [20.319, -34.599], [19.572, -34.721], [18.683, -34.164], [18.33, -34.161], [18.291, -33.539]]], "type": "Polygon"}, "properties": {"name": "Cape"}}, {"type": "Feature", "geometry": {"coordinates": [[[-64.883, -33.239], [-62.288, -33.164], [-62.559, -33.646], [-61.098, -34.538], [-62.645, -35.067], [-65.005, -35.164], [-64.883, -33.239]]], "type": "Polygon"}, "properties": {"name": "Pampas"}}, {"type": "Feature", "geometry": {"coordinates": [[[-57.92, -33.453], [-56.677, -33.377], [-56.461, -33.936], [-57.091, -34.722], [-57.532, -34.795], [-58.225, -34.258], [-58.224, -33.956], [-58.224, -33.863], [-57.92, -33.453]]], "type": "Polygon"}, "properties": {"name": "Colonia"}}, {"type": "Feature", "geometry": {"coordinates": [[[-56.461, -33.936], [-54.958, -33.365], [-54.504, -34.913], [-56.107, -35.115], [-57.091, -34.722], [-56.461, -33.936]]], "type": "Polygon"}, "properties": {"name": "Montevideo"}}, {"type": "Feature", "geometry": {"coordinates": [[[-58.958, -33.729], [-58.474, -33.826], [-58.224, -33.956], [-58.225, -34.258], [-57.174, -35.412], [-57.239, -36.024], [-57.163, -36.392], [-57.525, -36.354], [-60.373, -34.56], [-58.958, -33.729]]], "type": "Polygon"}, "properties": {"name": "Rio de la Plata"}}, {"type": "Feature", "geometry": {"coordinates": [[[172.818, -34.405], [173.331, -34.916], [174.451, -35.505], [174.551, -36.104], [174.716, -36.454], [174.513, -36.661], [174.313, -36.294], [174.005, -36.327], [173.499, -35.519], [172.818, -34.405]]], "type": "Polygon"}, "properties": {"name": "Whangarei"}}, {"type": "Feature", "geometry": {"coordinates": [[[-61.098, -34.538], [-60.373, -34.56], [-57.525, -36.354], [-58.496, -36.863], [-61.031, -36.199], [-62.645, -35.067], [-61.098, -34.538]]], "type": "Polygon"}, "properties": {"name": "Querandi"}}, {"type": "Feature", "geometry": {"coordinates": [[[149.357, -34.509], [150.751, -34.873], [149.938, -36.596], [149.758, -37.473], [147.459, -37.942], [146.213, -36.55], [147.062, -35.758], [147.68, -35.779], [148.212, -35.388], [149.357, -34.509]]], "type": "Polygon"}, "properties": {"name": "Yuin"}}, {"type": "Feature", "geometry": {"coordinates": [[[-70.611, -35.864], [-70.23, -34.577], [-69.173, -35.07], [-68.953, -35.416], [-67.673, -35.258], [-68.613, -37.054], [-68.301, -37.332], [-68.933, -37.65], [-71.338, -36.974], [-70.611, -35.864]]], "type": "Polygon"}, "properties": {"name": "Chiquiyami"}}, {"type": "Feature", "geometry": {"coordinates": [[[139.725, -36.182], [141.337, -34.926], [141.988, -35.967], [143.409, -36.082], [143.469, -37.137], [144.562, -37.788], [144.543, -37.991], [144.679, -38.121], [143.568, -38.663], [141.467, -38.172], [139.748, -37.155], [139.725, -36.182]]], "type": "Polygon"}, "properties": {"name": "Gunditjmara"}}, {"type": "Feature", "geometry": {"coordinates": [[[-67.673, -35.258], [-66.063, -35.15], [-65.438, -35.152], [-66.151, -36.789], [-66.554, -36.873], [-68.301, -37.332], [-68.613, -37.054], [-67.673, -35.258]]], "type": "Polygon"}, "properties": {"name": "Chanar"}}, {"type": "Feature", "geometry": {"coordinates": [[[-65.438, -35.152], [-65.005, -35.164], [-62.645, -35.067], [-61.031, -36.199], [-62.806, -36.854], [-62.565, -37.844], [-63.276, -37.974], [-64.875, -37.525], [-66.554, -36.873], [-66.151, -36.789], [-65.438, -35.152]]], "type": "Polygon"}, "properties": {"name": "Salinas Grande"}}, {"type": "Feature", "geometry": {"coordinates": [[[-72.157, -35.253], [-70.611, -35.864], [-71.338, -36.974], [-70.84, -38.47], [-71.337, -38.659], [-72.185, -37.96], [-73.198, -37.269], [-72.157, -35.253]]], "type": "Polygon"}, "properties": {"name": "Huillimapu"}}, {"type": "Feature", "geometry": {"coordinates": [[[136.506, -35.885], [137.578, -35.624], [138.114, -35.842], [136.506, -35.885]]], "type": "Polygon"}, "properties": {"name": "Kaurna"}}, {"type": "Feature", "geometry": {"coordinates": [[[143.409, -36.082], [144.291, -36.161], [146.213, -36.55], [147.459, -37.942], [147.212, -38.249], [145.461, -38.49], [145.441, -38.144], [144.874, -38.366], [145.047, -37.816], [144.562, -37.788], [143.469, -37.137], [143.409, -36.082]]], "type": "Polygon"}, "properties": {"name": "Woiworung"}}, {"type": "Feature", "geometry": {"coordinates": [[[-62.806, -36.854], [-61.031, -36.199], [-58.496, -36.863], [-58.713, -37.325], [-61.002, -37.91], [-62.565, -37.844], [-62.806, -36.854]]], "type": "Polygon"}, "properties": {"name": "Olavarria"}}, {"type": "Feature", "geometry": {"coordinates": [[[-57.525, -36.354], [-57.163, -36.392], [-56.749, -36.449], [-58.729, -38.44], [-60.345, -38.746], [-61.011, -38.648], [-60.88, -38.674], [-61.002, -37.91], [-58.713, -37.325], [-58.496, -36.863], [-57.525, -36.354]]], "type": "Polygon"}, "properties": {"name": "Serranos"}}, {"type": "Feature", "geometry": {"coordinates": [[[174.513, -36.661], [174.716, -36.454], [175.553, -37.265], [175.51, -36.564], [175.967, -37.637], [175.354, -38.707], [174.742, -38.783], [174.577, -37.09], [174.513, -36.661]]], "type": "Polygon"}, "properties": {"name": "Kirikiriroa"}}, {"type": "Feature", "geometry": {"coordinates": [[[-68.301, -37.332], [-66.554, -36.873], [-64.875, -37.525], [-63.276, -37.974], [-64.182, -39.531], [-65.386, -39.297], [-67.622, -38.665], [-68.933, -37.65], [-68.301, -37.332]]], "type": "Polygon"}, "properties": {"name": "Rio Negro"}}, {"type": "Feature", "geometry": {"coordinates": [[[-71.338, -36.974], [-68.933, -37.65], [-67.622, -38.665], [-68.986, -39.174], [-71.467, -39.515], [-71.337, -38.659], [-70.84, -38.47], [-71.338, -36.974]]], "type": "Polygon"}, "properties": {"name": "Pehuenmapu"}}, {"type": "Feature", "geometry": {"coordinates": [[[-73.619, -37.213], [-73.198, -37.269], [-72.185, -37.96], [-71.337, -38.659], [-71.467, -39.515], [-71.637, -41.925], [-72.584, -42.126], [-72.914, -41.74], [-73.159, -42.171], [-73.524, -42.142], [-73.726, -41.094], [-73.263, -39.963], [-73.389, -38.393], [-73.619, -37.213]]], "type": "Polygon"}, "properties": {"name": "Chiloe"}}, {"type": "Feature", "geometry": {"coordinates": [[[177.427, -38.022], [178.449, -37.696], [177.897, -38.719], [176.214, -38.997], [175.703, -39.758], [175.354, -38.707], [175.967, -37.637], [177.427, -38.022]]], "type": "Polygon"}, "properties": {"name": "Wairoa"}}, {"type": "Feature", "geometry": {"coordinates": [[[-63.276, -37.974], [-62.565, -37.844], [-61.002, -37.91], [-60.88, -38.674], [-61.011, -38.648], [-61.518, -38.545], [-62.002, -40.018], [-63.592, -41.069], [-63.418, -40.351], [-64.182, -39.531], [-63.276, -37.974]]], "type": "Polygon"}, "properties": {"name": "Carmen"}}, {"type": "Feature", "geometry": {"coordinates": [[[-68.986, -39.174], [-67.622, -38.665], [-65.386, -39.297], [-66.146, -41.473], [-66.423, -41.937], [-67.246, -42.322], [-68.154, -41.675], [-69.326, -40.85], [-68.581, -39.703], [-68.986, -39.174]]], "type": "Polygon"}, "properties": {"name": "Tehuelmapu"}}, {"type": "Feature", "geometry": {"coordinates": [[[173.82, -39.129], [174.742, -38.783], [175.354, -38.707], [175.703, -39.758], [175.073, -41.289], [174.776, -41.125], [175.281, -40.237], [173.82, -39.129]]], "type": "Polygon"}, "properties": {"name": "Taranaki"}}, {"type": "Feature", "geometry": {"coordinates": [[[176.214, -38.997], [177.897, -38.719], [177.961, -38.994], [177, -39.269], [175.35, -41.58], [175.073, -41.289], [175.703, -39.758], [176.214, -38.997]]], "type": "Polygon"}, "properties": {"name": "Ahuriri"}}, {"type": "Feature", "geometry": {"coordinates": [[[-71.467, -39.515], [-68.986, -39.174], [-68.581, -39.703], [-69.326, -40.85], [-71.457, -42.362], [-71.637, -41.925], [-71.467, -39.515]]], "type": "Polygon"}, "properties": {"name": "Poya"}}, {"type": "Feature", "geometry": {"coordinates": [[[-65.386, -39.297], [-64.182, -39.531], [-63.418, -40.351], [-63.592, -41.069], [-64.775, -40.929], [-64.938, -41.63], [-65.42, -41.816], [-66.146, -41.473], [-65.386, -39.297]]], "type": "Polygon"}, "properties": {"name": "Bahia Blanca"}}, {"type": "Feature", "geometry": {"coordinates": [[[172.416, -40.579], [173.12, -41.308], [174.224, -41.011], [174.122, -41.425], [174.276, -41.742], [172.907, -43.17], [173.218, -43.803], [172.518, -43.77], [172.19, -43.919], [170.926, -43.386], [171.389, -42.94], [170.949, -42.852], [171.812, -41.641], [172.416, -40.579]]], "type": "Polygon"}, "properties": {"name": "Waitaha"}}, {"type": "Feature", "geometry": {"coordinates": [[[144.607, -40.681], [146.381, -41.152], [148.228, -40.777], [148.039, -42.114], [147.943, -42.754], [146.828, -43.623], [145.221, -42.518], [145.211, -42.007], [144.607, -40.681]]], "type": "Polygon"}, "properties": {"name": "Paredarerme"}}, {"type": "Feature", "geometry": {"coordinates": [[[-69.326, -40.85], [-68.154, -41.675], [-67.246, -42.322], [-66.423, -41.937], [-66.808, -43.091], [-68.322, -44.322], [-70.122, -44.154], [-71.519, -44.007], [-71.833, -42.443], [-71.457, -42.362], [-69.326, -40.85]]], "type": "Polygon"}, "properties": {"name": "Chubut"}}, {"type": "Feature", "geometry": {"coordinates": [[[-66.423, -41.937], [-66.146, -41.473], [-65.42, -41.816], [-64.938, -41.63], [-64.876, -42.683], [-65.015, -43.468], [-65.865, -44.516], [-66.604, -45.364], [-67.467, -46.171], [-67.522, -46.134], [-69.278, -45.698], [-68.322, -44.322], [-66.808, -43.091], [-66.423, -41.937]]], "type": "Polygon"}, "properties": {"name": "Rawson"}}, {"type": "Feature", "geometry": {"coordinates": [[[-72.584, -42.126], [-71.637, -41.925], [-71.457, -42.362], [-71.833, -42.443], [-71.519, -44.007], [-71.53, -44.943], [-71.846, -45.306], [-71.742, -45.823], [-72.109, -47.233], [-72.48, -46.973], [-74.039, -46.966], [-74.091, -46.968], [-74.906, -46.452], [-75.143, -46.591], [-75.273, -46.416], [-74.415, -45.832], [-73.861, -46.581], [-73.396, -45.651], [-72.739, -44.875], [-73.439, -45.229], [-73.063, -43.809], [-72.758, -43.625], [-72.684, -42.18], [-72.584, -42.126]]], "type": "Polygon"}, "properties": {"name": "Aysen"}}, {"type": "Feature", "geometry": {"coordinates": [[[169.889, -43.443], [170.949, -42.852], [171.389, -42.94], [170.926, -43.386], [172.19, -43.919], [171.235, -44.613], [169.709, -46.454], [169.355, -45.426], [168.583, -45.465], [168.078, -44.388], [169.889, -43.443]]], "type": "Polygon"}, "properties": {"name": "Timaru"}}, {"type": "Feature", "geometry": {"coordinates": [[[-71.519, -44.007], [-70.122, -44.154], [-68.322, -44.322], [-69.278, -45.698], [-69.392, -48.314], [-71.764, -48.034], [-72.483, -47.914], [-72.109, -47.233], [-71.742, -45.823], [-71.846, -45.306], [-71.53, -44.943], [-71.519, -44.007]]], "type": "Polygon"}, "properties": {"name": "Teush"}}, {"type": "Feature", "geometry": {"coordinates": [[[167.277, -44.912], [168.078, -44.388], [168.583, -45.465], [169.355, -45.426], [169.709, -46.454], [169.766, -46.528], [168.229, -46.421], [166.852, -46.27], [166.778, -45.645], [167.277, -44.912]]], "type": "Polygon"}, "properties": {"name": "Aorangi"}}, {"type": "Feature", "geometry": {"coordinates": [[[-69.392, -48.314], [-69.278, -45.698], [-67.522, -46.134], [-67.25, -46.79], [-65.806, -47.177], [-66.424, -48.191], [-67.934, -48.997], [-69.392, -48.314]]], "type": "Polygon"}, "properties": {"name": "Comodoro Rivadavia"}}, {"type": "Feature", "geometry": {"coordinates": [[[-74.039, -46.966], [-72.48, -46.973], [-72.109, -47.233], [-72.483, -47.914], [-73.291, -49.143], [-73.016, -50.164], [-72.308, -50.124], [-72.061, -51.499], [-69.772, -51.627], [-69.858, -51.977], [-69.969, -51.951], [-71.311, -51.936], [-71.774, -53.082], [-72.181, -53.151], [-72.078, -53.418], [-72.032, -53.91], [-72.135, -53.862], [-72.313, -53.613], [-72.771, -53.636], [-72.885, -53.331], [-72.443, -53.324], [-72.84, -52.559], [-71.709, -51.994], [-73.25, -52.246], [-73.201, -51.924], [-72.169, -51.749], [-73.009, -51.545], [-73.597, -52.056], [-73.55, -51.649], [-73.802, -51.354], [-74.066, -49.83], [-74.166, -49.533], [-74.362, -49.115], [-73.926, -49.153], [-74.063, -48.817], [-74.209, -48.384], [-74.206, -48.375], [-74.12, -47.841], [-74.228, -47.634], [-73.431, -47.816], [-74.321, -47.523], [-74.039, -46.966]]], "type": "Polygon"}, "properties": {"name": "Patagonia Occidental"}}, {"type": "Feature", "geometry": {"coordinates": [[[-72.483, -47.914], [-71.764, -48.034], [-69.392, -48.314], [-67.934, -48.997], [-68.452, -50.193], [-69.508, -50.773], [-69.069, -51.865], [-69.772, -51.627], [-72.061, -51.499], [-72.308, -50.124], [-73.016, -50.164], [-73.291, -49.143], [-72.483, -47.914]]], "type": "Polygon"}, "properties": {"name": "Patagonia Oriental"}}, {"type": "Feature", "geometry": {"coordinates": [[[-59.511, -50.613], [-59.063, -50.959], [-59.600830078125, -52.442617871207226], [-60.50170898437499, -52.32191088594772], [-61.435546875, -51.82219818336939], [-61.19384765625, -51.027576337802415], [-60.101, -50.925], [-59.511, -50.613]]], "type": "Polygon"}, "properties": {"name": "Falklands"}}, {"type": "Feature", "geometry": {"coordinates": [[[-59.58984374999999, -52.44931414086968], [-59.34265136718751, -51.71001238595861], [-59.04602050781251, -50.965346321637696], [-58.407, -50.969], [-58.184, -51.356], [-58.084, -51.495], [-57.664, -51.414], [-57.538, -51.574], [-58.35937499999999, -52.1469733406447], [-59.58984374999999, -52.44931414086968]]], "type": "Polygon"}, "properties": {"name": "Falklands"}}, {"type": "Feature", "geometry": {"coordinates": [[[-58.071, -51.032], [-57.651, -51.137], [-57.664, -51.414], [-58.084, -51.495], [-58.184, -51.356], [-58.071, -51.032]]], "type": "Polygon"}, "properties": {"name": "Falklands"}}, {"type": "Feature", "geometry": {"coordinates": [[[-71.063, -52.35], [-69.969, -51.951], [-69.858, -51.977], [-69.139, -52.224], [-69.327, -52.763], [-68.321, -53.847], [-66.056, -54.797], [-66.248, -55.138], [-66.678, -55.088], [-67.43, -55.337], [-67.82, -55.036], [-68.375, -55.174], [-67.879, -55.347], [-69.011, -55.327], [-69.169, -54.997], [-69.58, -55.032], [-69.515, -54.612], [-70.36, -54.804], [-70.102, -55.128], [-70.743, -55.514], [-70.638, -54.896], [-71.084, -55.067], [-71.307, -54.774], [-71.205, -54.569], [-72.621, -53.986], [-72.135, -53.862], [-72.032, -53.91], [-71.111, -54.301], [-70.949, -54.157], [-69.859, -54.314], [-70.892, -53.528], [-70.867, -53.262], [-70.124, -53.085], [-70.246, -52.767], [-71.211, -52.761], [-71.063, -52.35]]], "type": "Polygon"}, "properties": {"name": "Tierra del Fuego"}}, {"type": "Feature", "geometry": {"coordinates": [[[-38.923, -54.058], [-36.262, -53.827], [-36.26, -53.853], [-36.193, -54.278], [-35.38, -54.421], [-35.163, -54.254], [-34.218, -55.189], [-34.909, -55.508], [-35.656, -54.948], [-37.636, -54.475], [-38.923, -54.058]]], "type": "Polygon"}, "properties": {"name": "South Georgia"}}, {"type": "Feature", "geometry": {"coordinates": [[[-36.26, -53.853], [-35.598, -54.22], [-35.186, -54.118], [-35.163, -54.254], [-35.38, -54.421], [-36.193, -54.278], [-36.26, -53.853]]], "type": "Polygon"}, "properties": {"name": "South Georgia"}}]}